program_id,school_name,first_name,last_name,title,email,phone,profile_url,source_url,source_name,source_type,verified,last_verified_at,notes
AE_ALBANY_WSOC,Albany,Sade,Ayinde,Head Coach,sthomas-ayinde@albany.edu,(518) 442-3043,,https://ualbanysports.com/sports/womens-soccer/coaches,"Official athletics staff page, read 2026-10-09",official_university,yes,2026-10-09,
AE_ALBANY_WSOC,Albany,Meg,Richardson,Assistant Coach,mtrichardson@albany.edu,(518) 442-3043,,https://ualbanysports.com/sports/womens-soccer/coaches,"Official athletics staff page, read 2026-10-09",official_university,yes,2026-10-09,
AE_ALBANY_WSOC,Albany,Chance,Hendricks,Assistant Coach,chendricks2@albany.edu,(518) 442-3043,,https://ualbanysports.com/sports/womens-soccer/coaches,"Official athletics staff page, read 2026-10-09",official_university,yes,2026-10-09,
AE_BINGHAMTON_WSOC,Binghamton,Neel,Bhattacharjee,Head Women's Soccer Coach,nbhatta@binghamton.edu,607-777-6439,,https://binghamtonbearcats.com/sports/womens-soccer/coaches,"Official athletics staff page, read 2026-10-09",official_university,yes,2026-10-09,
AE_BINGHAMTON_WSOC,Binghamton,Chris,Hall,"Associate Head Women's Soccer Coach, Recruiting Coordinator",chall11@binghamton.edu,607-777-6185,,https://binghamtonbearcats.com/sports/womens-soccer/coaches,"Official athletics staff page, read 2026-10-09",official_university,yes,2026-10-09,
AE_BINGHAMTON_WSOC,Binghamton,Kelly,Severini,Assistant Women's Soccer Coach,kseverini@binghamton.edu,607-777-6185,,https://binghamtonbearcats.com/sports/womens-soccer/coaches,"Official athletics staff page, read 2026-10-09",official_university,yes,2026-10-09,
AE_BRYANT_WSOC,Bryant,Andy,Biggs,Head Coach,abiggs@bryant.edu,401-232-6511,,https://bryantbulldogs.com/sports/womens-soccer/coaches,"Official athletics staff page, read 2026-10-09",official_university,yes,2026-10-09,
AE_BRYANT_WSOC,Bryant,Lauren,Lukis,Assistant Coach,llukis@bryant.edu,,,https://bryantbulldogs.com/sports/womens-soccer/coaches,"Official athletics staff page, read 2026-10-09",official_university,yes,2026-10-09,
AE_BRYANT_WSOC,Bryant,Brian,Linnehan,Assistant Coach,blinnehan@bryant.edu,,,https://bryantbulldogs.com/sports/womens-soccer/coaches,"Official athletics staff page, read 2026-10-09",official_university,yes,2026-10-09,
AE_MAINE_WSOC,Maine,Scott,Atherley,Head Coach,atherley@maine.edu,207-581-3050,,https://goblackbears.com/sports/womens-soccer/coaches,"Official athletics staff page, read 2026-10-09",official_university,yes,2026-10-09,
AE_MAINE_WSOC,Maine,Alexis,Smith,Associate Head Coach,alexis.portia@maine.edu,,,https://goblackbears.com/sports/womens-soccer/coaches,"Official athletics staff page, read 2026-10-09",official_university,yes,2026-10-09,
AE_MAINE_WSOC,Maine,Tiana,Bucknor,Assistant Coach,tiana.bucknor@maine.edu,,,https://goblackbears.com/sports/womens-soccer/coaches,"Official athletics staff page, read 2026-10-09",official_university,yes,2026-10-09,
AE_NEW_HAMPSHIRE_WSOC,New Hampshire,Steve,Welham,Head Coach,steve.welham@unh.edu,603-862-3822,,https://unhwildcats.com/sports/womens-soccer/coaches,"Official athletics staff page, read 2026-10-09",official_university,yes,2026-10-09,
AE_NEW_HAMPSHIRE_WSOC,New Hampshire,Jessica,Nei,Assistant Coach,jessica.nei@unh.edu,,,https://unhwildcats.com/sports/womens-soccer/coaches,"Official athletics staff page, read 2026-10-09",official_university,yes,2026-10-09,
AE_NEW_HAMPSHIRE_WSOC,New Hampshire,Stuart,Horne,Assistant Coach,stu.horne@unh.edu,603-862-0744,,https://unhwildcats.com/sports/womens-soccer/coaches,"Official athletics staff page, read 2026-10-09",official_university,yes,2026-10-09,
AE_NEW_HAMPSHIRE_WSOC,New Hampshire,Josh,Needle,Assistant Coach,,,,https://unhwildcats.com/sports/womens-soccer/coaches,"Official athletics staff page, read 2026-10-09",official_university,yes,2026-10-09,
AE_NEW_HAMPSHIRE_WSOC,New Hampshire,Lauren,Walker,Student Coach/Manager,,,,https://unhwildcats.com/sports/womens-soccer/coaches,"Official athletics staff page, read 2026-10-09",official_university,yes,2026-10-09,
AE_NJIT_WSOC,NJIT,Ally,Nick,Head Coach,nick@njit.edu,973-596-2928,,https://njithighlanders.com/sports/womens-soccer/coaches,"Official athletics staff page, read 2026-10-09",official_university,yes,2026-10-09,
AE_NJIT_WSOC,NJIT,Ariana,Ruela,Assistant Coach,ariana.ruela@njit.edu,973-596-8428,,https://njithighlanders.com/sports/womens-soccer/coaches,"Official athletics staff page, read 2026-10-09",official_university,yes,2026-10-09,
AE_NJIT_WSOC,NJIT,Katie,Clarke,Assistant Coach,katie.clarke@njit.edu,,,https://njithighlanders.com/sports/womens-soccer/coaches,"Official athletics staff page, read 2026-10-09",official_university,yes,2026-10-09,
AE_NJIT_WSOC,NJIT,Abbie,Roberts,Volunteer Assistant Coach,,,,https://njithighlanders.com/sports/womens-soccer/coaches,"Official athletics staff page, read 2026-10-09",official_university,yes,2026-10-09,
AE_NJIT_WSOC,NJIT,Joe,Nick,Director of Operations,,,,https://njithighlanders.com/sports/womens-soccer/coaches,"Official athletics staff page, read 2026-10-09",official_university,yes,2026-10-09,
AE_UMASS_LOWELL_WSOC,UMass Lowell,Mira,Novak,Head Coach,miroslav_novak@uml.edu,978-934-2123,,https://goriverhawks.com/sports/womens-soccer/coaches,"Official athletics staff page, read 2026-10-09",official_university,yes,2026-10-09,
AE_UMASS_LOWELL_WSOC,UMass Lowell,James,Thorpe,Associate Head Coach,james_thorpe@uml.edu,978-934-2346,,https://goriverhawks.com/sports/womens-soccer/coaches,"Official athletics staff page, read 2026-10-09",official_university,yes,2026-10-09,
AE_UMASS_LOWELL_WSOC,UMass Lowell,Victoria,Vargas,Assistant Coach,victoria_vargas@uml.edu,978-934-5138,,https://goriverhawks.com/sports/womens-soccer/coaches,"Official athletics staff page, read 2026-10-09",official_university,yes,2026-10-09,
AE_UMBC_WSOC,UMBC,Rick,Stainton,Head Coach,rrstaint@umbc.edu,,,https://umbcretrievers.com/sports/womens-soccer/coaches,"Official athletics staff page, read 2026-10-09",official_university,yes,2026-10-09,
AE_UMBC_WSOC,UMBC,James,Le,Assistant Women's Soccer Coach/Recruiting Coordinator,jle@umbc.edu,,,https://umbcretrievers.com/sports/womens-soccer/coaches,"Official athletics staff page, read 2026-10-09",official_university,yes,2026-10-09,
AE_UMBC_WSOC,UMBC,Kylee,Altland,Assistant Coach,kyalt@umbc.edu,,,https://umbcretrievers.com/sports/womens-soccer/coaches,"Official athletics staff page, read 2026-10-09",official_university,yes,2026-10-09,
AE_UMBC_WSOC,UMBC,Brenden,LeMaster,Assistant Coach,,,,https://umbcretrievers.com/sports/womens-soccer/coaches,"Official athletics staff page, read 2026-10-09",official_university,yes,2026-10-09,
AE_UMBC_WSOC,UMBC,Sarah,Leupen,Faculty Liaison Honorary Coach,,,,https://umbcretrievers.com/sports/womens-soccer/coaches,"Official athletics staff page, read 2026-10-09",official_university,yes,2026-10-09,
AE_VERMONT_WSOC,Vermont,Kristi,Huizenga,Head Coach,kristi.lefebvre@uvm.edu,802-656-7873,,https://uvmathletics.com/sports/womens-soccer/coaches,"Official athletics staff page, read 2026-10-09",official_university,yes,2026-10-09,
AE_VERMONT_WSOC,Vermont,Michael,Skelton,Associate Head Coach,michael.skelton@uvm.edu,,,https://uvmathletics.com/sports/womens-soccer/coaches,"Official athletics staff page, read 2026-10-09",official_university,yes,2026-10-09,
AE_VERMONT_WSOC,Vermont,Mack,Kingman,Assistant Coach,mackenzie.kingman@uvm.edu,,,https://uvmathletics.com/sports/womens-soccer/coaches,"Official athletics staff page, read 2026-10-09",official_university,yes,2026-10-09,
AE_VERMONT_WSOC,Vermont,Joey,Cipicchio,Assistant Coach - Goalkeepers,,,,https://uvmathletics.com/sports/womens-soccer/coaches,"Official athletics staff page, read 2026-10-09",official_university,yes,2026-10-09,
AAC_CHARLOTTE_WSOC,Charlotte,Sinead,Byrne,Head Coach,ninerwsoc@charlotte.edu,,,https://charlotte49ers.com/sports/womens-soccer/coaches,"Official athletics staff page, read 2026-10-09",official_university,yes,2026-10-09,
AAC_CHARLOTTE_WSOC,Charlotte,Erika,Yohn,Assistant Coach,ninerwsoc@charlotte.edu,,,https://charlotte49ers.com/sports/womens-soccer/coaches,"Official athletics staff page, read 2026-10-09",official_university,yes,2026-10-09,
AAC_CHARLOTTE_WSOC,Charlotte,Allison,Mack,Assistant Coach,,,,https://charlotte49ers.com/sports/womens-soccer/coaches,"Official athletics staff page, read 2026-10-09",official_university,yes,2026-10-09,
AAC_CHARLOTTE_WSOC,Charlotte,Gage,Peffer,Director - Operations,,,,https://charlotte49ers.com/sports/womens-soccer/coaches,"Official athletics staff page, read 2026-10-09",official_university,yes,2026-10-09,
AAC_EAST_CAROLINA_WSOC,East Carolina,Emily,Buccilla,Head Coach,buccillae18@ecu.edu,(252) 737-1429,,https://ecupirates.com/sports/womens-soccer/coaches,"Official athletics staff page, read 2026-10-09",official_university,yes,2026-10-09,
AAC_EAST_CAROLINA_WSOC,East Carolina,Jake,Dowiak,Assistant Coach,dowiakj25@ecu.edu,,,https://ecupirates.com/sports/womens-soccer/coaches,"Official athletics staff page, read 2026-10-09",official_university,yes,2026-10-09,
AAC_EAST_CAROLINA_WSOC,East Carolina,Sydney,Hall,Assistant Coach,hallsy23@ecu.edu,,,https://ecupirates.com/sports/womens-soccer/coaches,"Official athletics staff page, read 2026-10-09",official_university,yes,2026-10-09,
AAC_EAST_CAROLINA_WSOC,East Carolina,Carter,Sadin,Assistant Coach,sadinc25@ecu.edu,,,https://ecupirates.com/sports/womens-soccer/coaches,"Official athletics staff page, read 2026-10-09",official_university,yes,2026-10-09,
AAC_FLORIDA_ATLANTIC_WSOC,Florida Atlantic,Patrick,Baker,Head Coach,bakerp@fau.edu,,,https://fausports.com/sports/womens-soccer/coaches,"Official athletics staff page, read 2026-10-09",official_university,yes,2026-10-09,
AAC_FLORIDA_ATLANTIC_WSOC,Florida Atlantic,Kat,Cunningham,Assistant Coach,kcunningham2024@fau.edu,,,https://fausports.com/sports/womens-soccer/coaches,"Official athletics staff page, read 2026-10-09",official_university,yes,2026-10-09,
AAC_FLORIDA_ATLANTIC_WSOC,Florida Atlantic,Charles,Mueller,Assistant Coach,muellerc@fau.edu,,,https://fausports.com/sports/womens-soccer/coaches,"Official athletics staff page, read 2026-10-09",official_university,yes,2026-10-09,
AAC_MEMPHIS_WSOC,Memphis,Brooks,Monaghan,Head Women's Coach,bmonaghn@memphis.edu,901-678-3427,,https://gotigersgo.com/sports/womens-soccer/coaches,"Official athletics staff page, read 2026-10-09",official_university,yes,2026-10-09,
AAC_MEMPHIS_WSOC,Memphis,Jonny,Walker,Associate Head Women's Coach,jcwlker2@memphis.edu,901-678-5732,,https://gotigersgo.com/sports/womens-soccer/coaches,"Official athletics staff page, read 2026-10-09",official_university,yes,2026-10-09,
AAC_MEMPHIS_WSOC,Memphis,Brianne,Casey,Associate Head Coach (Recruiting Coordinator),bcasey1@memphis.edu,,,https://gotigersgo.com/sports/womens-soccer/coaches,"Official athletics staff page, read 2026-10-09",official_university,yes,2026-10-09,
AAC_MEMPHIS_WSOC,Memphis,Ted,Bartels,Assistant Coach,,,,https://gotigersgo.com/sports/womens-soccer/coaches,"Official athletics staff page, read 2026-10-09",official_university,yes,2026-10-09,
AAC_NORTH_TEXAS_WSOC,North Texas,John,Hedlund,Head Coach,john.hedlund@unt.edu,940-565-3669,,https://meangreensports.com/sports/womens-soccer/coaches,"Official athletics staff page, read 2026-10-09",official_university,yes,2026-10-09,
AAC_NORTH_TEXAS_WSOC,North Texas,Dejan,Milosevic,Assistant Coach,dejan.milosevic@unt.edu,,,https://meangreensports.com/sports/womens-soccer/coaches,"Official athletics staff page, read 2026-10-09",official_university,yes,2026-10-09,
AAC_NORTH_TEXAS_WSOC,North Texas,Neal,Ozmun,Assistant Coach/Recruiting Coordinator,neal.ozmun@unt.edu,,,https://meangreensports.com/sports/womens-soccer/coaches,"Official athletics staff page, read 2026-10-09",official_university,yes,2026-10-09,
AAC_NORTH_TEXAS_WSOC,North Texas,JJ,Sissen,Assistant Coach,john.sissen@unt.edu,,,https://meangreensports.com/sports/womens-soccer/coaches,"Official athletics staff page, read 2026-10-09",official_university,yes,2026-10-09,
AAC_RICE_WSOC,Rice,Brian,Lee,Head Coach,bgl1@rice.edu,,,https://riceowls.com/sports/womens-soccer/coaches,"Official athletics staff page, read 2026-10-09",official_university,yes,2026-10-09,
AAC_RICE_WSOC,Rice,Genessee,Puntigam,Assistant Coach,gp60@rice.edu,,,https://riceowls.com/sports/womens-soccer/coaches,"Official athletics staff page, read 2026-10-09",official_university,yes,2026-10-09,
AAC_RICE_WSOC,Rice,Bella,Killgore,Assistant Coach,ick1@rice.edu,,,https://riceowls.com/sports/womens-soccer/coaches,"Official athletics staff page, read 2026-10-09",official_university,yes,2026-10-09,
AAC_RICE_WSOC,Rice,Braxton,Newman,Director of Operations,bn27@rice.edu,,,https://riceowls.com/sports/womens-soccer/coaches,"Official athletics staff page, read 2026-10-09",official_university,yes,2026-10-09,
AAC_RICE_WSOC,Rice,Jane,Campbell,Volunteer Coach,,,,https://riceowls.com/sports/womens-soccer/coaches,"Official athletics staff page, read 2026-10-09",official_university,yes,2026-10-09,
AAC_SOUTH_FLORIDA_WSOC,South Florida,Chris,Brown,Head Coach,chrisbrown@usf.edu,(813) 974-3317,,https://gousfbulls.com/sports/womens-soccer/coaches,"Official athletics staff page, read 2026-10-09",official_university,yes,2026-10-09,
AAC_SOUTH_FLORIDA_WSOC,South Florida,Ashley,Meade,Assistant Coach,ashleymeade@usf.edu,,,https://gousfbulls.com/sports/womens-soccer/coaches,"Official athletics staff page, read 2026-10-09",official_university,yes,2026-10-09,
AAC_SOUTH_FLORIDA_WSOC,South Florida,Jennifer,Wandt,Assistant Coach/Goalkeeper Coach,jwandt@usf.edu,,,https://gousfbulls.com/sports/womens-soccer/coaches,"Official athletics staff page, read 2026-10-09",official_university,yes,2026-10-09,
AAC_SOUTH_FLORIDA_WSOC,South Florida,Steve,Golas,Assistant Coach,golas@usf.edu,,,https://gousfbulls.com/sports/womens-soccer/coaches,"Official athletics staff page, read 2026-10-09",official_university,yes,2026-10-09,
AAC_SOUTH_FLORIDA_WSOC,South Florida,Daniela,Andrade,Director of Operations,,,,https://gousfbulls.com/sports/womens-soccer/coaches,"Official athletics staff page, read 2026-10-09",official_university,yes,2026-10-09,
AAC_TEMPLE_WSOC,Temple,Chris,Shaw,Head Coach,shaw@temple.edu,919-208-8515,,https://owlsports.com/sports/womens-soccer/coaches,"Official athletics staff page, read 2026-10-09",official_university,yes,2026-10-09,
AAC_TEMPLE_WSOC,Temple,Kenie,Wright,Assistant Coach,kenie.wright@temple.edu,,,https://owlsports.com/sports/womens-soccer/coaches,"Official athletics staff page, read 2026-10-09",official_university,yes,2026-10-09,
AAC_TEMPLE_WSOC,Temple,Adrian,Blewitt,Assistant Coach,adrian.blewitt@temple.edu,,,https://owlsports.com/sports/womens-soccer/coaches,"Official athletics staff page, read 2026-10-09",official_university,yes,2026-10-09,
AAC_TEMPLE_WSOC,Temple,Ludvig,Wille,Graduate Assistant Goalkeepers Coach,,,,https://owlsports.com/sports/womens-soccer/coaches,"Official athletics staff page, read 2026-10-09",official_university,yes,2026-10-09,
AAC_TULSA_WSOC,Tulsa,Jim,Rhein,Head Coach,jim-rhein@utulsa.edu,918.237.5485,,https://tulsahurricane.com/sports/womens-soccer/coaches,"Official athletics staff page, read 2026-10-09",official_university,yes,2026-10-09,
AAC_TULSA_WSOC,Tulsa,Jo,Johnson,Associate Head Coach,,,,https://tulsahurricane.com/sports/womens-soccer/coaches,"Official athletics staff page, read 2026-10-09",official_university,yes,2026-10-09,
AAC_TULSA_WSOC,Tulsa,Dan,Williams,Assistant Coach/Recruiting Coordinator,daw6663@utulsa.edu,,,https://tulsahurricane.com/sports/womens-soccer/coaches,"Official athletics staff page, read 2026-10-09",official_university,yes,2026-10-09,
AAC_TULSA_WSOC,Tulsa,Kaylee Dao,Rodriguez,Volunteer Assistant,,,,https://tulsahurricane.com/sports/womens-soccer/coaches,"Official athletics staff page, read 2026-10-09",official_university,yes,2026-10-09,
AAC_UAB_WSOC,UAB,Mark,Hiller,Interim Head Coach,mjhiller@uab.edu,,,https://uabsports.com/sports/womens-soccer/coaches,"Official athletics staff page, read 2026-10-09",official_university,yes,2026-10-09,
AAC_UAB_WSOC,UAB,Lucas,Costa,Assistant Coach,costalm@uab.edu,,,https://uabsports.com/sports/womens-soccer/coaches,"Official athletics staff page, read 2026-10-09",official_university,yes,2026-10-09,
AAC_UTSA_WSOC,UTSA,Derek,Pittman,Head Coach,,,,https://goutsa.com/sports/soccer/roster,"Official athletics staff page, read 2026-10-09",official_university,yes,2026-10-09,
AAC_UTSA_WSOC,UTSA,Scott,Sinclair,Assistant Coach (Recruiting Coordinator),,,,https://goutsa.com/sports/soccer/roster,"Official athletics staff page, read 2026-10-09",official_university,yes,2026-10-09,
AAC_UTSA_WSOC,UTSA,Colleen,Pitts,Assistant Coach (Goalkeepers Coach),,,,https://goutsa.com/sports/soccer/roster,"Official athletics staff page, read 2026-10-09",official_university,yes,2026-10-09,
A10_DAVIDSON_WSOC,Davidson,Riley,Piechnick,Head Coach,ripiechnick@davidson.edu,,,https://davidsonwildcats.com/sports/womens-soccer/coaches,"Official athletics staff page, read 2026-10-09",official_university,yes,2026-10-09,
A10_DAVIDSON_WSOC,Davidson,Sophie,McKnight,Assistant Coach,somcknight@davidson.edu,,,https://davidsonwildcats.com/sports/womens-soccer/coaches,"Official athletics staff page, read 2026-10-09",official_university,yes,2026-10-09,
A10_DAVIDSON_WSOC,Davidson,Gus,Savage,Assistant Coach,gusavage@davidson.edu,,,https://davidsonwildcats.com/sports/womens-soccer/coaches,"Official athletics staff page, read 2026-10-09",official_university,yes,2026-10-09,
A10_DAYTON_WSOC,Dayton,Eric,Golz,Head Coach,,(937) 229-4459,,https://daytonflyers.com/sports/womens-soccer/coaches,"Official athletics staff page, read 2026-10-09",official_university,yes,2026-10-09,
A10_DAYTON_WSOC,Dayton,Margaret,Saurin,Assistant Coach,msaurin1@udayton.edu,(937) 229-4544,,https://daytonflyers.com/sports/womens-soccer/coaches,"Official athletics staff page, read 2026-10-09",official_university,yes,2026-10-09,
A10_DAYTON_WSOC,Dayton,Hailee,Fischer,Assistant Coach,hfischer1@udayton.edu,(937) 229-4544,,https://daytonflyers.com/sports/womens-soccer/coaches,"Official athletics staff page, read 2026-10-09",official_university,yes,2026-10-09,
A10_DAYTON_WSOC,Dayton,Women's Soccer,Recruiting,Recruiting,womenssoccerrecruiting@udayton.edu,,,https://daytonflyers.com/sports/womens-soccer/coaches,"Official athletics staff page, read 2026-10-09",official_university,yes,2026-10-09,
A10_DUQUESNE_WSOC,Duquesne,Jessica,Giegucz,Head Coach,gieguczj@duq.edu,412-396-5241,,https://goduquesne.com/sports/womens-soccer/coaches,"Official athletics staff page, read 2026-10-09",official_university,yes,2026-10-09,
A10_DUQUESNE_WSOC,Duquesne,Gabe,Kleinert,Assistant Coach,kleinertg@duq.edu,412-396-5241,,https://goduquesne.com/sports/womens-soccer/coaches,"Official athletics staff page, read 2026-10-09",official_university,yes,2026-10-09,
A10_DUQUESNE_WSOC,Duquesne,Bella,DeFabbo,Assistant Coach,defabboi@duq.edu,412-396-5241,,https://goduquesne.com/sports/womens-soccer/coaches,"Official athletics staff page, read 2026-10-09",official_university,yes,2026-10-09,
A10_FORDHAM_WSOC,Fordham,Magnus,Nilerud,Head Coach,mnilerud@fordham.edu,917-204-3580,,https://fordhamsports.com/sports/womens-soccer/coaches,"Official athletics staff page, read 2026-10-09",official_university,yes,2026-10-09,
A10_FORDHAM_WSOC,Fordham,Shannon,Colligan,Assistant Coach,scolligan@fordham.edu,,,https://fordhamsports.com/sports/womens-soccer/coaches,"Official athletics staff page, read 2026-10-09",official_university,yes,2026-10-09,
A10_FORDHAM_WSOC,Fordham,David,Flower,Assistant Coach,dflower1@fordham.edu,,,https://fordhamsports.com/sports/womens-soccer/coaches,"Official athletics staff page, read 2026-10-09",official_university,yes,2026-10-09,
A10_FORDHAM_WSOC,Fordham,Tom,Newell,Goalkeeper Coach,tnewell1@fordham.edu,,,https://fordhamsports.com/sports/womens-soccer/coaches,"Official athletics staff page, read 2026-10-09",official_university,yes,2026-10-09,
A10_GEORGE_MASON_WSOC,George Mason,Aaron,Brunner,Head Coach,rbrunner@gmu.edu,,,https://gomason.com/sports/womens-soccer/coaches,"Official athletics staff page, read 2026-10-09",official_university,yes,2026-10-09,
A10_GEORGE_MASON_WSOC,George Mason,Emilene,Parham,Assistant Coach,eparham@gmu.edu,,,https://gomason.com/sports/womens-soccer/coaches,"Official athletics staff page, read 2026-10-09",official_university,yes,2026-10-09,
A10_GEORGE_MASON_WSOC,George Mason,Christopher,Harwick,Assistant Coach,charwic@gmu.edu,,,https://gomason.com/sports/womens-soccer/coaches,"Official athletics staff page, read 2026-10-09",official_university,yes,2026-10-09,
A10_GEORGE_MASON_WSOC,George Mason,Owusu,Sekyere,Assistant Coach,fowususe@gmu.edu,,,https://gomason.com/sports/womens-soccer/coaches,"Official athletics staff page, read 2026-10-09",official_university,yes,2026-10-09,
A10_GEORGE_WASHINGTON_WSOC,George Washington,Jeremy,Williams,Head Coach,jwilliams4@gwu.edu,,,https://gwsports.com/sports/womens-soccer/coaches,"Official athletics staff page, read 2026-10-09",official_university,yes,2026-10-09,
A10_GEORGE_WASHINGTON_WSOC,George Washington,Kayley,Sullivan,Assistant Coach,ksulli20@gwu.edu,,,https://gwsports.com/sports/womens-soccer/coaches,"Official athletics staff page, read 2026-10-09",official_university,yes,2026-10-09,
A10_GEORGE_WASHINGTON_WSOC,George Washington,Nick,Benson,Assistant Coach,n.benson@gwu.edu,,,https://gwsports.com/sports/womens-soccer/coaches,"Official athletics staff page, read 2026-10-09",official_university,yes,2026-10-09,
A10_LA_SALLE_WSOC,La Salle,Paul,Royal,Head Coach,royal@lasalle.edu,215-951-1523,,https://goexplorers.com/sports/womens-soccer/coaches,"Official athletics staff page, read 2026-10-09",official_university,yes,2026-10-09,
A10_LA_SALLE_WSOC,La Salle,Courtney,Tole,Associate Head Coach,niemiecc2@lasalle.edu,,,https://goexplorers.com/sports/womens-soccer/coaches,"Official athletics staff page, read 2026-10-09",official_university,yes,2026-10-09,
A10_LA_SALLE_WSOC,La Salle,Matt,Brooks,Assistant Coach,brooksm@lasalle.edu,,,https://goexplorers.com/sports/womens-soccer/coaches,"Official athletics staff page, read 2026-10-09",official_university,yes,2026-10-09,
A10_LOYOLA_CHICAGO_WSOC,Loyola Chicago,Jon,Sandoval,Head Coach,jsandoval11@luc.edu,,,https://loyolaramblers.com/sports/womens-soccer/coaches,"Official athletics staff page, read 2026-10-09",official_university,yes,2026-10-09,
A10_LOYOLA_CHICAGO_WSOC,Loyola Chicago,Brady,Moody,Assistant Coach,bmoody1@luc.edu,,,https://loyolaramblers.com/sports/womens-soccer/coaches,"Official athletics staff page, read 2026-10-09",official_university,yes,2026-10-09,
A10_LOYOLA_CHICAGO_WSOC,Loyola Chicago,Camryn,Hart,Assistant Coach,chart15@luc.edu,,,https://loyolaramblers.com/sports/womens-soccer/coaches,"Official athletics staff page, read 2026-10-09",official_university,yes,2026-10-09,
A10_LOYOLA_CHICAGO_WSOC,Loyola Chicago,Sean,Palacios,Assistant Coach,spalacios1@luc.edu,,,https://loyolaramblers.com/sports/womens-soccer/coaches,"Official athletics staff page, read 2026-10-09",official_university,yes,2026-10-09,
A10_RHODE_ISLAND_WSOC,Rhode Island,Megan,Jessee,Head Coach,megan_jessee@uri.edu,,,https://gorhody.com/sports/womens-soccer/coaches,"Official athletics staff page, read 2026-10-09",official_university,yes,2026-10-09,
A10_RHODE_ISLAND_WSOC,Rhode Island,Megan,Mackey,Assistant Coach,megan.mackey@uri.edu,,,https://gorhody.com/sports/womens-soccer/coaches,"Official athletics staff page, read 2026-10-09",official_university,yes,2026-10-09,
A10_RHODE_ISLAND_WSOC,Rhode Island,Erin,Murphy,Assistant Coach,erin.murphy@uri.edu,,,https://gorhody.com/sports/womens-soccer/coaches,"Official athletics staff page, read 2026-10-09",official_university,yes,2026-10-09,
A10_RICHMOND_WSOC,Richmond,Adam,Denton,Head Coach,adam.denton@richmond.edu,804-287-6013,,https://richmondspiders.com/sports/womens-soccer/coaches,"Official athletics staff page, read 2026-10-09",official_university,yes,2026-10-09,
A10_RICHMOND_WSOC,Richmond,Errin,Stanton,Assistant Coach,errin.stanton@richmond.edu,804-287-6685,,https://richmondspiders.com/sports/womens-soccer/coaches,"Official athletics staff page, read 2026-10-09",official_university,yes,2026-10-09,
A10_RICHMOND_WSOC,Richmond,Jesse,Newton,Assistant Coach,jesse.newton@richmond.edu,804-287-1929,,https://richmondspiders.com/sports/womens-soccer/coaches,"Official athletics staff page, read 2026-10-09",official_university,yes,2026-10-09,
A10_RICHMOND_WSOC,Richmond,Soccer,Recruiting,For all recruiting inquiries:,soccer@richmond.edu,,,https://richmondspiders.com/sports/womens-soccer/coaches,"Official athletics staff page, read 2026-10-09",official_university,yes,2026-10-09,
A10_SAINT_JOSEPH_S_WSOC,Saint Joseph's,Jess,Mannella,Head Coach,jmannell@sju.edu,(610) 660-3367,,https://sjuhawks.com/sports/womens-soccer/coaches,"Official athletics staff page, read 2026-10-09",official_university,yes,2026-10-09,
A10_SAINT_JOSEPH_S_WSOC,Saint Joseph's,Tori,Corsaro,Associate Head Coach,vcorsaro@sju.edu,(610) 660-3367,,https://sjuhawks.com/sports/womens-soccer/coaches,"Official athletics staff page, read 2026-10-09",official_university,yes,2026-10-09,
A10_SAINT_JOSEPH_S_WSOC,Saint Joseph's,Chris,Fehrle,Assistant Coach,,,,https://sjuhawks.com/sports/womens-soccer/coaches,"Official athletics staff page, read 2026-10-09",official_university,yes,2026-10-09,
A10_SAINT_LOUIS_WSOC,Saint Louis,Katie,Shields,Head Coach,katie.shields@slu.edu,314-977-3271,,https://slubillikens.com/sports/womens-soccer/coaches,"Official athletics staff page, read 2026-10-09",official_university,yes,2026-10-09,
A10_SAINT_LOUIS_WSOC,Saint Louis,Megan,Link,Associate Head Coach,megan.link@slu.edu,636-373-0827,,https://slubillikens.com/sports/womens-soccer/coaches,"Official athletics staff page, read 2026-10-09",official_university,yes,2026-10-09,
A10_SAINT_LOUIS_WSOC,Saint Louis,Cal,McKee,Assistant Coach,caleb.mckee@slu.edu,314-422-5035,,https://slubillikens.com/sports/womens-soccer/coaches,"Official athletics staff page, read 2026-10-09",official_university,yes,2026-10-09,
A10_SAINT_LOUIS_WSOC,Saint Louis,Brionna,Halverson,Assistant Coach,brionna.halverson@slu.edu,417-399-6627,,https://slubillikens.com/sports/womens-soccer/coaches,"Official athletics staff page, read 2026-10-09",official_university,yes,2026-10-09,
A10_SAINT_LOUIS_WSOC,Saint Louis,Mary,Niehaus,Director of Operations,mary.niehaus@slu.edu,314-977-2584,,https://slubillikens.com/sports/womens-soccer/coaches,"Official athletics staff page, read 2026-10-09",official_university,yes,2026-10-09,
A10_ST_BONAVENTURE_WSOC,St. Bonaventure,Ray,Leone,Head Women's Soccer Coach,rleone@sbu.edu,716-375-2258,,https://gobonnies.com/sports/womens-soccer/coaches,"Official athletics staff page, read 2026-10-09",official_university,yes,2026-10-09,
A10_ST_BONAVENTURE_WSOC,St. Bonaventure,Ashlyn,O'Shea,Assistant Women's Soccer Coach,aoshea@sbu.edu,716-375-2331,,https://gobonnies.com/sports/womens-soccer/coaches,"Official athletics staff page, read 2026-10-09",official_university,yes,2026-10-09,
A10_ST_BONAVENTURE_WSOC,St. Bonaventure,Maddux,Francis,Men's and Women's Soccer Assistant Coach,mfrancis@sbu.edu,,,https://gobonnies.com/sports/womens-soccer/coaches,"Official athletics staff page, read 2026-10-09",official_university,yes,2026-10-09,
A10_ST_BONAVENTURE_WSOC,St. Bonaventure,Bridget,Kennedy,Women's Soccer Student Assistant Coach,,,,https://gobonnies.com/sports/womens-soccer/coaches,"Official athletics staff page, read 2026-10-09",official_university,yes,2026-10-09,
A10_VCU_WSOC,VCU,Lauryn,Hutchinson,Women's Soccer Head Coach,wsoccer@vcu.edu,,,https://vcuathletics.com/sports/womens-soccer/coaches,"Official athletics staff page, read 2026-10-09",official_university,yes,2026-10-09,
A10_VCU_WSOC,VCU,Matt,Freibaum,Associate Head Coach,wsoccer@vcu.edu,,,https://vcuathletics.com/sports/womens-soccer/coaches,"Official athletics staff page, read 2026-10-09",official_university,yes,2026-10-09,
A10_VCU_WSOC,VCU,Mario Sequeira,Quesada,Assistant Coach,wsoccer@vcu.edu,,,https://vcuathletics.com/sports/womens-soccer/coaches,"Official athletics staff page, read 2026-10-09",official_university,yes,2026-10-09,
A10_VCU_WSOC,VCU,Hannah,Calliott,Volunteer Assistant Coach,,,,https://vcuathletics.com/sports/womens-soccer/coaches,"Official athletics staff page, read 2026-10-09",official_university,yes,2026-10-09,
ACC_BC_WSOC,Boston College,Chris,Watkins,Head Coach,wsoccer@bc.edu,,,https://bceagles.com/sports/womens-soccer/coaches,"Official athletics staff page, read 2026-10-09",official_university,yes,2026-10-09,
ACC_BC_WSOC,Boston College,Andrea,Morrow,Assistant Coach & Recruiting Coordinator,wsoccer@bc.edu,,,https://bceagles.com/sports/womens-soccer/coaches,"Official athletics staff page, read 2026-10-09",official_university,yes,2026-10-09,
ACC_BC_WSOC,Boston College,Grace,Barnard,Assistant Coach,barnardg@bc.edu,,,https://bceagles.com/sports/womens-soccer/coaches,"Official athletics staff page, read 2026-10-09",official_university,yes,2026-10-09,
ACC_BC_WSOC,Boston College,Chase,Compton,Director of Operations,,,,https://bceagles.com/sports/womens-soccer/coaches,"Official athletics staff page, read 2026-10-09",official_university,yes,2026-10-09,
ACC_CAL_WSOC,California,Neil,McGuire,Head Coach,nmcguire@berkeley.edu,,,https://calbears.com/sports/womens-soccer/coaches,"Official athletics staff page, read 2026-10-09",official_university,yes,2026-10-09,
ACC_CAL_WSOC,California,Cori,Callahan,Associate Head Coach,corialexander@berkeley.edu,,,https://calbears.com/sports/womens-soccer/coaches,"Official athletics staff page, read 2026-10-09",official_university,yes,2026-10-09,
ACC_CAL_WSOC,California,Alec,Sundly,Assistant Coach,alec.sundly@berkeley.edu,,,https://calbears.com/sports/womens-soccer/coaches,"Official athletics staff page, read 2026-10-09",official_university,yes,2026-10-09,
ACC_CAL_WSOC,California,Andrew,Donnery,Assistant Coach,,,,https://calbears.com/sports/womens-soccer/coaches,"Official athletics staff page, read 2026-10-09",official_university,yes,2026-10-09,
ACC_CAL_WSOC,California,Ari,Manrique,Player Development & Community Engagement,,,,https://calbears.com/sports/womens-soccer/coaches,"Official athletics staff page, read 2026-10-09",official_university,yes,2026-10-09,
ACC_CLEM_WSOC,Clemson,Eddie,Radwanski,Head Coach,,,,https://clemsontigers.com/sports/womens-soccer/roster,"Official athletics staff page, read 2026-10-09",official_university,yes,2026-10-09,
ACC_CLEM_WSOC,Clemson,Jeff,Robbins,Associate Head Coach,,,,https://clemsontigers.com/sports/womens-soccer/roster,"Official athletics staff page, read 2026-10-09",official_university,yes,2026-10-09,
ACC_CLEM_WSOC,Clemson,Siri,Mullinix,Assistant Coach,,,,https://clemsontigers.com/sports/womens-soccer/roster,"Official athletics staff page, read 2026-10-09",official_university,yes,2026-10-09,
ACC_CLEM_WSOC,Clemson,Maryanne,Kilgore,Assistant Coach,,,,https://clemsontigers.com/sports/womens-soccer/roster,"Official athletics staff page, read 2026-10-09",official_university,yes,2026-10-09,
ACC_CLEM_WSOC,Clemson,Ewan,Seabrook,Director of Operations,,,,https://clemsontigers.com/sports/womens-soccer/roster,"Official athletics staff page, read 2026-10-09",official_university,yes,2026-10-09,
ACC_DUKE_WSOC,Duke,Kieran,Hall,Head Coach,wsoccer@duke.edu,,,https://goduke.com/sports/womens-soccer/coaches,"Official athletics staff page, read 2026-10-09",official_university,yes,2026-10-09,
ACC_DUKE_WSOC,Duke,Carla,Overbeck,Associate Head Coach,wsoccer@duke.edu,,,https://goduke.com/sports/womens-soccer/coaches,"Official athletics staff page, read 2026-10-09",official_university,yes,2026-10-09,
ACC_DUKE_WSOC,Duke,Hanna,Gardner,Assistant Coach,wsoccer@duke.edu,,,https://goduke.com/sports/womens-soccer/coaches,"Official athletics staff page, read 2026-10-09",official_university,yes,2026-10-09,
ACC_DUKE_WSOC,Duke,Evan,Gaffney,Assistant Coach,wsoccer@duke.edu,,,https://goduke.com/sports/womens-soccer/coaches,"Official athletics staff page, read 2026-10-09",official_university,yes,2026-10-09,
ACC_FSU_WSOC,Florida State,Brian,Pensky,Head Coach,bpensky@fsu.edu,,,https://seminoles.com/sports/womens-soccer/coaches,"Official athletics staff page, read 2026-10-09",official_university,yes,2026-10-09,
ACC_FSU_WSOC,Florida State,Micah,Bledsoe,Assistant Coach,mbledsoe@fsu.edu,,,https://seminoles.com/sports/womens-soccer/coaches,"Official athletics staff page, read 2026-10-09",official_university,yes,2026-10-09,
ACC_FSU_WSOC,Florida State,Tyrone,Marshall,Assistant Coach,tm26a@fsu.edu,,,https://seminoles.com/sports/womens-soccer/coaches,"Official athletics staff page, read 2026-10-09",official_university,yes,2026-10-09,
ACC_FSU_WSOC,Florida State,Alex,Thompson,Assistant Coach,athompson5@fsu.edu,,,https://seminoles.com/sports/womens-soccer/coaches,"Official athletics staff page, read 2026-10-09",official_university,yes,2026-10-09,
ACC_LOU_WSOC,Louisville,Hunter,Norton,Head Coach,,,,https://gocards.com/sports/womens-soccer/coaches,"Official athletics staff page, read 2026-10-09",official_university,yes,2026-10-09,
ACC_LOU_WSOC,Louisville,Olivia,Mills,Assistant Coach,,,,https://gocards.com/sports/womens-soccer/coaches,"Official athletics staff page, read 2026-10-09",official_university,yes,2026-10-09,
ACC_LOU_WSOC,Louisville,Mitch,Hepburn,Assistant Coach,,,,https://gocards.com/sports/womens-soccer/coaches,"Official athletics staff page, read 2026-10-09",official_university,yes,2026-10-09,
ACC_LOU_WSOC,Louisville,Jing,Hughley,Director of Operations,,,,https://gocards.com/sports/womens-soccer/coaches,"Official athletics staff page, read 2026-10-09",official_university,yes,2026-10-09,
ACC_NCSU_WSOC,NC State,Gary,Higgins,Head Women's Soccer Coach,grhiggin@ncsu.edu,,,https://gopack.com/sports/womens-soccer/coaches,"Official athletics staff page, read 2026-10-09",official_university,yes,2026-10-09,
ACC_NCSU_WSOC,NC State,Joanna,Fennema,Associate Head Coach,jbfennem@ncsu.edu,,,https://gopack.com/sports/womens-soccer/coaches,"Official athletics staff page, read 2026-10-09",official_university,yes,2026-10-09,
ACC_NCSU_WSOC,NC State,David,Rodriguez,Assistant Coach,darodri2@ncsu.edu,,,https://gopack.com/sports/womens-soccer/coaches,"Official athletics staff page, read 2026-10-09",official_university,yes,2026-10-09,
ACC_NCSU_WSOC,NC State,Juan,Basabe,Assistant Coach,jbasabe@ncsu.edu,,,https://gopack.com/sports/womens-soccer/coaches,"Official athletics staff page, read 2026-10-09",official_university,yes,2026-10-09,
ACC_UNC_WSOC,North Carolina,Damon,Nahas,Head Coach,dnahas@email.unc.edu,919-843-8655,,https://goheels.com/sports/womens-soccer/coaches,"Official athletics staff page, read 2026-10-09",official_university,yes,2026-10-09,
ACC_UNC_WSOC,North Carolina,Chris,Ducar,Assistant Coach/General Manager,ducar@uncaa.unc.edu,919-962-4100,,https://goheels.com/sports/womens-soccer/coaches,"Official athletics staff page, read 2026-10-09",official_university,yes,2026-10-09,
ACC_UNC_WSOC,North Carolina,Tracey Bates,Leone,Assistant Coach,tleone@unc.edu,,,https://goheels.com/sports/womens-soccer/coaches,"Official athletics staff page, read 2026-10-09",official_university,yes,2026-10-09,
ACC_UNC_WSOC,North Carolina,Anson,Dorrance,Former Head Coach (1979-2024),anson@email.unc.edu,919-962-5491,,https://goheels.com/sports/womens-soccer/coaches,"Official athletics staff page, read 2026-10-09",official_university,yes,2026-10-09,
ACC_ND_WSOC,Notre Dame,Nate,Norman,Doug and Lisa Jones Family Head Women’s Soccer Coach,,,,https://fightingirish.com/sports/wsoc/roster,"Official athletics staff page, read 2026-10-09",official_university,yes,2026-10-09,
ACC_ND_WSOC,Notre Dame,Dawn,Siergiej,Associate Head Coach,,,,https://fightingirish.com/sports/wsoc/roster,"Official athletics staff page, read 2026-10-09",official_university,yes,2026-10-09,
ACC_ND_WSOC,Notre Dame,Martin,Rennie,Assistant Coach,,,,https://fightingirish.com/sports/wsoc/roster,"Official athletics staff page, read 2026-10-09",official_university,yes,2026-10-09,
ACC_ND_WSOC,Notre Dame,Gina,Lewandowski,Assistant Coach,,,,https://fightingirish.com/sports/wsoc/roster,"Official athletics staff page, read 2026-10-09",official_university,yes,2026-10-09,
ACC_SMU_WSOC,SMU,Nicole,Nelson,Head Coach,smusoccer@smu.edu,214-768-7341,,https://smumustangs.com/sports/womens-soccer/coaches,"Official athletics staff page, read 2026-10-09",official_university,yes,2026-10-09,
ACC_SMU_WSOC,SMU,Miles,Vaughn,Associate Head Coach / Recruiting Coordinator,mavaughn@smu.edu,,,https://smumustangs.com/sports/womens-soccer/coaches,"Official athletics staff page, read 2026-10-09",official_university,yes,2026-10-09,
ACC_SMU_WSOC,SMU,Chassion,Griggs,Assistant Coach / Goalkeepers Coach,cgriggs@smu.edu,,,https://smumustangs.com/sports/womens-soccer/coaches,"Official athletics staff page, read 2026-10-09",official_university,yes,2026-10-09,
ACC_SMU_WSOC,SMU,Nick,Petrucelli,Assistant Coach,npetrucelli@smu.edu,,,https://smumustangs.com/sports/womens-soccer/coaches,"Official athletics staff page, read 2026-10-09",official_university,yes,2026-10-09,
ACC_SMU_WSOC,SMU,Paula,Woodbury,Director of Operations/Camps,pwoodbury@smu.edu,,,https://smumustangs.com/sports/womens-soccer/coaches,"Official athletics staff page, read 2026-10-09",official_university,yes,2026-10-09,
ACC_STAN_WSOC,Stanford,Paul,Hart,Catarina Macario Associate Head Coach,,,,https://gostanford.com/sports/womens-soccer/roster,"Official athletics staff page, read 2026-10-09",official_university,yes,2026-10-09,
ACC_STAN_WSOC,Stanford,Daisy,Sanchez,Assistant Coach,,,,https://gostanford.com/sports/womens-soccer/roster,"Official athletics staff page, read 2026-10-09",official_university,yes,2026-10-09,
ACC_STAN_WSOC,Stanford,Pinder,Nijjar,Assistant Coach,,,,https://gostanford.com/sports/womens-soccer/roster,"Official athletics staff page, read 2026-10-09",official_university,yes,2026-10-09,
ACC_SYR_WSOC,Syracuse,Nicky Thrasher,Adams,Head Coach,nmadams@syr.edu,,,https://cuse.com/sports/womens-soccer/coaches,"Official athletics staff page, read 2026-10-09",official_university,yes,2026-10-09,
ACC_SYR_WSOC,Syracuse,Brian,Dunleavy,Associate Head Coach,bcdunlea@syr.edu,,,https://cuse.com/sports/womens-soccer/coaches,"Official athletics staff page, read 2026-10-09",official_university,yes,2026-10-09,
ACC_SYR_WSOC,Syracuse,Michele,Barletta,Assistant Coach / Goalkeeper Coach,mbarlett@syr.edu,,,https://cuse.com/sports/womens-soccer/coaches,"Official athletics staff page, read 2026-10-09",official_university,yes,2026-10-09,
ACC_UVA_WSOC,Virginia,Steve,Swanson,Women's Soccer Head Coach,,,,https://virginiasports.com/sports/wsoc/roster,"Official athletics staff page, read 2026-10-09",official_university,yes,2026-10-09,
ACC_UVA_WSOC,Virginia,Ron,Raab,Associate Head Coach,,,,https://virginiasports.com/sports/wsoc/roster,"Official athletics staff page, read 2026-10-09",official_university,yes,2026-10-09,
ACC_UVA_WSOC,Virginia,Jaelyn,Cunningham,Assistant Coach,,,,https://virginiasports.com/sports/wsoc/roster,"Official athletics staff page, read 2026-10-09",official_university,yes,2026-10-09,
ACC_UVA_WSOC,Virginia,Lizzy,Sieracki,Assistant Coach,,,,https://virginiasports.com/sports/wsoc/roster,"Official athletics staff page, read 2026-10-09",official_university,yes,2026-10-09,
ACC_VT_WSOC,Virginia Tech,Charles,Adair,Head Coach,,,,https://hokiesports.com/sports/womens-soccer/roster,"Official athletics staff page, read 2026-10-09",official_university,yes,2026-10-09,
ACC_VT_WSOC,Virginia Tech,Drew,Kopp,Associate Head Coach,,,,https://hokiesports.com/sports/womens-soccer/roster,"Official athletics staff page, read 2026-10-09",official_university,yes,2026-10-09,
ACC_VT_WSOC,Virginia Tech,Matt,Gwilliam,Assistant Coach,,,,https://hokiesports.com/sports/womens-soccer/roster,"Official athletics staff page, read 2026-10-09",official_university,yes,2026-10-09,
ACC_VT_WSOC,Virginia Tech,Hailey,Williams,Assistant Coach,,,,https://hokiesports.com/sports/womens-soccer/roster,"Official athletics staff page, read 2026-10-09",official_university,yes,2026-10-09,
ACC_VT_WSOC,Virginia Tech,Katie,Flores,Director of Operations,,,,https://hokiesports.com/sports/womens-soccer/roster,"Official athletics staff page, read 2026-10-09",official_university,yes,2026-10-09,
ACC_WAKE_WSOC,Wake Forest,Tony da,Luz,Head Coach,daluz@wfu.edu,336-758-4375,,https://godeacs.com/sports/womens-soccer/coaches,"Official athletics staff page, read 2026-10-09",official_university,yes,2026-10-09,
ACC_WAKE_WSOC,Wake Forest,Brittany,Cameron,Associate Head Coach,camerob@wfu.edu,,,https://godeacs.com/sports/womens-soccer/coaches,"Official athletics staff page, read 2026-10-09",official_university,yes,2026-10-09,
ACC_WAKE_WSOC,Wake Forest,Christine,Nairn,Assistant Coach,nairnc@wfu.edu,,,https://godeacs.com/sports/womens-soccer/coaches,"Official athletics staff page, read 2026-10-09",official_university,yes,2026-10-09,
ACC_WAKE_WSOC,Wake Forest,Taylor,Culp,Assistant Coach,culpt@wfu.edu,,,https://godeacs.com/sports/womens-soccer/coaches,"Official athletics staff page, read 2026-10-09",official_university,yes,2026-10-09,
ASUN_BELLARMINE_WSOC,Bellarmine,Steve,Bornhoffer,"Head Coach, Women's Soccer",sbornhoffer@bellarmine.edu,,,https://athletics.bellarmine.edu/sports/womens-soccer/coaches,"Official athletics staff page, read 2026-10-09",official_university,yes,2026-10-09,
ASUN_BELLARMINE_WSOC,Bellarmine,Callum,Southern,"Assistant Coach, Women's Soccer",csouthern01@bellarmine.edu,,,https://athletics.bellarmine.edu/sports/womens-soccer/coaches,"Official athletics staff page, read 2026-10-09",official_university,yes,2026-10-09,
ASUN_FLORIDA_GULF_COAST_WSOC,Florida Gulf Coast,Jim,Blankenship,Head Coach,jblanken@fgcu.edu,(239) 590-7571,,https://fgcuathletics.com/sports/womens-soccer/coaches,"Official athletics staff page, read 2026-10-09",official_university,yes,2026-10-09,
ASUN_FLORIDA_GULF_COAST_WSOC,Florida Gulf Coast,Alex,Ng,"Associate Head Coach, Recruiting Coordinator",abng@fgcu.edu,,,https://fgcuathletics.com/sports/womens-soccer/coaches,"Official athletics staff page, read 2026-10-09",official_university,yes,2026-10-09,
ASUN_FLORIDA_GULF_COAST_WSOC,Florida Gulf Coast,Austin,O'Connor,Assistant Coach,aoconnor@fgcu.edu,,,https://fgcuathletics.com/sports/womens-soccer/coaches,"Official athletics staff page, read 2026-10-09",official_university,yes,2026-10-09,
ASUN_FLORIDA_GULF_COAST_WSOC,Florida Gulf Coast,Alia,Skinner,Assistant Coach,,,,https://fgcuathletics.com/sports/womens-soccer/coaches,"Official athletics staff page, read 2026-10-09",official_university,yes,2026-10-09,
ASUN_JACKSONVILLE_WSOC,Jacksonville,Ryan,Moon,Head Coach,rmoon2@ju.edu,,,https://judolphins.com/sports/womens-soccer/coaches,"Official athletics staff page, read 2026-10-09",official_university,yes,2026-10-09,
ASUN_JACKSONVILLE_WSOC,Jacksonville,Kévan,Regnier,Assistant Coach,kregnie1@ju.edu,,,https://judolphins.com/sports/womens-soccer/coaches,"Official athletics staff page, read 2026-10-09",official_university,yes,2026-10-09,
ASUN_JACKSONVILLE_WSOC,Jacksonville,Kiera,Gibson,Assistant Coach - Goalkeepers,kgibson12@jacksonville.edu,,,https://judolphins.com/sports/womens-soccer/coaches,"Official athletics staff page, read 2026-10-09",official_university,yes,2026-10-09,
ASUN_JACKSONVILLE_WSOC,Jacksonville,Teresa,Moon,Volunteer Assistant Coach,tmoon@ju.edu,,,https://judolphins.com/sports/womens-soccer/coaches,"Official athletics staff page, read 2026-10-09",official_university,yes,2026-10-09,
ASUN_LIPSCOMB_WSOC,Lipscomb,Kathleen,Paulsen,Head Coach,kpaulsen@lipscomb.edu,(615) 966-7036,,https://lipscombsports.com/sports/womens-soccer/coaches,"Official athletics staff page, read 2026-10-09",official_university,yes,2026-10-09,
ASUN_LIPSCOMB_WSOC,Lipscomb,Eli,Jackson,Assistant Coach,ejackson1@lipscomb.edu,,,https://lipscombsports.com/sports/womens-soccer/coaches,"Official athletics staff page, read 2026-10-09",official_university,yes,2026-10-09,
ASUN_LIPSCOMB_WSOC,Lipscomb,Maria,Fields,Assistant Coach (Goalkeeper Coach),mgfields@lipscomb.edu,,,https://lipscombsports.com/sports/womens-soccer/coaches,"Official athletics staff page, read 2026-10-09",official_university,yes,2026-10-09,
ASUN_LIPSCOMB_WSOC,Lipscomb,Renny,Buchanan,Assistant Coach,srbuchanan@lipscomb.edu,,,https://lipscombsports.com/sports/womens-soccer/coaches,"Official athletics staff page, read 2026-10-09",official_university,yes,2026-10-09,
ASUN_NORTH_FLORIDA_WSOC,North Florida,Eric,Faulconer,Head Coach,eric.faulconer@unf.edu,(904) 620-1072,,https://unfospreys.com/sports/womens-soccer/coaches,"Official athletics staff page, read 2026-10-09",official_university,yes,2026-10-09,
ASUN_NORTH_FLORIDA_WSOC,North Florida,Morgan,Luckie,Associate Head Coach,morgan.luckie@unf.edu,,,https://unfospreys.com/sports/womens-soccer/coaches,"Official athletics staff page, read 2026-10-09",official_university,yes,2026-10-09,
ASUN_NORTH_FLORIDA_WSOC,North Florida,Chris,Davidovicz,Assistant Coach,c.davidovicz@unf.edu,,,https://unfospreys.com/sports/womens-soccer/coaches,"Official athletics staff page, read 2026-10-09",official_university,yes,2026-10-09,
ASUN_STETSON_WSOC,Stetson,Jamie,Souza,Head Coach,jsouza1@stetson.edu,,,https://gohatters.com/sports/womens-soccer/coaches,"Official athletics staff page, read 2026-10-09",official_university,yes,2026-10-09,
ASUN_STETSON_WSOC,Stetson,Lana,Spitler,Assistant Coach,lspitler@stetson.edu,(386) 822-7035,,https://gohatters.com/sports/womens-soccer/coaches,"Official athletics staff page, read 2026-10-09",official_university,yes,2026-10-09,
ASUN_STETSON_WSOC,Stetson,Madison,Jones,Assistant Coach,mjones52@stetson.edu,,,https://gohatters.com/sports/womens-soccer/coaches,"Official athletics staff page, read 2026-10-09",official_university,yes,2026-10-09,
ASUN_STETSON_WSOC,Stetson,Nic,Fischer,Assistant Coach (Goalkeepers),nfischer1@stetson.edu,,,https://gohatters.com/sports/womens-soccer/coaches,"Official athletics staff page, read 2026-10-09",official_university,yes,2026-10-09,
ASUN_WEST_FLORIDA_WSOC,West Florida,Joe,Bartlinski,Head Coach,jbartlinski@uwf.edu,850-474-3226,,https://goargos.com/sports/womens-soccer/coaches,"Official athletics staff page, read 2026-10-09",official_university,yes,2026-10-09,
ASUN_WEST_FLORIDA_WSOC,West Florida,Mohammed,El-Zare,Assistant Coach,melzare@uwf.edu,,,https://goargos.com/sports/womens-soccer/coaches,"Official athletics staff page, read 2026-10-09",official_university,yes,2026-10-09,
ASUN_WEST_FLORIDA_WSOC,West Florida,Isabela,Labovic,Assistant Coach,,,,https://goargos.com/sports/womens-soccer/coaches,"Official athletics staff page, read 2026-10-09",official_university,yes,2026-10-09,
ASUN_WEST_FLORIDA_WSOC,West Florida,Araceli,Portugal,Student Assistant Coach,,,,https://goargos.com/sports/womens-soccer/coaches,"Official athletics staff page, read 2026-10-09",official_university,yes,2026-10-09,
B12_ARIZ_WSOC,Arizona,Becca,Moros,Head Coach,rmoros@arizona.edu,,,https://arizonawildcats.com/sports/womens-soccer/coaches,"Official athletics staff page, read 2026-10-09",official_university,yes,2026-10-09,
B12_ARIZ_WSOC,Arizona,Mateo,Valenzuela,"Student Manager, Operations",mav10@arizona.edu,,,https://arizonawildcats.com/sports/womens-soccer/coaches,"Official athletics staff page, read 2026-10-09",official_university,yes,2026-10-09,
B12_ARIZ_WSOC,Arizona,Steve,Voltz,Assistant Coach,svoltz@arizona.edu,,,https://arizonawildcats.com/sports/womens-soccer/coaches,"Official athletics staff page, read 2026-10-09",official_university,yes,2026-10-09,
B12_ARIZ_WSOC,Arizona,Nat,Gonzalez,Assistant Coach,natgonzo@arizona.edu,,,https://arizonawildcats.com/sports/womens-soccer/coaches,"Official athletics staff page, read 2026-10-09",official_university,yes,2026-10-09,
B12_ARIZ_WSOC,Arizona,Nils,Roth,Assistant/Goalkeeper Coach,nilsroth@arizona.edu,,,https://arizonawildcats.com/sports/womens-soccer/coaches,"Official athletics staff page, read 2026-10-09",official_university,yes,2026-10-09,
B12_ARIZ_WSOC,Arizona,Nicholas,McIntee,Assistant Coach of Performance Enhancement,nmcintee@arizona.edu,520-626-8772,,https://arizonawildcats.com/sports/womens-soccer/coaches,"Official athletics staff page, read 2026-10-09",official_university,yes,2026-10-09,
B12_BAY_WSOC,Baylor,Michelle,Lenard,Head Coach,,,,https://baylorbears.com/sports/womens-soccer/coaches,"Official athletics staff page, read 2026-10-09",official_university,yes,2026-10-09,
B12_BAY_WSOC,Baylor,Fleur,Benatar,Assistant Coach,fleur_benatar@baylor.edu,,,https://baylorbears.com/sports/womens-soccer/coaches,"Official athletics staff page, read 2026-10-09",official_university,yes,2026-10-09,
B12_BAY_WSOC,Baylor,Cole,Ouren,Assistant Coach,cole_ouren@baylor.edu,,,https://baylorbears.com/sports/womens-soccer/coaches,"Official athletics staff page, read 2026-10-09",official_university,yes,2026-10-09,
B12_BAY_WSOC,Baylor,Cameron,Carter,Assistant Coach,cameron_carter3@baylor.edu,,,https://baylorbears.com/sports/womens-soccer/coaches,"Official athletics staff page, read 2026-10-09",official_university,yes,2026-10-09,
B12_BAY_WSOC,Baylor,Karlee,Pottorff,Director of Operations,karlee_pottorff1@baylor.edu,,,https://baylorbears.com/sports/womens-soccer/coaches,"Official athletics staff page, read 2026-10-09",official_university,yes,2026-10-09,
B12_BAY_WSOC,Baylor,Lea Sedwick,Caffey,Personal Development Coach,lea_sedwick@baylor.edu,,,https://baylorbears.com/sports/womens-soccer/coaches,"Official athletics staff page, read 2026-10-09",official_university,yes,2026-10-09,
B12_BYU_WSOC,BYU,Jennifer,Rockwood,Head Coach,,,,https://byucougars.com/sports/womens-soccer/roster,"Official athletics staff page, read 2026-10-09",official_university,yes,2026-10-09,
B12_BYU_WSOC,BYU,Brent,Anderson,Associate Head Coach,,,,https://byucougars.com/sports/womens-soccer/roster,"Official athletics staff page, read 2026-10-09",official_university,yes,2026-10-09,
B12_BYU_WSOC,BYU,Steve,Magleby,Assistant Coach,,,,https://byucougars.com/sports/womens-soccer/roster,"Official athletics staff page, read 2026-10-09",official_university,yes,2026-10-09,
B12_BYU_WSOC,BYU,Tasha,Bell,Assistant Coach,,,,https://byucougars.com/sports/womens-soccer/roster,"Official athletics staff page, read 2026-10-09",official_university,yes,2026-10-09,
B12_CIN_WSOC,Cincinnati,Erica,Demers,Head Coach,,,,https://gobearcats.com/sports/womens-soccer/roster,"Official athletics staff page, read 2026-10-09",official_university,yes,2026-10-09,
B12_CIN_WSOC,Cincinnati,Paul,Babba,Associate Head Coach,,,,https://gobearcats.com/sports/womens-soccer/roster,"Official athletics staff page, read 2026-10-09",official_university,yes,2026-10-09,
B12_CIN_WSOC,Cincinnati,Olivia,Silverman,Assistant Coach,,,,https://gobearcats.com/sports/womens-soccer/roster,"Official athletics staff page, read 2026-10-09",official_university,yes,2026-10-09,
B12_CIN_WSOC,Cincinnati,Ella,Rogers,Assistant Coach,,,,https://gobearcats.com/sports/womens-soccer/roster,"Official athletics staff page, read 2026-10-09",official_university,yes,2026-10-09,
B12_CIN_WSOC,Cincinnati,Alexandria,Coleman,"Assistant Director, Olympic Sports Operations",,,,https://gobearcats.com/sports/womens-soccer/roster,"Official athletics staff page, read 2026-10-09",official_university,yes,2026-10-09,
B12_COLO_WSOC,Colorado,Danny,Sanchez,Head Coach,danny.sanchez@colorado.edu,303-492-4709,,https://cubuffs.com/sports/womens-soccer/coaches,"Official athletics staff page, read 2026-10-09",official_university,yes,2026-10-09,
B12_COLO_WSOC,Colorado,Jason,Green,Senior Associate Head Coach,jason.green@colorado.edu,303-492-0632,,https://cubuffs.com/sports/womens-soccer/coaches,"Official athletics staff page, read 2026-10-09",official_university,yes,2026-10-09,
B12_COLO_WSOC,Colorado,Dave,Morgan,Associate Head Coach/Recruiting Coordinator,david.morgan@colorado.edu,303-735-0530,,https://cubuffs.com/sports/womens-soccer/coaches,"Official athletics staff page, read 2026-10-09",official_university,yes,2026-10-09,
B12_COLO_WSOC,Colorado,Jacy,Drobney,Director of Player Development,jacy.drobney@colorado.edu,303-492-0632,,https://cubuffs.com/sports/womens-soccer/coaches,"Official athletics staff page, read 2026-10-09",official_university,yes,2026-10-09,
B12_HOU_WSOC,Houston,Ben,Williams,Head Coach,bjwill20@central.uh.edu,,,https://uhcougars.com/sports/womens-soccer/coaches,"Official athletics staff page, read 2026-10-09",official_university,yes,2026-10-09,
B12_HOU_WSOC,Houston,Peter,Mulamba,Associate Head Coach,pmulamba@central.uh.edu,,,https://uhcougars.com/sports/womens-soccer/coaches,"Official athletics staff page, read 2026-10-09",official_university,yes,2026-10-09,
B12_HOU_WSOC,Houston,Izzie,Vaccari,Assistant Coach,ikvaccar@central.uh.edu,,,https://uhcougars.com/sports/womens-soccer/coaches,"Official athletics staff page, read 2026-10-09",official_university,yes,2026-10-09,
B12_HOU_WSOC,Houston,Brooke,Bradley,Assistant Coach,babradl4@central.uh.edu,,,https://uhcougars.com/sports/womens-soccer/coaches,"Official athletics staff page, read 2026-10-09",official_university,yes,2026-10-09,
B12_HOU_WSOC,Houston,Howard,Sturgeon,Player Development Coordinator,,,,https://uhcougars.com/sports/womens-soccer/coaches,"Official athletics staff page, read 2026-10-09",official_university,yes,2026-10-09,
B12_ISU_WSOC,Iowa State,Matt,Fannon,Head Coach,,515-294-5833,,https://cyclones.com/sports/womens-soccer/coaches,"Official athletics staff page, read 2026-10-09",official_university,yes,2026-10-09,
B12_ISU_WSOC,Iowa State,Jaycie,Ackerman,Assistant Coach,jayciea@iastate.edu,,,https://cyclones.com/sports/womens-soccer/coaches,"Official athletics staff page, read 2026-10-09",official_university,yes,2026-10-09,
B12_ISU_WSOC,Iowa State,Seth,Junion,Assistant Coach,swjunion@iastate.edu,,,https://cyclones.com/sports/womens-soccer/coaches,"Official athletics staff page, read 2026-10-09",official_university,yes,2026-10-09,
B12_ISU_WSOC,Iowa State,Matt,Tennyson,Soccer Development Coach,mt3@iastate.edu,,,https://cyclones.com/sports/womens-soccer/coaches,"Official athletics staff page, read 2026-10-09",official_university,yes,2026-10-09,
B12_KU_WSOC,Kansas,Nate,Lie,Head Coach,lien@ku.edu,,,https://kuathletics.com/sports/womens-soccer/coaches,"Official athletics staff page, read 2026-10-09",official_university,yes,2026-10-09,
B12_KU_WSOC,Kansas,Tyler,Smaha,Associate Head Coach,smahat@ku.edu,515-943-4003,,https://kuathletics.com/sports/womens-soccer/coaches,"Official athletics staff page, read 2026-10-09",official_university,yes,2026-10-09,
B12_KU_WSOC,Kansas,Tiffany,Hansen,Associate Head Coach,hansent@ku.edu,,,https://kuathletics.com/sports/womens-soccer/coaches,"Official athletics staff page, read 2026-10-09",official_university,yes,2026-10-09,
B12_KU_WSOC,Kansas,Daniel,Baker,Assistant Coach,bakerd@ku.edu,,,https://kuathletics.com/sports/womens-soccer/coaches,"Official athletics staff page, read 2026-10-09",official_university,yes,2026-10-09,
B12_KU_WSOC,Kansas,Bernie,Compton,Director of Operations,comptonb@ku.edu,,,https://kuathletics.com/sports/womens-soccer/coaches,"Official athletics staff page, read 2026-10-09",official_university,yes,2026-10-09,
B12_KSU_WSOC,Kansas State,Colleen,Corbin,Head Coach,,(785) 532-7721,,https://www.kstatesports.com/sports/womens-soccer/coaches,"Official athletics staff page, read 2026-10-09",official_university,yes,2026-10-09,
B12_KSU_WSOC,Kansas State,Julie,McClure,Associate Head Coach,,(785) 532-7721,,https://www.kstatesports.com/sports/womens-soccer/coaches,"Official athletics staff page, read 2026-10-09",official_university,yes,2026-10-09,
B12_KSU_WSOC,Kansas State,Elissa,Post,Assistant Coach,,785-706-8926,,https://www.kstatesports.com/sports/womens-soccer/coaches,"Official athletics staff page, read 2026-10-09",official_university,yes,2026-10-09,
B12_KSU_WSOC,Kansas State,Haley,Dionisio,Director of Soccer and Tennis Operations,,(785) 532-7721,,https://www.kstatesports.com/sports/womens-soccer/coaches,"Official athletics staff page, read 2026-10-09",official_university,yes,2026-10-09,
B12_OKST_WSOC,Oklahoma State,Colin,Carmichael,Head Coach,colin.carmichael@okstate.edu,(405) 744-3853,,https://okstate.com/sports/womens-soccer/coaches,"Official athletics staff page, read 2026-10-09",official_university,yes,2026-10-09,
B12_OKST_WSOC,Oklahoma State,Justin,Elkington,Associate Head Coach,justin.elkington@okstate.edu,(405) 744-3343,,https://okstate.com/sports/womens-soccer/coaches,"Official athletics staff page, read 2026-10-09",official_university,yes,2026-10-09,
B12_OKST_WSOC,Oklahoma State,Dustin,Stein,Assistant Coach,dustin.stein@okstate.edu,,,https://okstate.com/sports/womens-soccer/coaches,"Official athletics staff page, read 2026-10-09",official_university,yes,2026-10-09,
B12_OKST_WSOC,Oklahoma State,Grace,Yochum,Assistant Coach,grace.yochum@okstate.edu,,,https://okstate.com/sports/womens-soccer/coaches,"Official athletics staff page, read 2026-10-09",official_university,yes,2026-10-09,
B12_TCU_WSOC,TCU,Eric,Bell,Head Coach/15th Year,tcusoccer@tcu.edu,,,https://gofrogs.com/sports/womens-soccer/coaches,"Official athletics staff page, read 2026-10-09",official_university,yes,2026-10-09,
B12_TCU_WSOC,TCU,Ryan,Higginbotham,Senior Associate Head Coach/15th Year,tcusoccer@tcu.edu,,,https://gofrogs.com/sports/womens-soccer/coaches,"Official athletics staff page, read 2026-10-09",official_university,yes,2026-10-09,
B12_TCU_WSOC,TCU,Tom,Serratore,Associate Head Coach/9th Year,tcusoccer@tcu.edu,,,https://gofrogs.com/sports/womens-soccer/coaches,"Official athletics staff page, read 2026-10-09",official_university,yes,2026-10-09,
B12_TCU_WSOC,TCU,Madison,Kroger,Assistant Coach/4th Year,,,,https://gofrogs.com/sports/womens-soccer/coaches,"Official athletics staff page, read 2026-10-09",official_university,yes,2026-10-09,
B12_TCU_WSOC,TCU,Ana,Auger-Crossman,Director of Soccer Operations/5th Year,ana.auger@tcu.edu,,,https://gofrogs.com/sports/womens-soccer/coaches,"Official athletics staff page, read 2026-10-09",official_university,yes,2026-10-09,
B12_TTU_WSOC,Texas Tech,Tom,Stone,Head Coach,,,,https://texastech.com/sports/womens-soccer/coaches,"Official athletics staff page, read 2026-10-09",official_university,yes,2026-10-09,
B12_TTU_WSOC,Texas Tech,Nick,Hallam,Assistant Coach,,,,https://texastech.com/sports/womens-soccer/coaches,"Official athletics staff page, read 2026-10-09",official_university,yes,2026-10-09,
B12_TTU_WSOC,Texas Tech,Charlotte,Masters,Assistant Coach,,,,https://texastech.com/sports/womens-soccer/coaches,"Official athletics staff page, read 2026-10-09",official_university,yes,2026-10-09,
B12_TTU_WSOC,Texas Tech,Brock,Duckworth,Assistant Coach/Goalkeeper Coach,,,,https://texastech.com/sports/womens-soccer/coaches,"Official athletics staff page, read 2026-10-09",official_university,yes,2026-10-09,
B12_TTU_WSOC,Texas Tech,Sophia,Scholz,Director of Soccer Operations,,,,https://texastech.com/sports/womens-soccer/coaches,"Official athletics staff page, read 2026-10-09",official_university,yes,2026-10-09,
B12_UCF_WSOC,UCF,Tiffany Roberts,Sahaydak,Head Coach,,,,https://ucfknights.com/sports/womens-soccer/roster,"Official athletics staff page, read 2026-10-09",official_university,yes,2026-10-09,
B12_UCF_WSOC,UCF,Tim,Sahaydak,Associate Head Coach,,,,https://ucfknights.com/sports/womens-soccer/roster,"Official athletics staff page, read 2026-10-09",official_university,yes,2026-10-09,
B12_UCF_WSOC,UCF,Chris,Cummings,Assistant Coach,,,,https://ucfknights.com/sports/womens-soccer/roster,"Official athletics staff page, read 2026-10-09",official_university,yes,2026-10-09,
B12_UCF_WSOC,UCF,Gary,Ogilvie,Assistant Coach,,,,https://ucfknights.com/sports/womens-soccer/roster,"Official athletics staff page, read 2026-10-09",official_university,yes,2026-10-09,
B12_UCF_WSOC,UCF,Katy,Ling,Director of Operations,,,,https://ucfknights.com/sports/womens-soccer/roster,"Official athletics staff page, read 2026-10-09",official_university,yes,2026-10-09,
B12_UTAH_WSOC,Utah,Hideki,Nakada,Women's Soccer Head Coach,h.nakada@utah.edu,,,https://utahutes.com/sports/womens-soccer/coaches,"Official athletics staff page, read 2026-10-09",official_university,yes,2026-10-09,
B12_UTAH_WSOC,Utah,Jackie,Poortinga,Women's Soccer Assistant Coach,j.poortinga@utah.edu,,,https://utahutes.com/sports/womens-soccer/coaches,"Official athletics staff page, read 2026-10-09",official_university,yes,2026-10-09,
B12_UTAH_WSOC,Utah,Sam,Gomez,Women's Soccer Assistant Coach,sgomez@utah.edu,,,https://utahutes.com/sports/womens-soccer/coaches,"Official athletics staff page, read 2026-10-09",official_university,yes,2026-10-09,
B12_UTAH_WSOC,Utah,Emma,Greenwood,Women's Soccer Assistant Coach,e.greenwood@utah.edu,,,https://utahutes.com/sports/womens-soccer/coaches,"Official athletics staff page, read 2026-10-09",official_university,yes,2026-10-09,
B12_UTAH_WSOC,Utah,Joe,Jackson,Women's Soccer Director of Operations,jjackson@huntsman.utah.edu,,,https://utahutes.com/sports/womens-soccer/coaches,"Official athletics staff page, read 2026-10-09",official_university,yes,2026-10-09,
B12_UTAH_WSOC,Utah,Hung,Duong,Women's Soccer Team Data Analyst,,,,https://utahutes.com/sports/womens-soccer/coaches,"Official athletics staff page, read 2026-10-09",official_university,yes,2026-10-09,
B12_WVU_WSOC,West Virginia,Nikki,Izzo-Brown,Head Coach,,(304) 293-9885,,https://wvusports.com/sports/womens-soccer/coaches,"Official athletics staff page, read 2026-10-09",official_university,yes,2026-10-09,
B12_WVU_WSOC,West Virginia,Lisa,Stoia,Senior Associate Head Coach,lisa.stoia@mail.wvu.edu,(304) 293-9884,,https://wvusports.com/sports/womens-soccer/coaches,"Official athletics staff page, read 2026-10-09",official_university,yes,2026-10-09,
B12_WVU_WSOC,West Virginia,Eric,Beltran,Assistant Head Coach,eric.beltran@mail.wvu.edu,(304) 290-8196,,https://wvusports.com/sports/womens-soccer/coaches,"Official athletics staff page, read 2026-10-09",official_university,yes,2026-10-09,
B12_WVU_WSOC,West Virginia,Liesa,Seifert,Assistant Coach,liesa.seifert@mail.wvu.edu,,,https://wvusports.com/sports/womens-soccer/coaches,"Official athletics staff page, read 2026-10-09",official_university,yes,2026-10-09,
BE_BUTLER_WSOC,Butler,Tari St.,John,Co-Head Coach,tstjohn@butler.edu,317-940-9992,,https://butlersports.com/sports/womens-soccer/coaches,"Official athletics staff page, read 2026-10-09",official_university,yes,2026-10-09,
BE_BUTLER_WSOC,Butler,Rob,Alman,Co-Head Coach,ralman@butler.edu,317-869-9236,,https://butlersports.com/sports/womens-soccer/coaches,"Official athletics staff page, read 2026-10-09",official_university,yes,2026-10-09,
BE_BUTLER_WSOC,Butler,Joe,Sochacki,Assistant Coach,jsochack@butler.edu,,,https://butlersports.com/sports/womens-soccer/coaches,"Official athletics staff page, read 2026-10-09",official_university,yes,2026-10-09,
BE_CREIGHTON_WSOC,Creighton,Jimmy,Walker,Head Coach,jameswalker@creighton.edu,,,https://gocreighton.com/sports/womens-soccer/coaches,"Official athletics staff page, read 2026-10-09",official_university,yes,2026-10-09,
BE_CREIGHTON_WSOC,Creighton,Scott,Rissler,Associate Head Coach,scottrissler@creighton.edu,,,https://gocreighton.com/sports/womens-soccer/coaches,"Official athletics staff page, read 2026-10-09",official_university,yes,2026-10-09,
BE_CREIGHTON_WSOC,Creighton,Toby,Millward,Assistant Coach,tobymillward@creighton.edu,,,https://gocreighton.com/sports/womens-soccer/coaches,"Official athletics staff page, read 2026-10-09",official_university,yes,2026-10-09,
BE_CREIGHTON_WSOC,Creighton,Emma,Wilson,Assistant Coach,emmawilson@creighton.edu,,,https://gocreighton.com/sports/womens-soccer/coaches,"Official athletics staff page, read 2026-10-09",official_university,yes,2026-10-09,
BE_DEPAUL_WSOC,DePaul,Michele,O'Brien,Head Coach,mobrie41@depaul.edu,,,https://depaulbluedemons.com/sports/womens-soccer/coaches,"Official athletics staff page, read 2026-10-09",official_university,yes,2026-10-09,
BE_DEPAUL_WSOC,DePaul,Brendan,Roth,Associate Head Coach,broth10@depaul.edu,,,https://depaulbluedemons.com/sports/womens-soccer/coaches,"Official athletics staff page, read 2026-10-09",official_university,yes,2026-10-09,
BE_DEPAUL_WSOC,DePaul,Peter,McKeown,Assistant Coach,pmckeow1@depaul.edu,,,https://depaulbluedemons.com/sports/womens-soccer/coaches,"Official athletics staff page, read 2026-10-09",official_university,yes,2026-10-09,
BE_DEPAUL_WSOC,DePaul,Nicole,D’Agostino,Volunteer Instructional Assistant,,,,https://depaulbluedemons.com/sports/womens-soccer/coaches,"Official athletics staff page, read 2026-10-09",official_university,yes,2026-10-09,
BE_GEORGETOWN_WSOC,Georgetown,Dave,Nolan,Head Coach,dmn@georgetown.edu,202-687-7344,,https://guhoyas.com/sports/womens-soccer/coaches,"Official athletics staff page, read 2026-10-09",official_university,yes,2026-10-09,
BE_GEORGETOWN_WSOC,Georgetown,Naomi,Meiburger,Assistant Coach,naomi.meiburger@georgetown.edu,202-687-3173,,https://guhoyas.com/sports/womens-soccer/coaches,"Official athletics staff page, read 2026-10-09",official_university,yes,2026-10-09,
BE_GEORGETOWN_WSOC,Georgetown,Cameron,Fertenbaugh,Assistant Coach,cf895@georgetown.edu,(202) 687-2382,,https://guhoyas.com/sports/womens-soccer/coaches,"Official athletics staff page, read 2026-10-09",official_university,yes,2026-10-09,
BE_GEORGETOWN_WSOC,Georgetown,Brian,Bouhl,Assistant Coach - Director of Operations,bb1044@georgetown.edu,,,https://guhoyas.com/sports/womens-soccer/coaches,"Official athletics staff page, read 2026-10-09",official_university,yes,2026-10-09,
BE_MARQUETTE_WSOC,Marquette,Chris,Allen,Head Coach,chris.allen@marquette.edu,414-288-6303,,https://gomarquette.com/sports/womens-soccer/coaches,"Official athletics staff page, read 2026-10-09",official_university,yes,2026-10-09,
BE_MARQUETTE_WSOC,Marquette,Calum,Mallace,Associate Head Coach,calum.mallace@marquette.edu,,,https://gomarquette.com/sports/womens-soccer/coaches,"Official athletics staff page, read 2026-10-09",official_university,yes,2026-10-09,
BE_MARQUETTE_WSOC,Marquette,Lili,Berg,Assistant Coach,lilianna.berg@marquette.edu,,,https://gomarquette.com/sports/womens-soccer/coaches,"Official athletics staff page, read 2026-10-09",official_university,yes,2026-10-09,
BE_MARQUETTE_WSOC,Marquette,Gillian,Holder,Assistant Coach,,,,https://gomarquette.com/sports/womens-soccer/coaches,"Official athletics staff page, read 2026-10-09",official_university,yes,2026-10-09,
BE_PROVIDENCE_WSOC,Providence,Sam,Lopes,Head Coach,,(401) 865-2032,,https://friars.com/sports/womens-soccer/coaches,"Official athletics staff page, read 2026-10-09",official_university,yes,2026-10-09,
BE_PROVIDENCE_WSOC,Providence,Katie,Day-Sukumaran,Assistant Coach,kday1@providence.edu,(401) 865-1973,,https://friars.com/sports/womens-soccer/coaches,"Official athletics staff page, read 2026-10-09",official_university,yes,2026-10-09,
BE_PROVIDENCE_WSOC,Providence,Patrick,Barbosa,Assistant Coach,pbarbos2@providence.edu,(401) 865-2032,,https://friars.com/sports/womens-soccer/coaches,"Official athletics staff page, read 2026-10-09",official_university,yes,2026-10-09,
BE_PROVIDENCE_WSOC,Providence,Grant,Stidham,Assistant Coach / Goalkeeping,gstidham@providence.edu,,,https://friars.com/sports/womens-soccer/coaches,"Official athletics staff page, read 2026-10-09",official_university,yes,2026-10-09,
BE_SETON_HALL_WSOC,Seton Hall,Josh,Osit,Head Coach,joshua.osit@shu.edu,,,https://shupirates.com/sports/womens-soccer/coaches,"Official athletics staff page, read 2026-10-09",official_university,yes,2026-10-09,
BE_SETON_HALL_WSOC,Seton Hall,Nick,Heinemann,Associate Head Coach,nicky.heinemann@shu.edu,,,https://shupirates.com/sports/womens-soccer/coaches,"Official athletics staff page, read 2026-10-09",official_university,yes,2026-10-09,
BE_SETON_HALL_WSOC,Seton Hall,Noelle,Hilliker,Assistant Coach,noelle.picone@shu.edu,,,https://shupirates.com/sports/womens-soccer/coaches,"Official athletics staff page, read 2026-10-09",official_university,yes,2026-10-09,
BE_SETON_HALL_WSOC,Seton Hall,Steph,Cubero,Director of Operations,stephanie.cubero2@shu.edu,,,https://shupirates.com/sports/womens-soccer/coaches,"Official athletics staff page, read 2026-10-09",official_university,yes,2026-10-09,
BE_ST_JOHN_S_WSOC,St. John's,Ian,Stone,Head Coach,stonei@stjohns.edu,,,https://redstormsports.com/sports/womens-soccer/coaches,"Official athletics staff page, read 2026-10-09",official_university,yes,2026-10-09,
BE_ST_JOHN_S_WSOC,St. John's,Amy,Marron,Associate Head Coach,marrona@stjohns.edu,,,https://redstormsports.com/sports/womens-soccer/coaches,"Official athletics staff page, read 2026-10-09",official_university,yes,2026-10-09,
BE_ST_JOHN_S_WSOC,St. John's,Samie,Scaffidi,Assistant Coach,scaffids@stjohns.edu,,,https://redstormsports.com/sports/womens-soccer/coaches,"Official athletics staff page, read 2026-10-09",official_university,yes,2026-10-09,
BE_ST_JOHN_S_WSOC,St. John's,Jesse,Corke,Goalkeeping Coach,,,,https://redstormsports.com/sports/womens-soccer/coaches,"Official athletics staff page, read 2026-10-09",official_university,yes,2026-10-09,
BE_ST_JOHN_S_WSOC,St. John's,Samantha,Masur,Director of Soccer Operations,,,,https://redstormsports.com/sports/womens-soccer/coaches,"Official athletics staff page, read 2026-10-09",official_university,yes,2026-10-09,
BE_UCONN_WSOC,UConn,Margaret,Rodriguez,Head Coach,margaret.rodriguez@uconn.edu,,,https://uconnhuskies.com/sports/womens-soccer/coaches,"Official athletics staff page, read 2026-10-09",official_university,yes,2026-10-09,
BE_UCONN_WSOC,UConn,Mary,Hearin,Associate Head Coach,vus26002@uconn.edu,,,https://uconnhuskies.com/sports/womens-soccer/coaches,"Official athletics staff page, read 2026-10-09",official_university,yes,2026-10-09,
BE_UCONN_WSOC,UConn,Carson,D'Ambrosio,Assistant Coach,carson.dambrosio@uconn.edu,,,https://uconnhuskies.com/sports/womens-soccer/coaches,"Official athletics staff page, read 2026-10-09",official_university,yes,2026-10-09,
BE_UCONN_WSOC,UConn,Kaitlyn,Mahoney,Assistant Coach/Director of Operations,kaitlyn.mahoney@uconn.edu,,,https://uconnhuskies.com/sports/womens-soccer/coaches,"Official athletics staff page, read 2026-10-09",official_university,yes,2026-10-09,
BE_VILLANOVA_WSOC,Villanova,Samar,Azem,Head Coach,samar.azem@villanova.edu,,,https://villanova.com/sports/womens-soccer/coaches,"Official athletics staff page, read 2026-10-09",official_university,yes,2026-10-09,
BE_VILLANOVA_WSOC,Villanova,Erin,Scott,Assistant Coach,erin.j.scott@villanova.edu,,,https://villanova.com/sports/womens-soccer/coaches,"Official athletics staff page, read 2026-10-09",official_university,yes,2026-10-09,
BE_VILLANOVA_WSOC,Villanova,Luca,Crivellari,Assistant Coach,luca.crivellari@villanova.edu,,,https://villanova.com/sports/womens-soccer/coaches,"Official athletics staff page, read 2026-10-09",official_university,yes,2026-10-09,
BE_VILLANOVA_WSOC,Villanova,Adam,Kanji,Assistant Coach/Data and Performance Analytics,,,,https://villanova.com/sports/womens-soccer/coaches,"Official athletics staff page, read 2026-10-09",official_university,yes,2026-10-09,
BE_XAVIER_WSOC,Xavier,Katy,Etelman,Head Coach,etelmank@xavier.edu,,,https://goxavier.com/sports/womens-soccer/coaches,"Official athletics staff page, read 2026-10-09",official_university,yes,2026-10-09,
BE_XAVIER_WSOC,Xavier,Cory,Herchenroeder,Associate Head Coach,herchenroederc@xavier.edu,,,https://goxavier.com/sports/womens-soccer/coaches,"Official athletics staff page, read 2026-10-09",official_university,yes,2026-10-09,
BE_XAVIER_WSOC,Xavier,Mikayla,Krzeczowski,Assistant Coach,krzeczowskim@xavier.edu,,,https://goxavier.com/sports/womens-soccer/coaches,"Official athletics staff page, read 2026-10-09",official_university,yes,2026-10-09,
BE_XAVIER_WSOC,Xavier,Cailyn,Glass,Director of Operations,glassc2@xavier.edu,,,https://goxavier.com/sports/womens-soccer/coaches,"Official athletics staff page, read 2026-10-09",official_university,yes,2026-10-09,
BSKY_EASTERN_WASHINGTON_WSOC,Eastern Washington,Missy,Strasburg,Head Coach,mstrasburg1@ewu.edu,,,https://goeags.com/sports/womens-soccer/coaches,"Official athletics staff page, read 2026-10-09",official_university,yes,2026-10-09,
BSKY_EASTERN_WASHINGTON_WSOC,Eastern Washington,Hayden,Hollinger,Associate Head Coach,hhollinger@ewu.edu,,,https://goeags.com/sports/womens-soccer/coaches,"Official athletics staff page, read 2026-10-09",official_university,yes,2026-10-09,
BSKY_EASTERN_WASHINGTON_WSOC,Eastern Washington,Amanda,Raso,Assistant Coach,araso@ewu.edu,,,https://goeags.com/sports/womens-soccer/coaches,"Official athletics staff page, read 2026-10-09",official_university,yes,2026-10-09,
BSKY_IDAHO_WSOC,Idaho,Jeremy,Clevenger,Head Coach,jclevenger@uidaho.edu,,,https://govandals.com/sports/womens-soccer/coaches,"Official athletics staff page, read 2026-10-09",official_university,yes,2026-10-09,
BSKY_IDAHO_WSOC,Idaho,Ashley,Heidelberger,Assistant Coach,ashleyh@uidaho.edu,,,https://govandals.com/sports/womens-soccer/coaches,"Official athletics staff page, read 2026-10-09",official_university,yes,2026-10-09,
BSKY_IDAHO_WSOC,Idaho,Nick,Davis,Assistant Coach,nickdavis@uidaho.edu,,,https://govandals.com/sports/womens-soccer/coaches,"Official athletics staff page, read 2026-10-09",official_university,yes,2026-10-09,
BSKY_IDAHO_STATE_WSOC,Idaho State,Dustin,Downey,Head Soccer Coach,soccer@isu.edu,208-282-2925,,https://isubengals.com/sports/womens-soccer/coaches,"Official athletics staff page, read 2026-10-09",official_university,yes,2026-10-09,
BSKY_IDAHO_STATE_WSOC,Idaho State,Summer,Miles,Assistant Coach,soccer@isu.edu,,,https://isubengals.com/sports/womens-soccer/coaches,"Official athletics staff page, read 2026-10-09",official_university,yes,2026-10-09,
BSKY_IDAHO_STATE_WSOC,Idaho State,Makena,Honda,Assistant Coach,soccer@isu.edu,,,https://isubengals.com/sports/womens-soccer/coaches,"Official athletics staff page, read 2026-10-09",official_university,yes,2026-10-09,
BSKY_MONTANA_WSOC,Montana,Stuart,Gore,Head Coach,stuart.gore@mso.umt.edu,540-435-3591,,https://gogriz.com/sports/womens-soccer/coaches,"Official athletics staff page, read 2026-10-09",official_university,yes,2026-10-09,
BSKY_MONTANA_WSOC,Montana,J.,Landham,Associate Head Coach,james.landham@umontana.edu,,,https://gogriz.com/sports/womens-soccer/coaches,"Official athletics staff page, read 2026-10-09",official_university,yes,2026-10-09,
BSKY_MONTANA_WSOC,Montana,Amanda,Attanasi,Assistant Coach,amanda.attanasi@mso.umt.edu,856-723-6783,,https://gogriz.com/sports/womens-soccer/coaches,"Official athletics staff page, read 2026-10-09",official_university,yes,2026-10-09,
BSKY_NORTHERN_ARIZONA_WSOC,Northern Arizona,Alan,Berrios,Head Coach,alan.berrios@nau.edu,,,https://nauathletics.com/sports/womens-soccer/coaches,"Official athletics staff page, read 2026-10-09",official_university,yes,2026-10-09,
BSKY_NORTHERN_ARIZONA_WSOC,Northern Arizona,Freddy,Delgado,Assistant Coach,fred.delgado@nau.edu,,,https://nauathletics.com/sports/womens-soccer/coaches,"Official athletics staff page, read 2026-10-09",official_university,yes,2026-10-09,
BSKY_NORTHERN_ARIZONA_WSOC,Northern Arizona,Jason,Navas,Assistant Coach/Director of Goalkeeping,jason.navas@nau.edu,,,https://nauathletics.com/sports/womens-soccer/coaches,"Official athletics staff page, read 2026-10-09",official_university,yes,2026-10-09,
BSKY_NORTHERN_ARIZONA_WSOC,Northern Arizona,Suzi,Berrios,Director of Operations,suzi.berrios@nau.edu,,,https://nauathletics.com/sports/womens-soccer/coaches,"Official athletics staff page, read 2026-10-09",official_university,yes,2026-10-09,
BSKY_NORTHERN_COLORADO_WSOC,Northern Colorado,Tim,Barrera,Head Soccer Coach,tim.barrera@unco.edu,970.351.1758,,https://uncbears.com/sports/womens-soccer/coaches,"Official athletics staff page, read 2026-10-09",official_university,yes,2026-10-09,
BSKY_NORTHERN_COLORADO_WSOC,Northern Colorado,Amy,Sickler,Assistant Soccer Coach,amy.sickler@unco.edu,970.351.1758,,https://uncbears.com/sports/womens-soccer/coaches,"Official athletics staff page, read 2026-10-09",official_university,yes,2026-10-09,
BSKY_NORTHERN_COLORADO_WSOC,Northern Colorado,Everton do,Prado,Assistant Soccer Coach,everton.doprado@unco.edu,970.351.1758,,https://uncbears.com/sports/womens-soccer/coaches,"Official athletics staff page, read 2026-10-09",official_university,yes,2026-10-09,
BSKY_NORTHERN_COLORADO_WSOC,Northern Colorado,Murray,Oliver,Assistant Coach,,,,https://uncbears.com/sports/womens-soccer/coaches,"Official athletics staff page, read 2026-10-09",official_university,yes,2026-10-09,
BSKY_PORTLAND_STATE_WSOC,Portland State,Maureen,Whitney,Head Coach,maureen6@pdx.edu,(503) 725-5611,,https://goviks.com/sports/womens-soccer/coaches,"Official athletics staff page, read 2026-10-09",official_university,yes,2026-10-09,
BSKY_PORTLAND_STATE_WSOC,Portland State,Lauren,Prott,Assistant Coach,prott@pdx.edu,,,https://goviks.com/sports/womens-soccer/coaches,"Official athletics staff page, read 2026-10-09",official_university,yes,2026-10-09,
BSKY_PORTLAND_STATE_WSOC,Portland State,Phoenix,Baltrus,Assistant Coach,,,,https://goviks.com/sports/womens-soccer/coaches,"Official athletics staff page, read 2026-10-09",official_university,yes,2026-10-09,
BSKY_SOUTHERN_UTAH_WSOC,Southern Utah,Steven,Lindquist,Head Coach,stevenlindquist@suu.edu,,,https://suutbirds.com/sports/womens-soccer/coaches,"Official athletics staff page, read 2026-10-09",official_university,yes,2026-10-09,
BSKY_SOUTHERN_UTAH_WSOC,Southern Utah,Angie,Knies,Assistant Coach,angieknies@suu.edu,,,https://suutbirds.com/sports/womens-soccer/coaches,"Official athletics staff page, read 2026-10-09",official_university,yes,2026-10-09,
BSKY_SOUTHERN_UTAH_WSOC,Southern Utah,Olivia,Watson,Assistant Coach,,,,https://suutbirds.com/sports/womens-soccer/coaches,"Official athletics staff page, read 2026-10-09",official_university,yes,2026-10-09,
BSKY_SOUTHERN_UTAH_WSOC,Southern Utah,Eric,Cahue,Goalkeeper Coach,,,,https://suutbirds.com/sports/womens-soccer/coaches,"Official athletics staff page, read 2026-10-09",official_university,yes,2026-10-09,
BSKY_UTAH_TECH_WSOC,Utah Tech,Lexi,Brown,Head Coach,lexi.brown1@utahtech.edu,,,https://utahtechtrailblazers.com/sports/womens-soccer/coaches,"Official athletics staff page, read 2026-10-09",official_university,yes,2026-10-09,
BSKY_UTAH_TECH_WSOC,Utah Tech,Tyler,Brown,Assistant Coach,tyler.brown5@utahtech.edu,,,https://utahtechtrailblazers.com/sports/womens-soccer/coaches,"Official athletics staff page, read 2026-10-09",official_university,yes,2026-10-09,
BSKY_UTAH_TECH_WSOC,Utah Tech,Juli,Nield,Assistant Coach,juli.nield@utahtech.edu,,,https://utahtechtrailblazers.com/sports/womens-soccer/coaches,"Official athletics staff page, read 2026-10-09",official_university,yes,2026-10-09,
BSKY_UTAH_TECH_WSOC,Utah Tech,Lauren,Towne,Assistant Coach,lauren.towne@utahtech.edu,,,https://utahtechtrailblazers.com/sports/womens-soccer/coaches,"Official athletics staff page, read 2026-10-09",official_university,yes,2026-10-09,
BSKY_WEBER_STATE_WSOC,Weber State,Kyle,Christensen,Head Coach,kylechristensen1@weber.edu,,,https://weberstatesports.com/sports/womens-soccer/coaches,"Official athletics staff page, read 2026-10-09",official_university,yes,2026-10-09,
BSKY_WEBER_STATE_WSOC,Weber State,Colette,Jepson-Smith,Assistant Coach,colettesmith2@weber.edu,,,https://weberstatesports.com/sports/womens-soccer/coaches,"Official athletics staff page, read 2026-10-09",official_university,yes,2026-10-09,
BSKY_WEBER_STATE_WSOC,Weber State,Damir,Sabanovic,Assistant Coach,damirsabanovic@weber.edu,,,https://weberstatesports.com/sports/womens-soccer/coaches,"Official athletics staff page, read 2026-10-09",official_university,yes,2026-10-09,
BSKY_WEBER_STATE_WSOC,Weber State,Alyssa,Christensen,Assistant Coach / Director of Operations,alyssachristensen5@weber.edu,,,https://weberstatesports.com/sports/womens-soccer/coaches,"Official athletics staff page, read 2026-10-09",official_university,yes,2026-10-09,
BSOUTH_CHARLESTON_SOUTHERN_WSOC,Charleston Southern,Dr. Jose,Gomez,Head Coach,jgomez@csuniv.edu,(843) 863-7931,,https://csusports.com/sports/womens-soccer/coaches,"Official athletics staff page, read 2026-10-09",official_university,yes,2026-10-09,
BSOUTH_CHARLESTON_SOUTHERN_WSOC,Charleston Southern,Kelly,Coster,Assistant Coach,kcoster@csuniv.edu,(843) 863-7256,,https://csusports.com/sports/womens-soccer/coaches,"Official athletics staff page, read 2026-10-09",official_university,yes,2026-10-09,
BSOUTH_CHARLESTON_SOUTHERN_WSOC,Charleston Southern,Isaac,Arco,Assistant Coach,iarco@csuniv.edu,,,https://csusports.com/sports/womens-soccer/coaches,"Official athletics staff page, read 2026-10-09",official_university,yes,2026-10-09,
BSOUTH_CHARLESTON_SOUTHERN_WSOC,Charleston Southern,Fiama,Hidalgo,Graduate Assistant Coach,fhidalgo@student.csuniv.edu,,,https://csusports.com/sports/womens-soccer/coaches,"Official athletics staff page, read 2026-10-09",official_university,yes,2026-10-09,
BSOUTH_GARDNER_WEBB_WSOC,Gardner–Webb,Samantha,Thomsit,Head Coach,sthomsit@gardner-webb.edu,,,https://gwusports.com/sports/womens-soccer/coaches,"Official athletics staff page, read 2026-10-09",official_university,yes,2026-10-09,
BSOUTH_GARDNER_WEBB_WSOC,Gardner–Webb,Brandon,Medina,Assistant Coach,bmedina@gardner-webb.edu,,,https://gwusports.com/sports/womens-soccer/coaches,"Official athletics staff page, read 2026-10-09",official_university,yes,2026-10-09,
BSOUTH_GARDNER_WEBB_WSOC,Gardner–Webb,David,Johnson,Volunteer Assistant Coach,,,,https://gwusports.com/sports/womens-soccer/coaches,"Official athletics staff page, read 2026-10-09",official_university,yes,2026-10-09,
BSOUTH_HIGH_POINT_WSOC,High Point,Aaron,McGuiness,Head Coach,wsoc@highpoint.edu,336-841-4577,,https://highpointpanthers.com/sports/womens-soccer/coaches,"Official athletics staff page, read 2026-10-09",official_university,yes,2026-10-09,
BSOUTH_HIGH_POINT_WSOC,High Point,Christina,Wakefield,Assistant Coach,wsoc@highpoint.edu,,,https://highpointpanthers.com/sports/womens-soccer/coaches,"Official athletics staff page, read 2026-10-09",official_university,yes,2026-10-09,
BSOUTH_HIGH_POINT_WSOC,High Point,Emily,McGrath,Assistant Coach,wsoc@highpoint.edu,,,https://highpointpanthers.com/sports/womens-soccer/coaches,"Official athletics staff page, read 2026-10-09",official_university,yes,2026-10-09,
BSOUTH_LONGWOOD_WSOC,Longwood,Todd,Dyer,Head Coach,dyerbt@longwood.edu,434-395-2794,,https://longwoodlancers.com/sports/womens-soccer/coaches,"Official athletics staff page, read 2026-10-09",official_university,yes,2026-10-09,
BSOUTH_LONGWOOD_WSOC,Longwood,Rich,Stoneman,Associate Head Coach,stonemanrn@longwood.edu,434-395-2354,,https://longwoodlancers.com/sports/womens-soccer/coaches,"Official athletics staff page, read 2026-10-09",official_university,yes,2026-10-09,
BSOUTH_PRESBYTERIAN_WSOC,Presbyterian,Matt,Smith,Head Women's Soccer Coach,mrsmith@presby.edu,864-833-7091,,https://gobluehose.com/sports/womens-soccer/coaches,"Official athletics staff page, read 2026-10-09",official_university,yes,2026-10-09,
BSOUTH_PRESBYTERIAN_WSOC,Presbyterian,Bradley,Anderson,Assistant Women's Soccer Coach,banderson@presby.edu,,,https://gobluehose.com/sports/womens-soccer/coaches,"Official athletics staff page, read 2026-10-09",official_university,yes,2026-10-09,
BSOUTH_RADFORD_WSOC,Radford,Ben,Sohrabi,Head Women's Soccer Coach,bsohrabi@radford.edu,,,https://radfordathletics.com/sports/womens-soccer/coaches,"Official athletics staff page, read 2026-10-09",official_university,yes,2026-10-09,
BSOUTH_RADFORD_WSOC,Radford,Brandon,Slewa,Women's Soccer Assistant Coach,bslewa@radford.edu,,,https://radfordathletics.com/sports/womens-soccer/coaches,"Official athletics staff page, read 2026-10-09",official_university,yes,2026-10-09,
BSOUTH_UNC_ASHEVILLE_WSOC,UNC Asheville,Andy,McNab,Head Coach,amcnab@unca.edu,,,https://uncabulldogs.com/sports/womens-soccer/coaches,"Official athletics staff page, read 2026-10-09",official_university,yes,2026-10-09,
BSOUTH_UNC_ASHEVILLE_WSOC,UNC Asheville,Maddy,Ireton,Assistant Coach,mireton@unca.edu,,,https://uncabulldogs.com/sports/womens-soccer/coaches,"Official athletics staff page, read 2026-10-09",official_university,yes,2026-10-09,
BSOUTH_UNC_ASHEVILLE_WSOC,UNC Asheville,Nathan,Watt,Assistant Coach,nwatt@unca.edu,,,https://uncabulldogs.com/sports/womens-soccer/coaches,"Official athletics staff page, read 2026-10-09",official_university,yes,2026-10-09,
BSOUTH_USC_UPSTATE_WSOC,USC Upstate,Sam,Odell,Head Coach,so25@uscupstate.edu,,,https://upstatespartans.com/sports/womens-soccer/coaches,"Official athletics staff page, read 2026-10-09",official_university,yes,2026-10-09,
BSOUTH_USC_UPSTATE_WSOC,USC Upstate,Patrick,Grey,Associate Head Coach,pgrey@uscupstate.edu,,,https://upstatespartans.com/sports/womens-soccer/coaches,"Official athletics staff page, read 2026-10-09",official_university,yes,2026-10-09,
BSOUTH_USC_UPSTATE_WSOC,USC Upstate,JP,Navarro,Assistant Coach,,,,https://upstatespartans.com/sports/womens-soccer/coaches,"Official athletics staff page, read 2026-10-09",official_university,yes,2026-10-09,
BSOUTH_WINTHROP_WSOC,Winthrop,Spencer,Smith,Head Soccer Coach,smithsl@winthrop.edu,,,https://winthropeagles.com/sports/womens-soccer/coaches,"Official athletics staff page, read 2026-10-09",official_university,yes,2026-10-09,
BSOUTH_WINTHROP_WSOC,Winthrop,Dylan,Hill,Assistant Women's Soccer Coach,pattersond@winthrop.edu,,,https://winthropeagles.com/sports/womens-soccer/coaches,"Official athletics staff page, read 2026-10-09",official_university,yes,2026-10-09,
BSOUTH_WINTHROP_WSOC,Winthrop,Kerry,Edwards,Women's Soccer Goalkeeper Coach,,,,https://winthropeagles.com/sports/womens-soccer/coaches,"Official athletics staff page, read 2026-10-09",official_university,yes,2026-10-09,
B10_ILL_WSOC,Illinois,Katie,Hultin,Head Coach,,,,https://fightingillini.com/sports/womens-soccer/coaches,"Official athletics staff page, read 2026-10-09",official_university,yes,2026-10-09,
B10_ILL_WSOC,Illinois,Sammy Jo,Prudhomme,Assistant Coach,,,,https://fightingillini.com/sports/womens-soccer/coaches,"Official athletics staff page, read 2026-10-09",official_university,yes,2026-10-09,
B10_ILL_WSOC,Illinois,Aulani,Whisler,Assistant Coach,,,,https://fightingillini.com/sports/womens-soccer/coaches,"Official athletics staff page, read 2026-10-09",official_university,yes,2026-10-09,
B10_ILL_WSOC,Illinois,Eric,Rossitch,Assistant Coach,,,,https://fightingillini.com/sports/womens-soccer/coaches,"Official athletics staff page, read 2026-10-09",official_university,yes,2026-10-09,
B10_IU_WSOC,Indiana,Josh,Rife,Head Coach,wsoccer@iu.edu,,,https://iuhoosiers.com/sports/womens-soccer/coaches,"Official athletics staff page, read 2026-10-09",official_university,yes,2026-10-09,
B10_IU_WSOC,Indiana,Mary,Seiffert,Associate Head Coach,marseif@iu.edu,,,https://iuhoosiers.com/sports/womens-soccer/coaches,"Official athletics staff page, read 2026-10-09",official_university,yes,2026-10-09,
B10_IU_WSOC,Indiana,Peyton,York,Assistant Coach - Director of Player Development,peyyork@iu.edu,,,https://iuhoosiers.com/sports/womens-soccer/coaches,"Official athletics staff page, read 2026-10-09",official_university,yes,2026-10-09,
B10_IU_WSOC,Indiana,Daniel,Seiffert,Assistant Coach - Soccer Analyst,dseiffer@iu.edu,,,https://iuhoosiers.com/sports/womens-soccer/coaches,"Official athletics staff page, read 2026-10-09",official_university,yes,2026-10-09,
B10_IOWA_WSOC,Iowa,Dean,Ward,Head Coach,,,,https://hawkeyesports.com/sports/wsoc/roster,"Official athletics staff page, read 2026-10-09",official_university,yes,2026-10-09,
B10_IOWA_WSOC,Iowa,Kelly,Altman,Assistant Coach,,,,https://hawkeyesports.com/sports/wsoc/roster,"Official athletics staff page, read 2026-10-09",official_university,yes,2026-10-09,
B10_IOWA_WSOC,Iowa,Meghan,Gill,Assistant Coach,,,,https://hawkeyesports.com/sports/wsoc/roster,"Official athletics staff page, read 2026-10-09",official_university,yes,2026-10-09,
B10_IOWA_WSOC,Iowa,Noah,Smith,Assistant Coach,,,,https://hawkeyesports.com/sports/wsoc/roster,"Official athletics staff page, read 2026-10-09",official_university,yes,2026-10-09,
B10_IOWA_WSOC,Iowa,Josie,Durr,Director of Operations,,,,https://hawkeyesports.com/sports/wsoc/roster,"Official athletics staff page, read 2026-10-09",official_university,yes,2026-10-09,
B10_UMD_WSOC,Maryland,Michael,Marchiano,Head Women's Soccer Coach,mmarch@umd.edu,,,https://umterps.com/sports/womens-soccer/coaches,"Official athletics staff page, read 2026-10-09",official_university,yes,2026-10-09,
B10_UMD_WSOC,Maryland,Alex,Shinsky,Assistant Women's Soccer Coach,ashinsky@umd.edu,,,https://umterps.com/sports/womens-soccer/coaches,"Official athletics staff page, read 2026-10-09",official_university,yes,2026-10-09,
B10_UMD_WSOC,Maryland,Sara,Butler,Assistant Women's Soccer Coach,sfbutler@umd.edu,,,https://umterps.com/sports/womens-soccer/coaches,"Official athletics staff page, read 2026-10-09",official_university,yes,2026-10-09,
B10_UMD_WSOC,Maryland,Morgan,Ruhl,Assistant Women's Soccer Coach,mtruhl@umd.edu,,,https://umterps.com/sports/womens-soccer/coaches,"Official athletics staff page, read 2026-10-09",official_university,yes,2026-10-09,
B10_MICH_WSOC,Michigan,Dave,DiIanni,Women's Soccer Head Coach,diianni@umich.edu,,,https://mgoblue.com/sports/womens-soccer/coaches,"Official athletics staff page, read 2026-10-09",official_university,yes,2026-10-09,
B10_MICH_WSOC,Michigan,Kyle,Venter,Assistant Coach,kventer@umich.edu,,,https://mgoblue.com/sports/womens-soccer/coaches,"Official athletics staff page, read 2026-10-09",official_university,yes,2026-10-09,
B10_MICH_WSOC,Michigan,JP,Valadares,Assistant Coach,jpsoccer@umich.edu,,,https://mgoblue.com/sports/womens-soccer/coaches,"Official athletics staff page, read 2026-10-09",official_university,yes,2026-10-09,
B10_MICH_WSOC,Michigan,Addie,Bundy,Assistant Coach,adsbundy@umich.edu,,,https://mgoblue.com/sports/womens-soccer/coaches,"Official athletics staff page, read 2026-10-09",official_university,yes,2026-10-09,
B10_MSU_WSOC,Michigan State,Jeff,Hosler,Head Coach,hosler@ath.msu.edu,,,https://msuspartans.com/sports/womens-soccer/coaches,"Official athletics staff page, read 2026-10-09",official_university,yes,2026-10-09,
B10_MSU_WSOC,Michigan State,Tori,Christ,Assistant Coach,tchrist@ath.msu.edu,517-432-0409,,https://msuspartans.com/sports/womens-soccer/coaches,"Official athletics staff page, read 2026-10-09",official_university,yes,2026-10-09,
B10_MSU_WSOC,Michigan State,Gabe,Romo,Assistant Coach,romogabr@msu.edu,,,https://msuspartans.com/sports/womens-soccer/coaches,"Official athletics staff page, read 2026-10-09",official_university,yes,2026-10-09,
B10_MSU_WSOC,Michigan State,Tim,Verschuren,Assistant Coach,timv@ath.msu.edu,517-432-0409,,https://msuspartans.com/sports/womens-soccer/coaches,"Official athletics staff page, read 2026-10-09",official_university,yes,2026-10-09,
B10_MINN_WSOC,Minnesota,Erin,Chastain,Head Coach,,,,https://gophersports.com/sports/womens-soccer/coaches,"Official athletics staff page, read 2026-10-09",official_university,yes,2026-10-09,
B10_MINN_WSOC,Minnesota,Maya,Hayes,Associate Head Coach,,,,https://gophersports.com/sports/womens-soccer/coaches,"Official athletics staff page, read 2026-10-09",official_university,yes,2026-10-09,
B10_MINN_WSOC,Minnesota,Ellis,Riley,Assistant Coach,,,,https://gophersports.com/sports/womens-soccer/coaches,"Official athletics staff page, read 2026-10-09",official_university,yes,2026-10-09,
B10_MINN_WSOC,Minnesota,Michael,O'Hare,Assistant Coach,,,,https://gophersports.com/sports/womens-soccer/coaches,"Official athletics staff page, read 2026-10-09",official_university,yes,2026-10-09,
B10_MINN_WSOC,Minnesota,Sara,Johnson,Director of Operations,,,,https://gophersports.com/sports/womens-soccer/coaches,"Official athletics staff page, read 2026-10-09",official_university,yes,2026-10-09,
B10_NEB_WSOC,Nebraska,John,Walker,Head Coach,,,,https://huskers.com/sports/soccer/roster,"Official athletics staff page, read 2026-10-09",official_university,yes,2026-10-09,
B10_NEB_WSOC,Nebraska,Ian,Bridge,Assistant Coach,,,,https://huskers.com/sports/soccer/roster,"Official athletics staff page, read 2026-10-09",official_university,yes,2026-10-09,
B10_NEB_WSOC,Nebraska,Savanah,Anderson-Baer,Assistant Coach,,,,https://huskers.com/sports/soccer/roster,"Official athletics staff page, read 2026-10-09",official_university,yes,2026-10-09,
B10_NEB_WSOC,Nebraska,Austen,Parker,Assistant Coach,,,,https://huskers.com/sports/soccer/roster,"Official athletics staff page, read 2026-10-09",official_university,yes,2026-10-09,
B10_NU_WSOC,Northwestern,Michael,Moynihan,Head Coach,,,,https://nusports.com/sports/womens-soccer/roster,"Official athletics staff page, read 2026-10-09",official_university,yes,2026-10-09,
B10_NU_WSOC,Northwestern,Rich,Manning,Assistant Coach,,,,https://nusports.com/sports/womens-soccer/roster,"Official athletics staff page, read 2026-10-09",official_university,yes,2026-10-09,
B10_NU_WSOC,Northwestern,Reaghan,Duval,Assistant Coach,,,,https://nusports.com/sports/womens-soccer/roster,"Official athletics staff page, read 2026-10-09",official_university,yes,2026-10-09,
B10_NU_WSOC,Northwestern,Christine,McBeath,Assistant Coach,,,,https://nusports.com/sports/womens-soccer/roster,"Official athletics staff page, read 2026-10-09",official_university,yes,2026-10-09,
B10_ORE_WSOC,Oregon,Tracy,Joyner,Head Coach,tjoyner@uoregon.edu,,,https://goducks.com/sports/womens-soccer/coaches,"Official athletics staff page, read 2026-10-09",official_university,yes,2026-10-09,
B10_ORE_WSOC,Oregon,Chris,King,Assistant Coach,chriskin@uoregon.edu,,,https://goducks.com/sports/womens-soccer/coaches,"Official athletics staff page, read 2026-10-09",official_university,yes,2026-10-09,
B10_ORE_WSOC,Oregon,Kat,Benton-LaEzza,Assistant Coach,katmb@uoregon.edu,,,https://goducks.com/sports/womens-soccer/coaches,"Official athletics staff page, read 2026-10-09",official_university,yes,2026-10-09,
B10_ORE_WSOC,Oregon,Laura,Schott,Assistant Coach,,,,https://goducks.com/sports/womens-soccer/coaches,"Official athletics staff page, read 2026-10-09",official_university,yes,2026-10-09,
B10_ORE_WSOC,Oregon,Nicole,Edmonds,Director of Operations,nicolesc@uoregon.edu,,,https://goducks.com/sports/womens-soccer/coaches,"Official athletics staff page, read 2026-10-09",official_university,yes,2026-10-09,
B10_PUR_WSOC,Purdue,Richard,Moodie,Head Coach,,,,https://purduesports.com/sports/soccer/roster,"Official athletics staff page, read 2026-10-09",official_university,yes,2026-10-09,
B10_PUR_WSOC,Purdue,Rob,Ward,Associate Head Coach,,,,https://purduesports.com/sports/soccer/roster,"Official athletics staff page, read 2026-10-09",official_university,yes,2026-10-09,
B10_PUR_WSOC,Purdue,Eric,Masters,Assistant Coach,,,,https://purduesports.com/sports/soccer/roster,"Official athletics staff page, read 2026-10-09",official_university,yes,2026-10-09,
B10_PUR_WSOC,Purdue,Jesse,Goleman,Director of Recruiting and Player Development,,,,https://purduesports.com/sports/soccer/roster,"Official athletics staff page, read 2026-10-09",official_university,yes,2026-10-09,
B10_PUR_WSOC,Purdue,Mackenzie,Hanby,Supervisor of Soccer Operations,,,,https://purduesports.com/sports/soccer/roster,"Official athletics staff page, read 2026-10-09",official_university,yes,2026-10-09,
B10_USC_WSOC,USC,Jane,Alukonis,Head Coach,socpros@usc.edu,,,https://usctrojans.com/sports/womens-soccer/coaches,"Official athletics staff page, read 2026-10-09",official_university,yes,2026-10-09,
B10_USC_WSOC,USC,Sugar,Shinohara,Assistant Coach,socpros@usc.edu,,,https://usctrojans.com/sports/womens-soccer/coaches,"Official athletics staff page, read 2026-10-09",official_university,yes,2026-10-09,
B10_USC_WSOC,USC,Ahmad,Brown,Assistant Coach,socpros@usc.edu,,,https://usctrojans.com/sports/womens-soccer/coaches,"Official athletics staff page, read 2026-10-09",official_university,yes,2026-10-09,
B10_USC_WSOC,USC,Megan,Hinz,Assistant Coach (Goalkeepers),socpros@usc.edu,,,https://usctrojans.com/sports/womens-soccer/coaches,"Official athletics staff page, read 2026-10-09",official_university,yes,2026-10-09,
B10_UW_WSOC,Washington,Nicole Van,Dyke,Head Coach,nvandyke@uw.edu,,,https://gohuskies.com/sports/womens-soccer/coaches,"Official athletics staff page, read 2026-10-09",official_university,yes,2026-10-09,
B10_UW_WSOC,Washington,Whitney,Pitalo,Assistant Coach,wpitalo@uw.edu,,,https://gohuskies.com/sports/womens-soccer/coaches,"Official athletics staff page, read 2026-10-09",official_university,yes,2026-10-09,
B10_UW_WSOC,Washington,Paige,Brandt,Assistant Coach,pbrandtt@uw.edu,,,https://gohuskies.com/sports/womens-soccer/coaches,"Official athletics staff page, read 2026-10-09",official_university,yes,2026-10-09,
B10_UW_WSOC,Washington,Mary,Walstad,Assistant Coach,maryj11@uw.edu,,,https://gohuskies.com/sports/womens-soccer/coaches,"Official athletics staff page, read 2026-10-09",official_university,yes,2026-10-09,
B10_WISC_WSOC,Wisconsin,Paula,Wilkins,Head Coach,plw@athletics.wisc.edu,,,https://uwbadgers.com/sports/womens-soccer/coaches,"Official athletics staff page, read 2026-10-09",official_university,yes,2026-10-09,
B10_WISC_WSOC,Wisconsin,Tim,Rosenfeld,Associate Head Coach,tmr@athletics.wisc.edu,,,https://uwbadgers.com/sports/womens-soccer/coaches,"Official athletics staff page, read 2026-10-09",official_university,yes,2026-10-09,
B10_WISC_WSOC,Wisconsin,Michele,Dalton,Assistant Coach,mdalton@wisc.edu,,,https://uwbadgers.com/sports/womens-soccer/coaches,"Official athletics staff page, read 2026-10-09",official_university,yes,2026-10-09,
BW_CAL_POLY_WSOC,Cal Poly,Bernardo,Silva,Head Coach,bsilva05@calpoly.edu,,,https://gopoly.com/sports/womens-soccer/coaches,"Official athletics staff page, read 2026-10-09",official_university,yes,2026-10-09,
BW_CAL_POLY_WSOC,Cal Poly,Scott,Williams,Associate Head Coach,swilli53@calpoly.edu,805-756-6560,,https://gopoly.com/sports/womens-soccer/coaches,"Official athletics staff page, read 2026-10-09",official_university,yes,2026-10-09,
BW_CAL_POLY_WSOC,Cal Poly,Izzi,Bautista,Assistant Coach & Player Performance Specialist,ebauti23@calpoly.edu,,,https://gopoly.com/sports/womens-soccer/coaches,"Official athletics staff page, read 2026-10-09",official_university,yes,2026-10-09,
BW_CAL_POLY_WSOC,Cal Poly,Morgan,Lark,Goalkeeper Coach,molark@calpoly.edu,,,https://gopoly.com/sports/womens-soccer/coaches,"Official athletics staff page, read 2026-10-09",official_university,yes,2026-10-09,
BW_CAL_POLY_WSOC,Cal Poly,Jenae,Packard,Director of Operations,,,,https://gopoly.com/sports/womens-soccer/coaches,"Official athletics staff page, read 2026-10-09",official_university,yes,2026-10-09,
BW_CAL_STATE_BAKERSFIELD_WSOC,Cal State Bakersfield,Martin,Navarro Jr.,Interim Head Coach,mnavarro28@csub.edu,,,https://gorunners.com/sports/womens-soccer/coaches,"Official athletics staff page, read 2026-10-09",official_university,yes,2026-10-09,
BW_CAL_STATE_BAKERSFIELD_WSOC,Cal State Bakersfield,Antonio,Gracia,Assistant Coach,agracia4@csub.edu,,,https://gorunners.com/sports/womens-soccer/coaches,"Official athletics staff page, read 2026-10-09",official_university,yes,2026-10-09,
BW_CAL_STATE_BAKERSFIELD_WSOC,Cal State Bakersfield,Jeanine,Valera,Assistant Coach,jvalera4@csub.edu,,,https://gorunners.com/sports/womens-soccer/coaches,"Official athletics staff page, read 2026-10-09",official_university,yes,2026-10-09,
BW_CAL_STATE_BAKERSFIELD_WSOC,Cal State Bakersfield,Yira,Yoggerst,Graduate Assistant Coach,yyoggerst@csub.edu,,,https://gorunners.com/sports/womens-soccer/coaches,"Official athletics staff page, read 2026-10-09",official_university,yes,2026-10-09,
BW_CAL_STATE_FULLERTON_WSOC,Cal State Fullerton,Demian,Brown,Head Coach (20th Season),demianbrown@fullerton.edu,(657) 278-4902,,https://fullertontitans.com/sports/womens-soccer/coaches,"Official athletics staff page, read 2026-10-09",official_university,yes,2026-10-09,
BW_CAL_STATE_FULLERTON_WSOC,Cal State Fullerton,Kellan,Wilson,Assistant Coach (9th Season),kelwilson@fullerton.edu,(657) 278-5657,,https://fullertontitans.com/sports/womens-soccer/coaches,"Official athletics staff page, read 2026-10-09",official_university,yes,2026-10-09,
BW_CAL_STATE_FULLERTON_WSOC,Cal State Fullerton,Jackie,Bruno,Assistant Coach (4th Season),jbruno@fullerton.edu,(657)278-2777,,https://fullertontitans.com/sports/womens-soccer/coaches,"Official athletics staff page, read 2026-10-09",official_university,yes,2026-10-09,
BW_CAL_STATE_FULLERTON_WSOC,Cal State Fullerton,Delaney Dombek,Lindahl,Assistant Coach (1st Season),delindahl@fullerton.edu,(657) 278-2777,,https://fullertontitans.com/sports/womens-soccer/coaches,"Official athletics staff page, read 2026-10-09",official_university,yes,2026-10-09,
BW_CAL_STATE_NORTHRIDGE_WSOC,Cal State Northridge,Gina,Brewer,Head Coach,gina.brewer@csun.edu,,,https://gomatadors.com/sports/womens-soccer/coaches,"Official athletics staff page, read 2026-10-09",official_university,yes,2026-10-09,
BW_CAL_STATE_NORTHRIDGE_WSOC,Cal State Northridge,Kevin,Pineda,Associate Head Coach,kev.pineda@csun.edu,,,https://gomatadors.com/sports/womens-soccer/coaches,"Official athletics staff page, read 2026-10-09",official_university,yes,2026-10-09,
BW_CAL_STATE_NORTHRIDGE_WSOC,Cal State Northridge,Dan,Solli,Assistant Coach,daniel.solli@csun.edu,,,https://gomatadors.com/sports/womens-soccer/coaches,"Official athletics staff page, read 2026-10-09",official_university,yes,2026-10-09,
BW_CALIFORNIA_BAPTIST_WSOC,California Baptist,Kristen St.,Clair,Head Women's Soccer Coach,kstclair@calbaptist.edu,951-343-5020,,https://cbulancers.com/sports/womens-soccer/coaches,"Official athletics staff page, read 2026-10-09",official_university,yes,2026-10-09,
BW_CALIFORNIA_BAPTIST_WSOC,California Baptist,David,Parker,Assistant Coach,daparker@calbaptist.edu,951-552-8417,,https://cbulancers.com/sports/womens-soccer/coaches,"Official athletics staff page, read 2026-10-09",official_university,yes,2026-10-09,
BW_CALIFORNIA_BAPTIST_WSOC,California Baptist,Tyrone,Martin,Assistant Women's Soccer Coach,tmartin@calbaptist.edu,951-552-8083,,https://cbulancers.com/sports/womens-soccer/coaches,"Official athletics staff page, read 2026-10-09",official_university,yes,2026-10-09,
BW_CALIFORNIA_BAPTIST_WSOC,California Baptist,Jeff,Redinger,"Assistant Coach, Goalkeeping",,,,https://cbulancers.com/sports/womens-soccer/coaches,"Official athletics staff page, read 2026-10-09",official_university,yes,2026-10-09,
BW_CALIFORNIA_BAPTIST_WSOC,California Baptist,Desarae,Felix,Director of Operations,,,,https://cbulancers.com/sports/womens-soccer/coaches,"Official athletics staff page, read 2026-10-09",official_university,yes,2026-10-09,
BW_LONG_BEACH_STATE_WSOC,Long Beach State,Mauricio,Ingrassia,Head Coach,lbsusoccer@csulb.edu,,,https://longbeachstate.com/sports/womens-soccer/coaches,"Official athletics staff page, read 2026-10-09",official_university,yes,2026-10-09,
BW_LONG_BEACH_STATE_WSOC,Long Beach State,Cheyenne,Spade,Assistant Coach/Recruiting Coordinator,lbsusoccer@csulb.edu,,,https://longbeachstate.com/sports/womens-soccer/coaches,"Official athletics staff page, read 2026-10-09",official_university,yes,2026-10-09,
BW_LONG_BEACH_STATE_WSOC,Long Beach State,Amber,Marshall,Assistant Coach,lbsusoccer@csulb.edu,,,https://longbeachstate.com/sports/womens-soccer/coaches,"Official athletics staff page, read 2026-10-09",official_university,yes,2026-10-09,
BW_LONG_BEACH_STATE_WSOC,Long Beach State,Patrick,Seymour,Goalkeepers Coach,lbsusoccer@csulb.edu,,,https://longbeachstate.com/sports/womens-soccer/coaches,"Official athletics staff page, read 2026-10-09",official_university,yes,2026-10-09,
BW_SACRAMENTO_STATE_WSOC,Sacramento State,Tim,Strader,Head Coach,t.strader@csus.edu,(916) 278-5281,,https://hornetsports.com/sports/womens-soccer/coaches,"Official athletics staff page, read 2026-10-09",official_university,yes,2026-10-09,
BW_SACRAMENTO_STATE_WSOC,Sacramento State,JJ,Wozniak,Assistant Coach,jj.wozniak@csus.edu,(916) 278-6787,,https://hornetsports.com/sports/womens-soccer/coaches,"Official athletics staff page, read 2026-10-09",official_university,yes,2026-10-09,
BW_SACRAMENTO_STATE_WSOC,Sacramento State,Janae,Braun,Assistant Coach,janae.braun@csus.edu,(916) 278-6787,,https://hornetsports.com/sports/womens-soccer/coaches,"Official athletics staff page, read 2026-10-09",official_university,yes,2026-10-09,
BW_UC_IRVINE_WSOC,UC Irvine,Scott,Juniper,Head Coach,sjuniper@uci.edu,,,https://ucirvinesports.com/sports/womens-soccer/coaches,"Official athletics staff page, read 2026-10-09",official_university,yes,2026-10-09,
BW_UC_IRVINE_WSOC,UC Irvine,P.J.,Woolridge,Associate Head Coach,pwoolrid@uci.edu,,,https://ucirvinesports.com/sports/womens-soccer/coaches,"Official athletics staff page, read 2026-10-09",official_university,yes,2026-10-09,
BW_UC_IRVINE_WSOC,UC Irvine,Wendy,Espejel,Assistant Coach,wespejel@uci.edu,,,https://ucirvinesports.com/sports/womens-soccer/coaches,"Official athletics staff page, read 2026-10-09",official_university,yes,2026-10-09,
BW_UC_RIVERSIDE_WSOC,UC Riverside,Mike,Dibbini,Head Women's Soccer Coach,mike.dibbini@ucr.edu,,,https://gohighlanders.com/sports/womens-soccer/coaches,"Official athletics staff page, read 2026-10-09",official_university,yes,2026-10-09,
BW_UC_RIVERSIDE_WSOC,UC Riverside,Tony,Huerta,Assistant Women's Soccer Coach,jose.a.huerta@ucr.edu,,,https://gohighlanders.com/sports/womens-soccer/coaches,"Official athletics staff page, read 2026-10-09",official_university,yes,2026-10-09,
BW_UC_RIVERSIDE_WSOC,UC Riverside,Carey,Rosenbery,Assistant Women's Soccer Coach,careyr@ucr.edu,,,https://gohighlanders.com/sports/womens-soccer/coaches,"Official athletics staff page, read 2026-10-09",official_university,yes,2026-10-09,
BW_UC_RIVERSIDE_WSOC,UC Riverside,Tara,Oper,Director of Operations/Player Development,tara.oper@ucr.edu,,,https://gohighlanders.com/sports/womens-soccer/coaches,"Official athletics staff page, read 2026-10-09",official_university,yes,2026-10-09,
BW_UC_SAN_DIEGO_WSOC,UC San Diego,Trent,Painter,Assistant Coach,tpainter@ucsd.edu,858-534-8456,,https://ucsdtritons.com/sports/womens-soccer/coaches,"Official athletics staff page, read 2026-10-09",official_university,yes,2026-10-09,
BW_UC_SANTA_BARBARA_WSOC,UC Santa Barbara,Paul,Stumpf,Head Coach,paul.stumpf@athletics.ucsb.edu,,,https://ucsbgauchos.com/sports/womens-soccer/coaches,"Official athletics staff page, read 2026-10-09",official_university,yes,2026-10-09,
BW_UC_SANTA_BARBARA_WSOC,UC Santa Barbara,Andrew,Montenegro,Associate Head Coach,andrew.montenegro@athletics.ucsb.edu,,,https://ucsbgauchos.com/sports/womens-soccer/coaches,"Official athletics staff page, read 2026-10-09",official_university,yes,2026-10-09,
BW_UC_SANTA_BARBARA_WSOC,UC Santa Barbara,Patrick,Mahon,Assistant Coach/Goalkeeper Coach,patrick.mahon@athletics.ucsb.edu,,,https://ucsbgauchos.com/sports/womens-soccer/coaches,"Official athletics staff page, read 2026-10-09",official_university,yes,2026-10-09,
BW_UTAH_VALLEY_WSOC,Utah Valley,Chris,Lemay,Head Coach,chris.lemay@uvu.edu,801-863-7495,,https://gouvu.com/sports/womens-soccer/coaches,"Official athletics staff page, read 2026-10-09",official_university,yes,2026-10-09,
BW_UTAH_VALLEY_WSOC,Utah Valley,Sydney,Bushman,Assistant Coach,sydney.bushman@uvu.edu,,,https://gouvu.com/sports/womens-soccer/coaches,"Official athletics staff page, read 2026-10-09",official_university,yes,2026-10-09,
BW_UTAH_VALLEY_WSOC,Utah Valley,Carter,Johnson,Assistant Coach/Recruiting Coordinator,carter.johnson@uvu.edu,,,https://gouvu.com/sports/womens-soccer/coaches,"Official athletics staff page, read 2026-10-09",official_university,yes,2026-10-09,
BW_UTAH_VALLEY_WSOC,Utah Valley,Vess,Pearson,GM/Assistant Coach,,,,https://gouvu.com/sports/womens-soccer/coaches,"Official athletics staff page, read 2026-10-09",official_university,yes,2026-10-09,
CAA_CAMPBELL_WSOC,Campbell,Jeff,Gross,Head Coach,wsoccer@campbell.edu,910-893-1324,,https://gocamels.com/sports/womens-soccer/coaches,"Official athletics staff page, read 2026-10-09",official_university,yes,2026-10-09,
CAA_CAMPBELL_WSOC,Campbell,Todd,Herman,Assistant Coach,wsoccer@campbell.edu,910-893-4770,,https://gocamels.com/sports/womens-soccer/coaches,"Official athletics staff page, read 2026-10-09",official_university,yes,2026-10-09,
CAA_CAMPBELL_WSOC,Campbell,Hannah,Davies,Assistant Coach,cuwsoperations@campbell.edu,,,https://gocamels.com/sports/womens-soccer/coaches,"Official athletics staff page, read 2026-10-09",official_university,yes,2026-10-09,
CAA_CHARLESTON_WSOC,Charleston,Christian,Michner,Head Coach,michnercm@cofc.edu,(843) 953 5583,,https://cofcsports.com/sports/womens-soccer/coaches,"Official athletics staff page, read 2026-10-09",official_university,yes,2026-10-09,
CAA_CHARLESTON_WSOC,Charleston,Shanna,Caldwell,Associate Head Coach,caldwells@cofc.edu,(843) 953-4365,,https://cofcsports.com/sports/womens-soccer/coaches,"Official athletics staff page, read 2026-10-09",official_university,yes,2026-10-09,
CAA_CHARLESTON_WSOC,Charleston,Marykate,Loper,Assistant Coach,loperm@cofc.edu,,,https://cofcsports.com/sports/womens-soccer/coaches,"Official athletics staff page, read 2026-10-09",official_university,yes,2026-10-09,
CAA_DREXEL_WSOC,Drexel,Shannon,Grogan,Head Women's Soccer Coach,svg43@drexel.edu,,,https://drexeldragons.com/sports/womens-soccer/coaches,"Official athletics staff page, read 2026-10-09",official_university,yes,2026-10-09,
CAA_DREXEL_WSOC,Drexel,Erica,Ludwikowski,Assistant Women's Soccer Coach / Recruiting Coordinator,el938@drexel.edu,,,https://drexeldragons.com/sports/womens-soccer/coaches,"Official athletics staff page, read 2026-10-09",official_university,yes,2026-10-09,
CAA_DREXEL_WSOC,Drexel,Kyle,Schumann,Assistant Women's Soccer Coach,ks4399@drexel.edu,,,https://drexeldragons.com/sports/womens-soccer/coaches,"Official athletics staff page, read 2026-10-09",official_university,yes,2026-10-09,
CAA_DREXEL_WSOC,Drexel,Mike,Paznokas,Assistant Women's Soccer Coach,mp3898@drexel.edu,,,https://drexeldragons.com/sports/womens-soccer/coaches,"Official athletics staff page, read 2026-10-09",official_university,yes,2026-10-09,
CAA_ELON_WSOC,Elon,Neil,Payne,Head Women's Soccer Coach,npayne4@elon.edu,336-278-6745,,https://elonphoenix.com/sports/womens-soccer/coaches,"Official athletics staff page, read 2026-10-09",official_university,yes,2026-10-09,
CAA_ELON_WSOC,Elon,Sean,Sandoval,Assistant Women's Soccer Coach,ssandoval2@elon.edu,(336) 278-6845,,https://elonphoenix.com/sports/womens-soccer/coaches,"Official athletics staff page, read 2026-10-09",official_university,yes,2026-10-09,
CAA_ELON_WSOC,Elon,Clifton,Bush,Assistant Women's Soccer Coach/Goalkeepers Coach,cbush5@elon.edu,,,https://elonphoenix.com/sports/womens-soccer/coaches,"Official athletics staff page, read 2026-10-09",official_university,yes,2026-10-09,
CAA_ELON_WSOC,Elon,Jen,Thomas,Volunteer Women's Soccer Assistant Coach,,,,https://elonphoenix.com/sports/womens-soccer/coaches,"Official athletics staff page, read 2026-10-09",official_university,yes,2026-10-09,
CAA_HAMPTON_WSOC,Hampton,Sam,Cain,Head Coach,samuel.cain@hamptonu.edu,757-727-5517,,https://hamptonpirates.com/sports/womens-soccer/coaches,"Official athletics staff page, read 2026-10-09",official_university,yes,2026-10-09,
CAA_HAMPTON_WSOC,Hampton,Kelly,Diaz,Assistant Coach - Goalkeepers,kelly.diaz@hamptonu.edu,,,https://hamptonpirates.com/sports/womens-soccer/coaches,"Official athletics staff page, read 2026-10-09",official_university,yes,2026-10-09,
CAA_HAMPTON_WSOC,Hampton,Shannon,Brown,Assistant Coach,shannon.brown@hamptonu.edu,,,https://hamptonpirates.com/sports/womens-soccer/coaches,"Official athletics staff page, read 2026-10-09",official_university,yes,2026-10-09,
CAA_HOFSTRA_WSOC,Hofstra,Simon,Riddiough,Head Coach,simon.riddiough@hofstra.edu,(516) 463-3685,,https://gohofstra.com/sports/womens-soccer/coaches,"Official athletics staff page, read 2026-10-09",official_university,yes,2026-10-09,
CAA_HOFSTRA_WSOC,Hofstra,Kelsey,Hauser,Associate Head Coach,kelsey.hauser@hofstra.edu,(516) 463-6975,,https://gohofstra.com/sports/womens-soccer/coaches,"Official athletics staff page, read 2026-10-09",official_university,yes,2026-10-09,
CAA_HOFSTRA_WSOC,Hofstra,Gerry,Lucey,Assistant Coach,gerry.lucey@hofstra.edu,(516) 463-6946,,https://gohofstra.com/sports/womens-soccer/coaches,"Official athletics staff page, read 2026-10-09",official_university,yes,2026-10-09,
CAA_HOFSTRA_WSOC,Hofstra,Scott,Leamey,Volunteer Assistant Coach Trainee,scott.j.leamey@hofstra.edu,(516) 463-6946,,https://gohofstra.com/sports/womens-soccer/coaches,"Official athletics staff page, read 2026-10-09",official_university,yes,2026-10-09,
CAA_MONMOUTH_WSOC,Monmouth,Kylee,Flynn,Head Coach,kprossi@monmouth.edu,732-263-5210,,https://monmouthhawks.com/sports/womens-soccer/coaches,"Official athletics staff page, read 2026-10-09",official_university,yes,2026-10-09,
CAA_MONMOUTH_WSOC,Monmouth,Taylor,Laverty,Associate Head Coach,tlaverty@monmouth.edu,,,https://monmouthhawks.com/sports/womens-soccer/coaches,"Official athletics staff page, read 2026-10-09",official_university,yes,2026-10-09,
CAA_MONMOUTH_WSOC,Monmouth,Justin,Howell,Assistant Coach,jhowell@monmouth.edu,,,https://monmouthhawks.com/sports/womens-soccer/coaches,"Official athletics staff page, read 2026-10-09",official_university,yes,2026-10-09,
CAA_MONMOUTH_WSOC,Monmouth,Julio,Vacacela,Volunteer Assistant Coach,,,,https://monmouthhawks.com/sports/womens-soccer/coaches,"Official athletics staff page, read 2026-10-09",official_university,yes,2026-10-09,
CAA_NORTHEASTERN_WSOC,Northeastern,Ashley,Phillips,Head Coach,a.phillips@northeastern.edu,,,https://nuhuskies.com/sports/womens-soccer/coaches,"Official athletics staff page, read 2026-10-09",official_university,yes,2026-10-09,
CAA_NORTHEASTERN_WSOC,Northeastern,Ricky,Newton,Associate Head Coach,ri.newton@northeastern.edu,,,https://nuhuskies.com/sports/womens-soccer/coaches,"Official athletics staff page, read 2026-10-09",official_university,yes,2026-10-09,
CAA_NORTHEASTERN_WSOC,Northeastern,Abby,Carchio,Assistant Coach,a.carchio@northeastern.edu,,,https://nuhuskies.com/sports/womens-soccer/coaches,"Official athletics staff page, read 2026-10-09",official_university,yes,2026-10-09,
CAA_STONY_BROOK_WSOC,Stony Brook,Tobias,Bischof,Head Coach,tobias.bischof@stonybrook.edu,,,https://stonybrookathletics.com/sports/womens-soccer/coaches,"Official athletics staff page, read 2026-10-09",official_university,yes,2026-10-09,
CAA_STONY_BROOK_WSOC,Stony Brook,Karim,Diallo,Assistant Coach/Recruiting Coordinator,abdoul.diallo@stonybrook.edu,,,https://stonybrookathletics.com/sports/womens-soccer/coaches,"Official athletics staff page, read 2026-10-09",official_university,yes,2026-10-09,
CAA_STONY_BROOK_WSOC,Stony Brook,Sydney,Blomquist,Assistant Coach,sydney.blomquist@stonybrook.edu,,,https://stonybrookathletics.com/sports/womens-soccer/coaches,"Official athletics staff page, read 2026-10-09",official_university,yes,2026-10-09,
CAA_STONY_BROOK_WSOC,Stony Brook,Curtis,Copenhaver,Volunteer Assistant Coach,curtis.copenhaver@stonybrook.edu,,,https://stonybrookathletics.com/sports/womens-soccer/coaches,"Official athletics staff page, read 2026-10-09",official_university,yes,2026-10-09,
CAA_TOWSON_WSOC,Towson,Katherine,Vettori,Head Coach,kvettori@towson.edu,,,https://towsontigers.com/sports/womens-soccer/coaches,"Official athletics staff page, read 2026-10-09",official_university,yes,2026-10-09,
CAA_TOWSON_WSOC,Towson,Matt,Dwyer,Associate Head Coach,mdwyer@towson.edu,410-704-3871,,https://towsontigers.com/sports/womens-soccer/coaches,"Official athletics staff page, read 2026-10-09",official_university,yes,2026-10-09,
CAA_TOWSON_WSOC,Towson,Brad,Hartin,Assistant Coach,bhartin@towson.edu,410-704-3259,,https://towsontigers.com/sports/womens-soccer/coaches,"Official athletics staff page, read 2026-10-09",official_university,yes,2026-10-09,
CAA_TOWSON_WSOC,Towson,Brock,Yetso,Goalkeeper Coach,,,,https://towsontigers.com/sports/womens-soccer/coaches,"Official athletics staff page, read 2026-10-09",official_university,yes,2026-10-09,
CAA_UNC_WILMINGTON_WSOC,UNC Wilmington,Chris,Neal,Head Coach,nealc@uncw.edu,(910) 962-3932,,https://uncwsports.com/sports/womens-soccer/coaches,"Official athletics staff page, read 2026-10-09",official_university,yes,2026-10-09,
CAA_UNC_WILMINGTON_WSOC,UNC Wilmington,Colin,Barnes,Associate Head Coach,barnescs@uncw.edu,,,https://uncwsports.com/sports/womens-soccer/coaches,"Official athletics staff page, read 2026-10-09",official_university,yes,2026-10-09,
CAA_UNC_WILMINGTON_WSOC,UNC Wilmington,Savannah,Stoughton,Assistant Coach,stoughtons@uncw.edu,,,https://uncwsports.com/sports/womens-soccer/coaches,"Official athletics staff page, read 2026-10-09",official_university,yes,2026-10-09,
CAA_UNC_WILMINGTON_WSOC,UNC Wilmington,Greg,Marinich,Assistant Coach,,,,https://uncwsports.com/sports/womens-soccer/coaches,"Official athletics staff page, read 2026-10-09",official_university,yes,2026-10-09,
CAA_WILLIAM_AND_MARY_WSOC,William & Mary,Julie,Shackford,Head Women's Soccer Coach,jcshackford@wm.edu,(757) 221-3387,,https://tribeathletics.com/sports/womens-soccer/coaches,"Official athletics staff page, read 2026-10-09",official_university,yes,2026-10-09,
CAA_WILLIAM_AND_MARY_WSOC,William & Mary,Marsha,Lycan,Associate Head Coach,mflycan@wm.edu,(757) 221-4575,,https://tribeathletics.com/sports/womens-soccer/coaches,"Official athletics staff page, read 2026-10-09",official_university,yes,2026-10-09,
CAA_WILLIAM_AND_MARY_WSOC,William & Mary,Kohl,Orner,Assistant Coach,korner@wm.edu,757-221-3535,,https://tribeathletics.com/sports/womens-soccer/coaches,"Official athletics staff page, read 2026-10-09",official_university,yes,2026-10-09,
CAA_WILLIAM_AND_MARY_WSOC,William & Mary,John,Daly,Volunteer Assistant Coach,,,,https://tribeathletics.com/sports/womens-soccer/coaches,"Official athletics staff page, read 2026-10-09",official_university,yes,2026-10-09,
CUSA_DELAWARE_WSOC,Delaware,Kelly,Lawrence,Head Women's Soccer Coach,,,,https://bluehens.com/sports/womens-soccer/coaches,"Official athletics staff page, read 2026-10-09",official_university,yes,2026-10-09,
CUSA_DELAWARE_WSOC,Delaware,Shannon,Coley,Associate Head Coach,,,,https://bluehens.com/sports/womens-soccer/coaches,"Official athletics staff page, read 2026-10-09",official_university,yes,2026-10-09,
CUSA_DELAWARE_WSOC,Delaware,Adam,Richardson,"Assistant Coach/Director, Program Operations",,,,https://bluehens.com/sports/womens-soccer/coaches,"Official athletics staff page, read 2026-10-09",official_university,yes,2026-10-09,
CUSA_FIU_WSOC,FIU,Mat,Dunn,Head Coach,madunn@fiu.edu,,,https://fiusports.com/sports/womens-soccer/coaches,"Official athletics staff page, read 2026-10-09",official_university,yes,2026-10-09,
CUSA_FIU_WSOC,FIU,Peter,Arnold,Assistant Coach,,,,https://fiusports.com/sports/womens-soccer/coaches,"Official athletics staff page, read 2026-10-09",official_university,yes,2026-10-09,
CUSA_FIU_WSOC,FIU,Lee,Dunn,Volunteer Assistant Coach,,,,https://fiusports.com/sports/womens-soccer/coaches,"Official athletics staff page, read 2026-10-09",official_university,yes,2026-10-09,
CUSA_FIU_WSOC,FIU,Vinnie,Cainth,Volunteer Goalkeeper Coach,,,,https://fiusports.com/sports/womens-soccer/coaches,"Official athletics staff page, read 2026-10-09",official_university,yes,2026-10-09,
CUSA_FIU_WSOC,FIU,Craig,Mooney,Volunteer Assistant Coach,,,,https://fiusports.com/sports/womens-soccer/coaches,"Official athletics staff page, read 2026-10-09",official_university,yes,2026-10-09,
CUSA_JACKSONVILLE_STATE_WSOC,Jacksonville State,Corey,Smith,Head Soccer Coach,coreysmith@jsu.edu,256-782-5679,,https://jaxstatesports.com/sports/womens-soccer/coaches,"Official athletics staff page, read 2026-10-09",official_university,yes,2026-10-09,
CUSA_JACKSONVILLE_STATE_WSOC,Jacksonville State,Lettie,Lundy,Assistant Soccer Coach,llundy@jsu.edu,,,https://jaxstatesports.com/sports/womens-soccer/coaches,"Official athletics staff page, read 2026-10-09",official_university,yes,2026-10-09,
CUSA_KENNESAW_STATE_WSOC,Kennesaw State,Chris,Cahill,Head Coach,,470-578-2778,,https://ksuowls.com/sports/womens-soccer/coaches,"Official athletics staff page, read 2026-10-09",official_university,yes,2026-10-09,
CUSA_KENNESAW_STATE_WSOC,Kennesaw State,Daniella,Murguia,Assistant Coach,dmurguia@kennesaw.edu,,,https://ksuowls.com/sports/womens-soccer/coaches,"Official athletics staff page, read 2026-10-09",official_university,yes,2026-10-09,
CUSA_KENNESAW_STATE_WSOC,Kennesaw State,Wezly,Barnard,Assistant Coach,wbarnar4@kennesaw.edu,,,https://ksuowls.com/sports/womens-soccer/coaches,"Official athletics staff page, read 2026-10-09",official_university,yes,2026-10-09,
CUSA_LIBERTY_WSOC,Liberty,Lang,Wedemeyer,Head Coach,flwedemeyer@liberty.edu,,,https://libertyflames.com/sports/womens-soccer/coaches,"Official athletics staff page, read 2026-10-09",official_university,yes,2026-10-09,
CUSA_LIBERTY_WSOC,Liberty,Tori,Collar,Assistant Coach,vcollar@liberty.edu,,,https://libertyflames.com/sports/womens-soccer/coaches,"Official athletics staff page, read 2026-10-09",official_university,yes,2026-10-09,
CUSA_LIBERTY_WSOC,Liberty,Kailey,Bartholomew,Assistant Coach,kbartholomew3@liberty.edu,,,https://libertyflames.com/sports/womens-soccer/coaches,"Official athletics staff page, read 2026-10-09",official_university,yes,2026-10-09,
CUSA_LIBERTY_WSOC,Liberty,Joel,Bartholomew,Assistant Coach,,,,https://libertyflames.com/sports/womens-soccer/coaches,"Official athletics staff page, read 2026-10-09",official_university,yes,2026-10-09,
CUSA_MIDDLE_TENNESSEE_WSOC,Middle Tennessee,Aston,Rhoden,Head Soccer Coach,aston.rhoden@mtsu.edu,,,https://goblueraiders.com/sports/womens-soccer/coaches,"Official athletics staff page, read 2026-10-09",official_university,yes,2026-10-09,
CUSA_MIDDLE_TENNESSEE_WSOC,Middle Tennessee,Hannah,Hoefs,Associate Head Coach,hannah.hoefs@mtsu.edu,,,https://goblueraiders.com/sports/womens-soccer/coaches,"Official athletics staff page, read 2026-10-09",official_university,yes,2026-10-09,
CUSA_MIDDLE_TENNESSEE_WSOC,Middle Tennessee,Pritchard,Ndaira,Assistant Coach,pritchard.ndaira@mtsu.edu,,,https://goblueraiders.com/sports/womens-soccer/coaches,"Official athletics staff page, read 2026-10-09",official_university,yes,2026-10-09,
CUSA_MIDDLE_TENNESSEE_WSOC,Middle Tennessee,Trent,Frederick,Assistant Coach,c_tfrederick@mtsu.edu,,,https://goblueraiders.com/sports/womens-soccer/coaches,"Official athletics staff page, read 2026-10-09",official_university,yes,2026-10-09,
CUSA_MISSOURI_STATE_WSOC,Missouri State,Kirk,Nelson,Head Coach,kirknelson@missouristate.edu,(417) 836-6968,,https://missouristatebears.com/sports/womens-soccer/coaches,"Official athletics staff page, read 2026-10-09",official_university,yes,2026-10-09,
CUSA_MISSOURI_STATE_WSOC,Missouri State,Sara,Halilhodzic,Assistant Coach,shalilhodzic@missouristate.edu,(417) 836-5242,,https://missouristatebears.com/sports/womens-soccer/coaches,"Official athletics staff page, read 2026-10-09",official_university,yes,2026-10-09,
CUSA_MISSOURI_STATE_WSOC,Missouri State,Christy,Kononiuk,Assistant Coach,christinakononiuk@missouristate.edu,(417) 836-5242,,https://missouristatebears.com/sports/womens-soccer/coaches,"Official athletics staff page, read 2026-10-09",official_university,yes,2026-10-09,
CUSA_MISSOURI_STATE_WSOC,Missouri State,Adam,Nerio,Assistant Coach,adamnerio@missouristate.edu,(417) 836-5242,,https://missouristatebears.com/sports/womens-soccer/coaches,"Official athletics staff page, read 2026-10-09",official_university,yes,2026-10-09,
CUSA_NEW_MEXICO_STATE_WSOC,New Mexico State,Rob,Baarts,Head Coach,baarts@nmsu.edu,,,https://nmstatesports.com/sports/womens-soccer/coaches,"Official athletics staff page, read 2026-10-09",official_university,yes,2026-10-09,
CUSA_NEW_MEXICO_STATE_WSOC,New Mexico State,Stacie,Owers,Associate Head Coach,owers@nmsu.edu,,,https://nmstatesports.com/sports/womens-soccer/coaches,"Official athletics staff page, read 2026-10-09",official_university,yes,2026-10-09,
CUSA_NEW_MEXICO_STATE_WSOC,New Mexico State,Shayna,Whieldon,Assistant Coach,,,,https://nmstatesports.com/sports/womens-soccer/coaches,"Official athletics staff page, read 2026-10-09",official_university,yes,2026-10-09,
CUSA_SAM_HOUSTON_WSOC,Sam Houston,Kendall,Ayers,Head Coach,kja055@shsu.edu,936 294-1244,,https://gobearkats.com/sports/womens-soccer/coaches,"Official athletics staff page, read 2026-10-09",official_university,yes,2026-10-09,
CUSA_SAM_HOUSTON_WSOC,Sam Houston,Max,Flores,Associate Head Coach,mxf130@shsu.edu,(832) 752-9461,,https://gobearkats.com/sports/womens-soccer/coaches,"Official athletics staff page, read 2026-10-09",official_university,yes,2026-10-09,
CUSA_SAM_HOUSTON_WSOC,Sam Houston,Savannah,Madden,Assistant Coach,slm176@shsu.edu,,,https://gobearkats.com/sports/womens-soccer/coaches,"Official athletics staff page, read 2026-10-09",official_university,yes,2026-10-09,
CUSA_WESTERN_KENTUCKY_WSOC,Western Kentucky,Jason,Neidell,Head Coach,jason.neidell@wku.edu,(270) 745-6563,,https://wkusports.com/sports/womens-soccer/coaches,"Official athletics staff page, read 2026-10-09",official_university,yes,2026-10-09,
CUSA_WESTERN_KENTUCKY_WSOC,Western Kentucky,Antonio La,Gamba,Assistant Coach,antonio.lagamba@wku.edu,270-745-4326,,https://wkusports.com/sports/womens-soccer/coaches,"Official athletics staff page, read 2026-10-09",official_university,yes,2026-10-09,
CUSA_WESTERN_KENTUCKY_WSOC,Western Kentucky,Emma,Tompkins,Assistant Coach,emma.tompkins@wku.edu,270-745-3185,,https://wkusports.com/sports/womens-soccer/coaches,"Official athletics staff page, read 2026-10-09",official_university,yes,2026-10-09,
HOR_CLEVELAND_STATE_WSOC,Cleveland State,Mark,Sappington,Head Coach,csuwsoccer@csuohio.edu,,,https://csuvikings.com/sports/womens-soccer/coaches,"Official athletics staff page, read 2026-10-09",official_university,yes,2026-10-09,
HOR_CLEVELAND_STATE_WSOC,Cleveland State,Frank,Carrozza,Assistant Coach,,,,https://csuvikings.com/sports/womens-soccer/coaches,"Official athletics staff page, read 2026-10-09",official_university,yes,2026-10-09,
HOR_CLEVELAND_STATE_WSOC,Cleveland State,Mario,Houston,Assistant Coach,,,,https://csuvikings.com/sports/womens-soccer/coaches,"Official athletics staff page, read 2026-10-09",official_university,yes,2026-10-09,
HOR_DETROIT_MERCY_WSOC,Detroit Mercy,Steve,Shelton,Head Women's Soccer Coach,sheltosf@udmercy.edu,313-657-4505,,https://detroittitans.com/sports/womens-soccer/coaches,"Official athletics staff page, read 2026-10-09",official_university,yes,2026-10-09,
HOR_DETROIT_MERCY_WSOC,Detroit Mercy,Eliott,Tarney,Assistant Coach/Recruiting Coordinator,tarneyel@udmercy.edu,248-762-0691,,https://detroittitans.com/sports/womens-soccer/coaches,"Official athletics staff page, read 2026-10-09",official_university,yes,2026-10-09,
HOR_DETROIT_MERCY_WSOC,Detroit Mercy,Emma,Voelker,Volunteer Assistant Coach,voelkeel@udmercy.edu,,,https://detroittitans.com/sports/womens-soccer/coaches,"Official athletics staff page, read 2026-10-09",official_university,yes,2026-10-09,
HOR_GREEN_BAY_WSOC,Green Bay,Matt,Kagan,Head Coach,kaganm@uwgb.edu,,,https://greenbayphoenix.com/sports/womens-soccer/coaches,"Official athletics staff page, read 2026-10-09",official_university,yes,2026-10-09,
HOR_GREEN_BAY_WSOC,Green Bay,Josh,Davis,Assistant Coach,davisj@uwgb.edu,,,https://greenbayphoenix.com/sports/womens-soccer/coaches,"Official athletics staff page, read 2026-10-09",official_university,yes,2026-10-09,
HOR_IU_INDY_WSOC,IU Indy,Angela Berry,White,Head Coach,aberrywh@iu.edu,,,https://iuindyjags.com/sports/womens-soccer/coaches,"Official athletics staff page, read 2026-10-09",official_university,yes,2026-10-09,
HOR_IU_INDY_WSOC,IU Indy,Gina,Cormier,Assistant Coach,gcormie@iu.edu,,,https://iuindyjags.com/sports/womens-soccer/coaches,"Official athletics staff page, read 2026-10-09",official_university,yes,2026-10-09,
HOR_IU_INDY_WSOC,IU Indy,Allison,Abbe,Assistant Coach,aaabbe@iu.edu,,,https://iuindyjags.com/sports/womens-soccer/coaches,"Official athletics staff page, read 2026-10-09",official_university,yes,2026-10-09,
HOR_MILWAUKEE_WSOC,Milwaukee,Kevin,Boyd,Head Coach,boydk@uwm.edu,,,https://mkepanthers.com/sports/womens-soccer/coaches,"Official athletics staff page, read 2026-10-09",official_university,yes,2026-10-09,
HOR_MILWAUKEE_WSOC,Milwaukee,Logan,Langseth,Assistant Coach,langseth@uwm.edu,,,https://mkepanthers.com/sports/womens-soccer/coaches,"Official athletics staff page, read 2026-10-09",official_university,yes,2026-10-09,
HOR_MILWAUKEE_WSOC,Milwaukee,Jacob,Dietrich,Assistant Coach,dietricj@uwm.edu,,,https://mkepanthers.com/sports/womens-soccer/coaches,"Official athletics staff page, read 2026-10-09",official_university,yes,2026-10-09,
HOR_NORTHERN_ILLINOIS_WSOC,Northern Illinois,Michael,O'Neill,Head Coach,moneill1@niu.edu,(815) 753-9535,,https://niuhuskies.com/sports/womens-soccer/coaches,"Official athletics staff page, read 2026-10-09",official_university,yes,2026-10-09,
HOR_NORTHERN_ILLINOIS_WSOC,Northern Illinois,Luke,Aspinall-Stanton,Assistant Coach,jaspinallstanton@niu.edu,,,https://niuhuskies.com/sports/womens-soccer/coaches,"Official athletics staff page, read 2026-10-09",official_university,yes,2026-10-09,
HOR_NORTHERN_ILLINOIS_WSOC,Northern Illinois,Gabi,McAlpine,Assistant Coach,gmcalpine1@niu.edu,,,https://niuhuskies.com/sports/womens-soccer/coaches,"Official athletics staff page, read 2026-10-09",official_university,yes,2026-10-09,
HOR_NORTHERN_KENTUCKY_WSOC,Northern Kentucky,Bob,Sheehan,Head Coach,sheehanr@nku.edu,(859) 448-8974,,https://nkunorse.com/sports/womens-soccer/coaches,"Official athletics staff page, read 2026-10-09",official_university,yes,2026-10-09,
HOR_NORTHERN_KENTUCKY_WSOC,Northern Kentucky,Terry,Gruelle,Assistant Coach,,,,https://nkunorse.com/sports/womens-soccer/coaches,"Official athletics staff page, read 2026-10-09",official_university,yes,2026-10-09,
HOR_OAKLAND_WSOC,Oakland,Devin,Zvosec,Head Coach,devinzvosec@oakland.edu,,,https://goldengrizzlies.com/sports/womens-soccer/coaches,"Official athletics staff page, read 2026-10-09",official_university,yes,2026-10-09,
HOR_OAKLAND_WSOC,Oakland,Jordan,Craze,Assistant Coach / Goalkeeper Coach,wjcraze@oakland.edu,,,https://goldengrizzlies.com/sports/womens-soccer/coaches,"Official athletics staff page, read 2026-10-09",official_university,yes,2026-10-09,
HOR_OAKLAND_WSOC,Oakland,Keira,Host,Operations Manager,,,,https://goldengrizzlies.com/sports/womens-soccer/coaches,"Official athletics staff page, read 2026-10-09",official_university,yes,2026-10-09,
HOR_PURDUE_FORT_WAYNE_WSOC,Purdue Fort Wayne,Jason,Burr,Head Coach (13th Season),burrj@pfw.edu,(260) 481-0132,,https://gomastodons.com/sports/womens-soccer/coaches,"Official athletics staff page, read 2026-10-09",official_university,yes,2026-10-09,
HOR_PURDUE_FORT_WAYNE_WSOC,Purdue Fort Wayne,Josh,Routte,Associate Head Coach (4th season),jroutte@pfw.edu,,,https://gomastodons.com/sports/womens-soccer/coaches,"Official athletics staff page, read 2026-10-09",official_university,yes,2026-10-09,
HOR_PURDUE_FORT_WAYNE_WSOC,Purdue Fort Wayne,Sam,Castañeda,Goalkeeper Coach (2nd Season),castsg01@pfw.edu,(260) 481-5453,,https://gomastodons.com/sports/womens-soccer/coaches,"Official athletics staff page, read 2026-10-09",official_university,yes,2026-10-09,
HOR_PURDUE_FORT_WAYNE_WSOC,Purdue Fort Wayne,Jordan,Imes,Goalkeeper Coach (1st Season),,,,https://gomastodons.com/sports/womens-soccer/coaches,"Official athletics staff page, read 2026-10-09",official_university,yes,2026-10-09,
HOR_ROBERT_MORRIS_WSOC,Robert Morris,Michelle,Rick,Head Coach,womenssoccer@rmu.edu,(412) 397-4978,,https://rmucolonials.com/sports/womens-soccer/coaches,"Official athletics staff page, read 2026-10-09",official_university,yes,2026-10-09,
HOR_ROBERT_MORRIS_WSOC,Robert Morris,Kayla,McNamara,Assistant Coach,womenssoccer@rmu.edu,(412) 397-6038,,https://rmucolonials.com/sports/womens-soccer/coaches,"Official athletics staff page, read 2026-10-09",official_university,yes,2026-10-09,
HOR_ROBERT_MORRIS_WSOC,Robert Morris,Kevin,Garcia,Goalkeeper Coach,,,,https://rmucolonials.com/sports/womens-soccer/coaches,"Official athletics staff page, read 2026-10-09",official_university,yes,2026-10-09,
HOR_WRIGHT_STATE_WSOC,Wright State,Travis,Sobers,Head Coach,travis.sobers@wright.edu,937-775-2771,,https://wsuraiders.com/sports/womens-soccer/coaches,"Official athletics staff page, read 2026-10-09",official_university,yes,2026-10-09,
HOR_WRIGHT_STATE_WSOC,Wright State,Haley,Shelton,Assistant Coach,haley.shelton@wright.edu,,,https://wsuraiders.com/sports/womens-soccer/coaches,"Official athletics staff page, read 2026-10-09",official_university,yes,2026-10-09,
HOR_WRIGHT_STATE_WSOC,Wright State,Neil,Daniels,Assistant Coach,neil.daniels@wright.edu,937-775-2771,,https://wsuraiders.com/sports/womens-soccer/coaches,"Official athletics staff page, read 2026-10-09",official_university,yes,2026-10-09,
HOR_YOUNGSTOWN_STATE_WSOC,Youngstown State,Rich,Wall,Women's Soccer Head Coach,rjwall@ysu.edu,,,https://ysusports.com/sports/womens-soccer/coaches,"Official athletics staff page, read 2026-10-09",official_university,yes,2026-10-09,
HOR_YOUNGSTOWN_STATE_WSOC,Youngstown State,Anna,Braughton,Assistant Women's Soccer Coach,agrexford@ysu.edu,,,https://ysusports.com/sports/womens-soccer/coaches,"Official athletics staff page, read 2026-10-09",official_university,yes,2026-10-09,
HOR_YOUNGSTOWN_STATE_WSOC,Youngstown State,Taryn,Baxter,Assistant Women's Soccer Coach,tbaxter01@ysu.edu,,,https://ysusports.com/sports/womens-soccer/coaches,"Official athletics staff page, read 2026-10-09",official_university,yes,2026-10-09,
IND_SOUTH_CAROLINA_STATE_WSOC,South Carolina State,Andrew,Richardson,Head Women's Soccer Coach,aricha41@scsu.edu,,,https://www.scsuathletics.com/sports/womens-soccer/coaches,"Official athletics staff page, read 2026-10-09",official_university,yes,2026-10-09,
IVY_BRWN_WSOC,Brown,Kia,McNeill,Messing Family Head Coach for Brown Varsity Women's Soccer,kia_mcneill@brown.edu,,,https://brownbears.com/sports/womens-soccer/coaches,"Official athletics staff page, read 2026-10-09",official_university,yes,2026-10-09,
IVY_BRWN_WSOC,Brown,Andre,Reis,Associate Head Coach & Recruiting Coordinator,andre_reis@brown.edu,,,https://brownbears.com/sports/womens-soccer/coaches,"Official athletics staff page, read 2026-10-09",official_university,yes,2026-10-09,
IVY_BRWN_WSOC,Brown,Jake,Castro,Assistant Coach,jake_castro@brown.edu,,,https://brownbears.com/sports/womens-soccer/coaches,"Official athletics staff page, read 2026-10-09",official_university,yes,2026-10-09,
IVY_BRWN_WSOC,Brown,Justine,Stoner,Director of Operations,justine_stoner@brown.edu,,,https://brownbears.com/sports/womens-soccer/coaches,"Official athletics staff page, read 2026-10-09",official_university,yes,2026-10-09,
IVY_COL_WSOC,Columbia,Tracey,Bartholomew,Head Coach,,212-854-4559,,https://gocolumbialions.com/sports/womens-soccer/coaches,"Official athletics staff page, read 2026-10-09",official_university,yes,2026-10-09,
IVY_COL_WSOC,Columbia,Amphone,Keovongmanysar,Associate Head Coach,,212-851-0109,,https://gocolumbialions.com/sports/womens-soccer/coaches,"Official athletics staff page, read 2026-10-09",official_university,yes,2026-10-09,
IVY_COL_WSOC,Columbia,Jack,Abelson,Assistant Coach,,(212) 851-0110,,https://gocolumbialions.com/sports/womens-soccer/coaches,"Official athletics staff page, read 2026-10-09",official_university,yes,2026-10-09,
IVY_CORN_WSOC,Cornell,Rob,Ferguson,Head Coach,cornellsoccer@cornell.edu,,,https://cornellbigred.com/sports/womens-soccer/coaches,"Official athletics staff page, read 2026-10-09",official_university,yes,2026-10-09,
IVY_CORN_WSOC,Cornell,Danielle,Reid-Espinal,Associate Head Coach,cornellsoccer@cornell.edu,,,https://cornellbigred.com/sports/womens-soccer/coaches,"Official athletics staff page, read 2026-10-09",official_university,yes,2026-10-09,
IVY_CORN_WSOC,Cornell,Shaela,Krayer,Assistant Coach / Recruiting Coordinator,cornellsoccer@cornell.edu,,,https://cornellbigred.com/sports/womens-soccer/coaches,"Official athletics staff page, read 2026-10-09",official_university,yes,2026-10-09,
IVY_DART_WSOC,Dartmouth,Taylor,Schram,Stacy Branca '94 Family Head Coach of Women's Soccer,taylor.m.schram@dartmouth.edu,,,https://dartmouthsports.com/sports/womens-soccer/coaches,"Official athletics staff page, read 2026-10-09",official_university,yes,2026-10-09,
IVY_DART_WSOC,Dartmouth,Rachel,Pitman,Associate Head Coach,rachel.s.pitman@dartmouth.edu,,,https://dartmouthsports.com/sports/womens-soccer/coaches,"Official athletics staff page, read 2026-10-09",official_university,yes,2026-10-09,
IVY_DART_WSOC,Dartmouth,Hayley,Dowd,Assistant Coach,hayley.j.dowd@dartmouth.edu,,,https://dartmouthsports.com/sports/womens-soccer/coaches,"Official athletics staff page, read 2026-10-09",official_university,yes,2026-10-09,
IVY_DART_WSOC,Dartmouth,Kathleen,Duwve,Assistant Coach,kathleen.m.duwve@dartmouth.edu,,,https://dartmouthsports.com/sports/womens-soccer/coaches,"Official athletics staff page, read 2026-10-09",official_university,yes,2026-10-09,
IVY_HARV_WSOC,Harvard,Chris,Hamblin,The Branca Family Head Coach for Harvard Women's Soccer,wsoccer@fas.harvard.edu,,,https://gocrimson.com/sports/womens-soccer/coaches,"Official athletics staff page, read 2026-10-09",official_university,yes,2026-10-09,
IVY_HARV_WSOC,Harvard,Mike,Calise,Associate Head Coach/Recruiting Coordinator,wsoccer@fas.harvard.edu,,,https://gocrimson.com/sports/womens-soccer/coaches,"Official athletics staff page, read 2026-10-09",official_university,yes,2026-10-09,
IVY_HARV_WSOC,Harvard,Mark,McDevitt,Assistant Coach/Recruiting Coordinator,wsoccer@fas.harvard.edu,,,https://gocrimson.com/sports/womens-soccer/coaches,"Official athletics staff page, read 2026-10-09",official_university,yes,2026-10-09,
IVY_HARV_WSOC,Harvard,Nicole,Rodriguez,Soccer Operations Coordinator - Sports Science,,,,https://gocrimson.com/sports/womens-soccer/coaches,"Official athletics staff page, read 2026-10-09",official_university,yes,2026-10-09,
IVY_PENN_WSOC,Penn,Dr. Krissy,Turner,Douglas N. Brush Head Coach,dria-wsoc.recruiting@dria.upenn.edu,923 898-2923,,https://pennathletics.com/sports/womens-soccer/coaches,"Official athletics staff page, read 2026-10-09",official_university,yes,2026-10-09,
IVY_PENN_WSOC,Penn,Seve,Hirst,Assistant Coach,dria-wsoc.recruiting@dria.upenn.edu,,,https://pennathletics.com/sports/womens-soccer/coaches,"Official athletics staff page, read 2026-10-09",official_university,yes,2026-10-09,
IVY_PENN_WSOC,Penn,Kamryn,Stablein,Assistant Coach,dria-wsoc.recruiting@dria.upenn.edu,,,https://pennathletics.com/sports/womens-soccer/coaches,"Official athletics staff page, read 2026-10-09",official_university,yes,2026-10-09,
IVY_PRIN_WSOC,Princeton,Sean,Driscoll,Head Coach,wsoccer@princeton.edu,609-258-5092,,https://goprincetontigers.com/sports/womens-soccer/coaches,"Official athletics staff page, read 2026-10-09",official_university,yes,2026-10-09,
IVY_PRIN_WSOC,Princeton,Mike,Poller,Associate Head Coach/Recruiting Coordinator,mpoller@princeton.edu,609-258-4921,,https://goprincetontigers.com/sports/womens-soccer/coaches,"Official athletics staff page, read 2026-10-09",official_university,yes,2026-10-09,
IVY_PRIN_WSOC,Princeton,Chris,Duggan,Assistant Coach,cd9868@princeton.edu,,,https://goprincetontigers.com/sports/womens-soccer/coaches,"Official athletics staff page, read 2026-10-09",official_university,yes,2026-10-09,
IVY_YALE_WSOC,Yale,Sarah,Martinez,Loring Family Head Coach of Women's Soccer,sarah.martinez@yale.edu,203-432-1492,,https://yalebulldogs.com/sports/womens-soccer/coaches,"Official athletics staff page, read 2026-10-09",official_university,yes,2026-10-09,
IVY_YALE_WSOC,Yale,Andrew,Hudson,Assistant Coach,andrew.j.hudson@yale.edu,,,https://yalebulldogs.com/sports/womens-soccer/coaches,"Official athletics staff page, read 2026-10-09",official_university,yes,2026-10-09,
IVY_YALE_WSOC,Yale,Jonathan,Murray,Assistant Coach,jonathan.murray@yale.edu,,,https://yalebulldogs.com/sports/womens-soccer/coaches,"Official athletics staff page, read 2026-10-09",official_university,yes,2026-10-09,
IVY_YALE_WSOC,Yale,Paul,DelloStritto,Assistant Coach,,,,https://yalebulldogs.com/sports/womens-soccer/coaches,"Official athletics staff page, read 2026-10-09",official_university,yes,2026-10-09,
IVY_YALE_WSOC,Yale,Misha,Tasaka,Director of Operations,,,,https://yalebulldogs.com/sports/womens-soccer/coaches,"Official athletics staff page, read 2026-10-09",official_university,yes,2026-10-09,
MAAC_CANISIUS_WSOC,Canisius,Ryan,Louis,Head Coach,louisr@canisius.edu,(716) 888-8460,,https://gogriffs.com/sports/womens-soccer/coaches,"Official athletics staff page, read 2026-10-09",official_university,yes,2026-10-09,
MAAC_CANISIUS_WSOC,Canisius,Taylor,DiMarco,Assistant Coach,dimarcot@canisius.edu,,,https://gogriffs.com/sports/womens-soccer/coaches,"Official athletics staff page, read 2026-10-09",official_university,yes,2026-10-09,
MAAC_CANISIUS_WSOC,Canisius,Alana,Rossi,Assistant Coach,rossi11@canisius.edu,,,https://gogriffs.com/sports/womens-soccer/coaches,"Official athletics staff page, read 2026-10-09",official_university,yes,2026-10-09,
MAAC_FAIRFIELD_WSOC,Fairfield,David,Barrett,Head Women's Soccer Coach,dbarrett@fairfield.edu,203-254-4000,,https://fairfieldstags.com/sports/womens-soccer/coaches,"Official athletics staff page, read 2026-10-09",official_university,yes,2026-10-09,
MAAC_FAIRFIELD_WSOC,Fairfield,Corey,Holton,Associate Head Coach,cholton@fairfield.edu,203-254-4000,,https://fairfieldstags.com/sports/womens-soccer/coaches,"Official athletics staff page, read 2026-10-09",official_university,yes,2026-10-09,
MAAC_FAIRFIELD_WSOC,Fairfield,Chris,Flaherty,Assistant Coach - Goalkeepers,,,,https://fairfieldstags.com/sports/womens-soccer/coaches,"Official athletics staff page, read 2026-10-09",official_university,yes,2026-10-09,
MAAC_FAIRFIELD_WSOC,Fairfield,Reilly,Johnson,Graduate Assistant Women's Soccer Coach,reilly.johnson@fairfield.edu,203-254-4000,,https://fairfieldstags.com/sports/womens-soccer/coaches,"Official athletics staff page, read 2026-10-09",official_university,yes,2026-10-09,
MAAC_IONA_WSOC,Iona,Todd,Plourde,Head Coach,tplourde@iona.edu,(914) 633-2131,,https://ionagaels.com/sports/womens-soccer/coaches,"Official athletics staff page, read 2026-10-09",official_university,yes,2026-10-09,
MAAC_IONA_WSOC,Iona,Marty,Walker,Assistant Coach,mwalker@iona.edu,(914) 633-2131,,https://ionagaels.com/sports/womens-soccer/coaches,"Official athletics staff page, read 2026-10-09",official_university,yes,2026-10-09,
MAAC_IONA_WSOC,Iona,Gabrielle,Isola,Assistant Coach,gisola@iona.edu,(914) 633-2131,,https://ionagaels.com/sports/womens-soccer/coaches,"Official athletics staff page, read 2026-10-09",official_university,yes,2026-10-09,
MAAC_IONA_WSOC,Iona,Faith,Preziosi,Assistant Coach,fpreziosi@iona.edu,,,https://ionagaels.com/sports/womens-soccer/coaches,"Official athletics staff page, read 2026-10-09",official_university,yes,2026-10-09,
MAAC_MANHATTAN_WSOC,Manhattan,Brendan,Lawler,Head Coach,brendan.lawler@manhattan.edu,718-862-7843,,https://gojaspers.com/sports/womens-soccer/coaches,"Official athletics staff page, read 2026-10-09",official_university,yes,2026-10-09,
MAAC_MANHATTAN_WSOC,Manhattan,Katie,Watt,Assistant Coach,katie.watt@manhattan.edu,,,https://gojaspers.com/sports/womens-soccer/coaches,"Official athletics staff page, read 2026-10-09",official_university,yes,2026-10-09,
MAAC_MARIST_WSOC,Marist,Nicole Pacapelli,Ciano,Head Coach,nicole.pacapelli@marist.edu,,,https://goredfoxes.com/sports/womens-soccer/coaches,"Official athletics staff page, read 2026-10-09",official_university,yes,2026-10-09,
MAAC_MARIST_WSOC,Marist,Mackenzie,Hanna,Assistant Coach,mackenzie.hanna@marist.edu,,,https://goredfoxes.com/sports/womens-soccer/coaches,"Official athletics staff page, read 2026-10-09",official_university,yes,2026-10-09,
MAAC_MARIST_WSOC,Marist,Allison,Falvo,Assistant Coach,allison.falvo1@marist.edu,,,https://goredfoxes.com/sports/womens-soccer/coaches,"Official athletics staff page, read 2026-10-09",official_university,yes,2026-10-09,
MAAC_MERRIMACK_WSOC,Merrimack,Gabe,Mejail,Head Women's Soccer Coach,mejailg@merrimack.edu,978-837-5989,,https://merrimackathletics.com/sports/womens-soccer/coaches,"Official athletics staff page, read 2026-10-09",official_university,yes,2026-10-09,
MAAC_MERRIMACK_WSOC,Merrimack,Paul,Athanasiadis,Associate Head Women's Soccer Coach,pavlos.athanasiadis@merrimack.edu,978-837-5989,,https://merrimackathletics.com/sports/womens-soccer/coaches,"Official athletics staff page, read 2026-10-09",official_university,yes,2026-10-09,
MAAC_MERRIMACK_WSOC,Merrimack,Rich,Perry,Assistant Women's Soccer Coach,perryrl@merrimack.edu,978-837-5989,,https://merrimackathletics.com/sports/womens-soccer/coaches,"Official athletics staff page, read 2026-10-09",official_university,yes,2026-10-09,
MAAC_MERRIMACK_WSOC,Merrimack,Sam,Rom,Assistant Women's Soccer Coach,,,,https://merrimackathletics.com/sports/womens-soccer/coaches,"Official athletics staff page, read 2026-10-09",official_university,yes,2026-10-09,
MAAC_MOUNT_ST_MARY_S_WSOC,Mount St. Mary's,Liis,Abbott,Head Coach,l.e.abbott@msmary.edu,,,https://mountathletics.com/sports/womens-soccer/coaches,"Official athletics staff page, read 2026-10-09",official_university,yes,2026-10-09,
MAAC_MOUNT_ST_MARY_S_WSOC,Mount St. Mary's,Arden,Lembryk,Assistant Coach,ar.m.lembryk@msmary.edu,,,https://mountathletics.com/sports/womens-soccer/coaches,"Official athletics staff page, read 2026-10-09",official_university,yes,2026-10-09,
MAAC_MOUNT_ST_MARY_S_WSOC,Mount St. Mary's,Chuck,Hommey,Assistant Coach,c.a.hommey@msmary.edu,,,https://mountathletics.com/sports/womens-soccer/coaches,"Official athletics staff page, read 2026-10-09",official_university,yes,2026-10-09,
MAAC_NIAGARA_WSOC,Niagara,Donny,George,Head Coach,donnyg@niagara.edu,,,https://purpleeagles.com/sports/womens-soccer/coaches,"Official athletics staff page, read 2026-10-09",official_university,yes,2026-10-09,
MAAC_NIAGARA_WSOC,Niagara,Kendrick,Tarmino,Assistant Coach,ktarmino@niagara.edu,,,https://purpleeagles.com/sports/womens-soccer/coaches,"Official athletics staff page, read 2026-10-09",official_university,yes,2026-10-09,
MAAC_QUINNIPIAC_WSOC,Quinnipiac,Dave,Clarke,Women's Soccer Head Coach,david.clarke@qu.edu,(203) 582-5315,,https://gobobcats.com/sports/womens-soccer/coaches,"Official athletics staff page, read 2026-10-09",official_university,yes,2026-10-09,
MAAC_QUINNIPIAC_WSOC,Quinnipiac,Dan,Fabian,Women's Soccer Assistant Coach,daniel.fabian@qu.edu,,,https://gobobcats.com/sports/womens-soccer/coaches,"Official athletics staff page, read 2026-10-09",official_university,yes,2026-10-09,
MAAC_QUINNIPIAC_WSOC,Quinnipiac,Jamie,Stratton,Women's Soccer Assistant Coach,james.stratton@qu.edu,,,https://gobobcats.com/sports/womens-soccer/coaches,"Official athletics staff page, read 2026-10-09",official_university,yes,2026-10-09,
MAAC_QUINNIPIAC_WSOC,Quinnipiac,Don,Dione,Women's Soccer Director of Operations,,,,https://gobobcats.com/sports/womens-soccer/coaches,"Official athletics staff page, read 2026-10-09",official_university,yes,2026-10-09,
MAAC_RIDER_WSOC,Rider,Drayson,Hounsome,Head Coach,dhounsome@rider.edu,609-896-5359,,https://gobroncs.com/sports/womens-soccer/coaches,"Official athletics staff page, read 2026-10-09",official_university,yes,2026-10-09,
MAAC_RIDER_WSOC,Rider,Alistair,Foale,Assistant Coach,afoale@rider.edu,609-896-5359,,https://gobroncs.com/sports/womens-soccer/coaches,"Official athletics staff page, read 2026-10-09",official_university,yes,2026-10-09,
MAAC_RIDER_WSOC,Rider,Darron,Brown,Assistant Coach,,609-896-5359,,https://gobroncs.com/sports/womens-soccer/coaches,"Official athletics staff page, read 2026-10-09",official_university,yes,2026-10-09,
MAAC_SACRED_HEART_WSOC,Sacred Heart,Matt,Micros,Head Coach,microsm@sacredheart.edu,,,https://sacredheartpioneers.com/sports/womens-soccer/coaches,"Official athletics staff page, read 2026-10-09",official_university,yes,2026-10-09,
MAAC_SACRED_HEART_WSOC,Sacred Heart,Scott,McBride,Associate Head Coach,mcbrides3@sacredheart.edu,,,https://sacredheartpioneers.com/sports/womens-soccer/coaches,"Official athletics staff page, read 2026-10-09",official_university,yes,2026-10-09,
MAAC_SACRED_HEART_WSOC,Sacred Heart,Andre,Lindsay,Assistant Coach,lindsaya4@sacredheart.edu,,,https://sacredheartpioneers.com/sports/womens-soccer/coaches,"Official athletics staff page, read 2026-10-09",official_university,yes,2026-10-09,
MAAC_SAINT_PETER_S_WSOC,Saint Peter's,Sammy,Adjei,Head Women's Soccer Coach,sadjei@saintpeters.edu,,,https://saintpeterspeacocks.com/sports/womens-soccer/coaches,"Official athletics staff page, read 2026-10-09",official_university,yes,2026-10-09,
MAAC_SAINT_PETER_S_WSOC,Saint Peter's,Joshua,Merchan,Assistant Coach,jmerchan@saintpeters.edu,,,https://saintpeterspeacocks.com/sports/womens-soccer/coaches,"Official athletics staff page, read 2026-10-09",official_university,yes,2026-10-09,
MAAC_SAINT_PETER_S_WSOC,Saint Peter's,Poppy,Bignell,Assistant Coach,pbignell@saintpeters.edu,,,https://saintpeterspeacocks.com/sports/womens-soccer/coaches,"Official athletics staff page, read 2026-10-09",official_university,yes,2026-10-09,
MAAC_SAINT_PETER_S_WSOC,Saint Peter's,Emily,Eskridge,Graduate Assistant Coach,eeskridge@saintpeters.edu,,,https://saintpeterspeacocks.com/sports/womens-soccer/coaches,"Official athletics staff page, read 2026-10-09",official_university,yes,2026-10-09,
MAAC_SIENA_WSOC,Siena,Steve,Karbowski,Head Coach,skarbowski@siena.edu,(518) 782-6826,,https://sienasaints.com/sports/womens-soccer/coaches,"Official athletics staff page, read 2026-10-09",official_university,yes,2026-10-09,
MAAC_SIENA_WSOC,Siena,Danny,Shannon,Assistant Coach,dshannon@siena.edu,(518) 783-2506,,https://sienasaints.com/sports/womens-soccer/coaches,"Official athletics staff page, read 2026-10-09",official_university,yes,2026-10-09,
MAAC_SIENA_WSOC,Siena,Dan,Lindemann,Assistant Coach,dlindemann@siena.edu,(518) 783-2506,,https://sienasaints.com/sports/womens-soccer/coaches,"Official athletics staff page, read 2026-10-09",official_university,yes,2026-10-09,
MAAC_SIENA_WSOC,Siena,Todd,Bradshaw,Assistant Coach,tbradshaw@siena.edu,(518) 783-2506,,https://sienasaints.com/sports/womens-soccer/coaches,"Official athletics staff page, read 2026-10-09",official_university,yes,2026-10-09,
MAC_AKRON_WSOC,Akron,Maggie,Kuhn,Head Coach,womenssoccer@uakron.edu,(330) 972-7651,,https://gozips.com/sports/womens-soccer/coaches,"Official athletics staff page, read 2026-10-09",official_university,yes,2026-10-09,
MAC_AKRON_WSOC,Akron,Josh,Kay,Assistant Soccer Coach,womenssoccer@uakron.edu,(330) 972-7651,,https://gozips.com/sports/womens-soccer/coaches,"Official athletics staff page, read 2026-10-09",official_university,yes,2026-10-09,
MAC_AKRON_WSOC,Akron,Nate,Rausch,Assistant Soccer Coach,womenssoccer@uakron.edu,(330) 972-7651,,https://gozips.com/sports/womens-soccer/coaches,"Official athletics staff page, read 2026-10-09",official_university,yes,2026-10-09,
MAC_AKRON_WSOC,Akron,Clara,Knöpke,Assistant Soccer Coach,womenssoccer@uakron.edu,(330) 972-7651,,https://gozips.com/sports/womens-soccer/coaches,"Official athletics staff page, read 2026-10-09",official_university,yes,2026-10-09,
MAC_BALL_STATE_WSOC,Ball State,Andy,Stoots,Head Coach,andrew.stoots@bsu.edu,,,https://ballstatesports.com/sports/womens-soccer/coaches,"Official athletics staff page, read 2026-10-09",official_university,yes,2026-10-09,
MAC_BALL_STATE_WSOC,Ball State,Lewis,Tomlinson,Assistant Coach,lewis.tomlinson@bsu.edu,,,https://ballstatesports.com/sports/womens-soccer/coaches,"Official athletics staff page, read 2026-10-09",official_university,yes,2026-10-09,
MAC_BALL_STATE_WSOC,Ball State,Chyanne,Dennis,Assistant Coach,chyanne.dennis@bsu.edu,,,https://ballstatesports.com/sports/womens-soccer/coaches,"Official athletics staff page, read 2026-10-09",official_university,yes,2026-10-09,
MAC_BOWLING_GREEN_WSOC,Bowling Green,Chris,Fox,Head Coach,wsoc@bgsu.edu,,,https://bgsufalcons.com/sports/womens-soccer/coaches,"Official athletics staff page, read 2026-10-09",official_university,yes,2026-10-09,
MAC_BOWLING_GREEN_WSOC,Bowling Green,Steven,Samuel,Women's Soccer Associate Head Coach,wsoc@bgsu.edu,,,https://bgsufalcons.com/sports/womens-soccer/coaches,"Official athletics staff page, read 2026-10-09",official_university,yes,2026-10-09,
MAC_BOWLING_GREEN_WSOC,Bowling Green,Hope,Stacker,Assistant Women's Soccer Coach,wsoc@bgsu.edu,,,https://bgsufalcons.com/sports/womens-soccer/coaches,"Official athletics staff page, read 2026-10-09",official_university,yes,2026-10-09,
MAC_BOWLING_GREEN_WSOC,Bowling Green,Anna,Young,Women's Soccer Graduate Assistant Coach,,,,https://bgsufalcons.com/sports/womens-soccer/coaches,"Official athletics staff page, read 2026-10-09",official_university,yes,2026-10-09,
MAC_BUFFALO_WSOC,Buffalo,Shawn,Burke,Head Coach,shawnbur@buffalo.edu,716-645-6391,,https://ubbulls.com/sports/womens-soccer/coaches,"Official athletics staff page, read 2026-10-09",official_university,yes,2026-10-09,
MAC_BUFFALO_WSOC,Buffalo,Emily,Kelly,Assistant Coach,eakelly3@buffalo.edu,,,https://ubbulls.com/sports/womens-soccer/coaches,"Official athletics staff page, read 2026-10-09",official_university,yes,2026-10-09,
MAC_BUFFALO_WSOC,Buffalo,Victoria,Caruso,Assistant Coach,vrcolott@buffalo.edu,(716) 645-3378,,https://ubbulls.com/sports/womens-soccer/coaches,"Official athletics staff page, read 2026-10-09",official_university,yes,2026-10-09,
MAC_BUFFALO_WSOC,Buffalo,Paul,Loweecey,Volunteer Assistant Coach,,,,https://ubbulls.com/sports/womens-soccer/coaches,"Official athletics staff page, read 2026-10-09",official_university,yes,2026-10-09,
MAC_CENTRAL_MICHIGAN_WSOC,Central Michigan,James,DeCosemo,Head Coach,decos1jv@cmich.edu,,,https://cmuchippewas.com/sports/womens-soccer/coaches,"Official athletics staff page, read 2026-10-09",official_university,yes,2026-10-09,
MAC_CENTRAL_MICHIGAN_WSOC,Central Michigan,Keyton,Wheelock,Assistant Coach,wheel8k@cmich.edu,,,https://cmuchippewas.com/sports/womens-soccer/coaches,"Official athletics staff page, read 2026-10-09",official_university,yes,2026-10-09,
MAC_CENTRAL_MICHIGAN_WSOC,Central Michigan,Jenna,Smith,Assistant Coach,smith650@cmich.edu,,,https://cmuchippewas.com/sports/womens-soccer/coaches,"Official athletics staff page, read 2026-10-09",official_university,yes,2026-10-09,
MAC_CENTRAL_MICHIGAN_WSOC,Central Michigan,Maeva,Lichtensteiger,Graduate Student Assistant Coach,,,,https://cmuchippewas.com/sports/womens-soccer/coaches,"Official athletics staff page, read 2026-10-09",official_university,yes,2026-10-09,
MAC_EASTERN_MICHIGAN_WSOC,Eastern Michigan,Taylor,Clarke,Head Coach,tclarke5@emich.edu,734.487.1050,,https://emueagles.com/sports/womens-soccer/coaches,"Official athletics staff page, read 2026-10-09",official_university,yes,2026-10-09,
MAC_EASTERN_MICHIGAN_WSOC,Eastern Michigan,Matt,Hinds,Associate Head Coach,mhinds@emich.edu,,,https://emueagles.com/sports/womens-soccer/coaches,"Official athletics staff page, read 2026-10-09",official_university,yes,2026-10-09,
MAC_EASTERN_MICHIGAN_WSOC,Eastern Michigan,Zach,Shuk,Goalkeeping Coach,zshuk@emich.edu,,,https://emueagles.com/sports/womens-soccer/coaches,"Official athletics staff page, read 2026-10-09",official_university,yes,2026-10-09,
MAC_EASTERN_MICHIGAN_WSOC,Eastern Michigan,Vanessa,Jones,Assistant Coach,,,,https://emueagles.com/sports/womens-soccer/coaches,"Official athletics staff page, read 2026-10-09",official_university,yes,2026-10-09,
MAC_EASTERN_MICHIGAN_WSOC,Eastern Michigan,Conner,Williams,Analyst,,,,https://emueagles.com/sports/womens-soccer/coaches,"Official athletics staff page, read 2026-10-09",official_university,yes,2026-10-09,
MAC_KENT_STATE_WSOC,Kent State,Rob,Marinaro,Head Coach,soccer@kent.edu,330-672-8424,,https://kentstatesports.com/sports/womens-soccer/coaches,"Official athletics staff page, read 2026-10-09",official_university,yes,2026-10-09,
MAC_KENT_STATE_WSOC,Kent State,Heidi,Marshall,Assistant Coach,,,,https://kentstatesports.com/sports/womens-soccer/coaches,"Official athletics staff page, read 2026-10-09",official_university,yes,2026-10-09,
MAC_MIAMI_OH_WSOC,Miami (OH),Courtney,Sirmans,Head Coach,sirmancj@miamioh.edu,513-529-2446,,https://miamiredhawks.com/sports/womens-soccer/coaches,"Official athletics staff page, read 2026-10-09",official_university,yes,2026-10-09,
MAC_MIAMI_OH_WSOC,Miami (OH),Roberto,Gallegos,Associate Head Coach,gallegr@miamioh.edu,513-529-2446,,https://miamiredhawks.com/sports/womens-soccer/coaches,"Official athletics staff page, read 2026-10-09",official_university,yes,2026-10-09,
MAC_MIAMI_OH_WSOC,Miami (OH),Michael,Crane,Assistant Coach,cranem@miamioh.edu,513-529-2446,,https://miamiredhawks.com/sports/womens-soccer/coaches,"Official athletics staff page, read 2026-10-09",official_university,yes,2026-10-09,
MAC_TOLEDO_WSOC,Toledo,Mark,Batman,Head Women's Soccer Coach,mark.batman@utoledo.edu,419-530-6250,,https://utrockets.com/sports/womens-soccer/coaches,"Official athletics staff page, read 2026-10-09",official_university,yes,2026-10-09,
MAC_TOLEDO_WSOC,Toledo,Cliff,Brandmier,Associate Head Women's Soccer Coach,cliff.brandmier@utoledo.edu,419-530-6251,,https://utrockets.com/sports/womens-soccer/coaches,"Official athletics staff page, read 2026-10-09",official_university,yes,2026-10-09,
MAC_TOLEDO_WSOC,Toledo,Sam,Turner,Asst. Women's Soccer Coach,samantha.tiongson@utoledo.edu,419-530-6253,,https://utrockets.com/sports/womens-soccer/coaches,"Official athletics staff page, read 2026-10-09",official_university,yes,2026-10-09,
MAC_UMASS_WSOC,UMass,Jason,Dowiak,Head Coach,jdowiak@umass.edu,,,https://umassathletics.com/sports/womens-soccer/coaches,"Official athletics staff page, read 2026-10-09",official_university,yes,2026-10-09,
MAC_UMASS_WSOC,UMass,Kendra,Jones,Assistant Coach,kendrajones@umass.edu,,,https://umassathletics.com/sports/womens-soccer/coaches,"Official athletics staff page, read 2026-10-09",official_university,yes,2026-10-09,
MAC_UMASS_WSOC,UMass,Ryan,Hulings,Assistant Coach,rhulings@umass.edu,,,https://umassathletics.com/sports/womens-soccer/coaches,"Official athletics staff page, read 2026-10-09",official_university,yes,2026-10-09,
MAC_WESTERN_MICHIGAN_WSOC,Western Michigan,Lewis,Robinson,Head Coach,lewis.robinson@wmich.edu,,,https://wmubroncos.com/sports/womens-soccer/coaches,"Official athletics staff page, read 2026-10-09",official_university,yes,2026-10-09,
MAC_WESTERN_MICHIGAN_WSOC,Western Michigan,Paige,Eli,Assistant Coach,paige.eli@wmich.edu,,,https://wmubroncos.com/sports/womens-soccer/coaches,"Official athletics staff page, read 2026-10-09",official_university,yes,2026-10-09,
MAC_WESTERN_MICHIGAN_WSOC,Western Michigan,Nate Van,Ryn,Assistant Coach,nathan.vanryn@wmich.edu,,,https://wmubroncos.com/sports/womens-soccer/coaches,"Official athletics staff page, read 2026-10-09",official_university,yes,2026-10-09,
MAC_WESTERN_MICHIGAN_WSOC,Western Michigan,Madi,Canada,Assistant Coach,madison.a.canada@wmich.edu,,,https://wmubroncos.com/sports/womens-soccer/coaches,"Official athletics staff page, read 2026-10-09",official_university,yes,2026-10-09,
MVC_BELMONT_WSOC,Belmont,Kelsey,Cameron,Head Coach,womenssoccer@belmont.edu,615-460-6013,,https://belmontbruins.com/sports/womens-soccer/coaches,"Official athletics staff page, read 2026-10-09",official_university,yes,2026-10-09,
MVC_BELMONT_WSOC,Belmont,Daniel,Vieira,Assistant Coach,daniel.vieira@belmont.edu,615-460-5984,,https://belmontbruins.com/sports/womens-soccer/coaches,"Official athletics staff page, read 2026-10-09",official_university,yes,2026-10-09,
MVC_BELMONT_WSOC,Belmont,Lindsey,LaRoche,Assistant Coach,lindsey.laroche@belmont.edu,615-460-8327,,https://belmontbruins.com/sports/womens-soccer/coaches,"Official athletics staff page, read 2026-10-09",official_university,yes,2026-10-09,
MVC_DRAKE_WSOC,Drake,Lindsey,Horner,Head Coach,soccer@drake.edu,016 271-2016,,https://godrakebulldogs.com/sports/womens-soccer/coaches,"Official athletics staff page, read 2026-10-09",official_university,yes,2026-10-09,
MVC_DRAKE_WSOC,Drake,Kevin,Brennan,Associate Head Coach,kevin.brennan@drake.edu,173 271-2173,,https://godrakebulldogs.com/sports/womens-soccer/coaches,"Official athletics staff page, read 2026-10-09",official_university,yes,2026-10-09,
MVC_DRAKE_WSOC,Drake,Sonia,Allison-Rodriguez,Goalkeeper Coach,,,,https://godrakebulldogs.com/sports/womens-soccer/coaches,"Official athletics staff page, read 2026-10-09",official_university,yes,2026-10-09,
MVC_DRAKE_WSOC,Drake,Wallis,Lapsley,Assistant Coach,,,,https://godrakebulldogs.com/sports/womens-soccer/coaches,"Official athletics staff page, read 2026-10-09",official_university,yes,2026-10-09,
MVC_EVANSVILLE_WSOC,Evansville,Chris,Pfau,Head Women’s Soccer Coach,cp60@evansville.edu,(812) 488-2631,,https://gopurpleaces.com/sports/womens-soccer/coaches,"Official athletics staff page, read 2026-10-09",official_university,yes,2026-10-09,
MVC_EVANSVILLE_WSOC,Evansville,Grace,White,Assistant Women's Soccer Coach,gm124@evansville.edu,(812) 488-2084,,https://gopurpleaces.com/sports/womens-soccer/coaches,"Official athletics staff page, read 2026-10-09",official_university,yes,2026-10-09,
MVC_EVANSVILLE_WSOC,Evansville,Derek,McKillop,Volunteer Assistant Women's Soccer Coach,,,,https://gopurpleaces.com/sports/womens-soccer/coaches,"Official athletics staff page, read 2026-10-09",official_university,yes,2026-10-09,
MVC_ILLINOIS_STATE_WSOC,Illinois State,Raleigh,DeRose,Head Coach,,,,https://goredbirds.com/sports/womens-soccer/coaches,"Official athletics staff page, read 2026-10-09",official_university,yes,2026-10-09,
MVC_ILLINOIS_STATE_WSOC,Illinois State,Kurt,Albrecht,Associate Head Coach,kmalbr1@ilstu.edu,,,https://goredbirds.com/sports/womens-soccer/coaches,"Official athletics staff page, read 2026-10-09",official_university,yes,2026-10-09,
MVC_ILLINOIS_STATE_WSOC,Illinois State,Peyton,Willie,Assistant Coach,pwillie@ilstu.edu,,,https://goredbirds.com/sports/womens-soccer/coaches,"Official athletics staff page, read 2026-10-09",official_university,yes,2026-10-09,
MVC_ILLINOIS_STATE_WSOC,Illinois State,Ethan,Fineman,Assistant Coach,eifinem@ilstu.edu,,,https://goredbirds.com/sports/womens-soccer/coaches,"Official athletics staff page, read 2026-10-09",official_university,yes,2026-10-09,
MVC_INDIANA_STATE_WSOC,Indiana State,Paul,Lawrence,Head Coach,paul.lawrence@indstate.edu,,,https://gosycamores.com/sports/womens-soccer/coaches,"Official athletics staff page, read 2026-10-09",official_university,yes,2026-10-09,
MVC_INDIANA_STATE_WSOC,Indiana State,Chris,Gnehm,Assosicate Head Coach,chris.gnehm@indstate.edu,,,https://gosycamores.com/sports/womens-soccer/coaches,"Official athletics staff page, read 2026-10-09",official_university,yes,2026-10-09,
MVC_INDIANA_STATE_WSOC,Indiana State,Ola,Shogelola,Assistant Coach / Performance Analyst,ola.shogelola@indstate.edu,,,https://gosycamores.com/sports/womens-soccer/coaches,"Official athletics staff page, read 2026-10-09",official_university,yes,2026-10-09,
MVC_INDIANA_STATE_WSOC,Indiana State,Hayley,Herron,Assistant Coach,hayley.herron@indstate.edu,,,https://gosycamores.com/sports/womens-soccer/coaches,"Official athletics staff page, read 2026-10-09",official_university,yes,2026-10-09,
MVC_MURRAY_STATE_WSOC,Murray State,Ben,Madsen,Head Coach,bmadsen@murraystate.edu,,,https://goracers.com/sports/womens-soccer/coaches,"Official athletics staff page, read 2026-10-09",official_university,yes,2026-10-09,
MVC_NORTHERN_IOWA_WSOC,Northern Iowa,Alex Place,Thomas,Head Coach,alex.placethomas@uni.edu,(319) 273-5425,,https://unipanthers.com/sports/womens-soccer/coaches,"Official athletics staff page, read 2026-10-09",official_university,yes,2026-10-09,
MVC_NORTHERN_IOWA_WSOC,Northern Iowa,Kylie,Gazza,Assistant Coach,kylie.gazza@uni.edu,,,https://unipanthers.com/sports/womens-soccer/coaches,"Official athletics staff page, read 2026-10-09",official_university,yes,2026-10-09,
MVC_NORTHERN_IOWA_WSOC,Northern Iowa,Bo,McMahon,Assistant Coach,bo.mcmahon@uni.edu,,,https://unipanthers.com/sports/womens-soccer/coaches,"Official athletics staff page, read 2026-10-09",official_university,yes,2026-10-09,
MVC_NORTHERN_IOWA_WSOC,Northern Iowa,Elliot,Bordini,Volunteer Assistant Coach,,,,https://unipanthers.com/sports/womens-soccer/coaches,"Official athletics staff page, read 2026-10-09",official_university,yes,2026-10-09,
MVC_SOUTHERN_ILLINOIS_WSOC,Southern Illinois,Graeme,Orr,Head Coach,graeme.orr@siu.edu,618-453-5462,,https://siusalukis.com/sports/womens-soccer/coaches,"Official athletics staff page, read 2026-10-09",official_university,yes,2026-10-09,
MVC_SOUTHERN_ILLINOIS_WSOC,Southern Illinois,Carley,Kandel,Assistant Coach,carley.kandel@siu.edu,618-453-4045,,https://siusalukis.com/sports/womens-soccer/coaches,"Official athletics staff page, read 2026-10-09",official_university,yes,2026-10-09,
MVC_SOUTHERN_ILLINOIS_WSOC,Southern Illinois,Ash,Phillips,Assistant Coach,ashley.phillips@siu.edu,,,https://siusalukis.com/sports/womens-soccer/coaches,"Official athletics staff page, read 2026-10-09",official_university,yes,2026-10-09,
MVC_UIC_WSOC,UIC,David,Nikolic,Head Coach,dnikolic@uic.edu,312-996-3576,,https://uicflames.com/sports/womens-soccer/coaches,"Official athletics staff page, read 2026-10-09",official_university,yes,2026-10-09,
MVC_UIC_WSOC,UIC,David,Madsen,Associate Head Coach,dmadsen@uic.edu,312-355-5173,,https://uicflames.com/sports/womens-soccer/coaches,"Official athletics staff page, read 2026-10-09",official_university,yes,2026-10-09,
MVC_UIC_WSOC,UIC,Rhianna,Krutz,Assistant Coach - Recruiting Coordinator,rkrutz2@uic.edu,,,https://uicflames.com/sports/womens-soccer/coaches,"Official athletics staff page, read 2026-10-09",official_university,yes,2026-10-09,
MVC_UIC_WSOC,UIC,Olivia,Lovell,Assistant Coach,olovel2@uic.edu,,,https://uicflames.com/sports/womens-soccer/coaches,"Official athletics staff page, read 2026-10-09",official_university,yes,2026-10-09,
MVC_VALPARAISO_WSOC,Valparaiso,John,Marovich,Head Coach,john.marovich@valpo.edu,(219) 464-5041,,https://valpoathletics.com/sports/womens-soccer/coaches,"Official athletics staff page, read 2026-10-09",official_university,yes,2026-10-09,
MVC_VALPARAISO_WSOC,Valparaiso,Brianne,Barnes,Associate Head Coach,brianne.barnes@valpo.edu,(219) 464-5319,,https://valpoathletics.com/sports/womens-soccer/coaches,"Official athletics staff page, read 2026-10-09",official_university,yes,2026-10-09,
MW_AIR_FORCE_WSOC,Air Force,Laura,Busby,Head Coach,laura.busby@afacademy.af.edu,719-333-2061,,https://goairforcefalcons.com/sports/womens-soccer/coaches,"Official athletics staff page, read 2026-10-09",official_university,yes,2026-10-09,
MW_AIR_FORCE_WSOC,Air Force,Alex,Schultz,Assistant Coach,alexander.schultz@afacademy.af.edu,,,https://goairforcefalcons.com/sports/womens-soccer/coaches,"Official athletics staff page, read 2026-10-09",official_university,yes,2026-10-09,
MW_AIR_FORCE_WSOC,Air Force,Kaylyn,Farrell,Assistant Coach,kaylyn.farrell@afacademy.af.edu,719-333-9506,,https://goairforcefalcons.com/sports/womens-soccer/coaches,"Official athletics staff page, read 2026-10-09",official_university,yes,2026-10-09,
MW_COLORADO_COLLEGE_WSOC,Colorado College,Keri,Sanchez,"Head Coach, Women's Soccer",ksanchez@coloradocollege.edu,719.389.6492,,https://cctigers.com/sports/womens-soccer/coaches,"Official athletics staff page, read 2026-10-09",official_university,yes,2026-10-09,
MW_COLORADO_COLLEGE_WSOC,Colorado College,Chris,Dodd,"Assistant Coach, Women's Soccer",cdodd@coloradocollege.edu,719.389.6496,,https://cctigers.com/sports/womens-soccer/coaches,"Official athletics staff page, read 2026-10-09",official_university,yes,2026-10-09,
MW_COLORADO_COLLEGE_WSOC,Colorado College,Kelsey,Brouwer,"Assistant Coach, Women's Soccer",kbrouwer@coloradocollege.edu,719.389.6481,,https://cctigers.com/sports/womens-soccer/coaches,"Official athletics staff page, read 2026-10-09",official_university,yes,2026-10-09,
MW_COLORADO_COLLEGE_WSOC,Colorado College,Frankie,LaManna,"Assistant Coach, Women's Soccer",,,,https://cctigers.com/sports/womens-soccer/coaches,"Official athletics staff page, read 2026-10-09",official_university,yes,2026-10-09,
MW_GRAND_CANYON_WSOC,Grand Canyon,Chris,Cissell,Head Coach,chris.cissell@gcu.edu,,,https://gculopes.com/sports/womens-soccer/coaches,"Official athletics staff page, read 2026-10-09",official_university,yes,2026-10-09,
MW_GRAND_CANYON_WSOC,Grand Canyon,Blake,Reynolds,Associate Head Coach,blake.reynolds@gcu.edu,,,https://gculopes.com/sports/womens-soccer/coaches,"Official athletics staff page, read 2026-10-09",official_university,yes,2026-10-09,
MW_GRAND_CANYON_WSOC,Grand Canyon,Brad,Leonard,Assistant Coach,brad.leonard1@gcu.edu,(618) 973-7179,,https://gculopes.com/sports/womens-soccer/coaches,"Official athletics staff page, read 2026-10-09",official_university,yes,2026-10-09,
MW_HAWAII_WSOC,Hawaii,Michele,Nagamine,Head Coach,mnaga@hawaii.edu,(808) 956-4525,,https://hawaiiathletics.com/sports/womens-soccer/coaches,"Official athletics staff page, read 2026-10-09",official_university,yes,2026-10-09,
MW_HAWAII_WSOC,Hawaii,Kaula,Rowe,Associate Head Coach,rowe9@hawaii.edu,,,https://hawaiiathletics.com/sports/womens-soccer/coaches,"Official athletics staff page, read 2026-10-09",official_university,yes,2026-10-09,
MW_HAWAII_WSOC,Hawaii,Daniel,Saucedo,Associate Head Coach,djsauce@hawaii.edu,(808) 956-6330,,https://hawaiiathletics.com/sports/womens-soccer/coaches,"Official athletics staff page, read 2026-10-09",official_university,yes,2026-10-09,
MW_NEVADA_WSOC,Nevada,Jeremy,Evans,Head Coach,jeremyevans@unr.edu,,,https://nevadawolfpack.com/sports/womens-soccer/coaches,"Official athletics staff page, read 2026-10-09",official_university,yes,2026-10-09,
MW_NEVADA_WSOC,Nevada,Lauren,Wolcott,Assistant Coach,laurenwolcott@unr.edu,,,https://nevadawolfpack.com/sports/womens-soccer/coaches,"Official athletics staff page, read 2026-10-09",official_university,yes,2026-10-09,
MW_NEVADA_WSOC,Nevada,Jenn,Kovisto,Assistant Coach,jkovisto@unr.edu,(925) 337-4302,,https://nevadawolfpack.com/sports/womens-soccer/coaches,"Official athletics staff page, read 2026-10-09",official_university,yes,2026-10-09,
MW_NEVADA_WSOC,Nevada,Tristan,Estipona,Volunteer Assistant Coach,,,,https://nevadawolfpack.com/sports/womens-soccer/coaches,"Official athletics staff page, read 2026-10-09",official_university,yes,2026-10-09,
MW_SAN_JOSE_STATE_WSOC,San Jose State,Sonia,Curvelo,Head Coach,,,,https://sjsuspartans.com/sports/womens-soccer/roster,"Official athletics staff page, read 2026-10-09",official_university,yes,2026-10-09,
MW_SAN_JOSE_STATE_WSOC,San Jose State,Oscar,Mendoza,Associate Head Coach,,,,https://sjsuspartans.com/sports/womens-soccer/roster,"Official athletics staff page, read 2026-10-09",official_university,yes,2026-10-09,
MW_SAN_JOSE_STATE_WSOC,San Jose State,Roberto,Rodriguez,Goalkeeping Coach,,,,https://sjsuspartans.com/sports/womens-soccer/roster,"Official athletics staff page, read 2026-10-09",official_university,yes,2026-10-09,
MW_SAN_JOSE_STATE_WSOC,San Jose State,Darriell,Franklin,Director of Women's Soccer Operations,,,,https://sjsuspartans.com/sports/womens-soccer/roster,"Official athletics staff page, read 2026-10-09",official_university,yes,2026-10-09,
MW_UC_DAVIS_WSOC,UC Davis,Kat,Mertz,Head Coach,kmertz@ucdavis.edu,,,https://ucdavisaggies.com/sports/womens-soccer/coaches,"Official athletics staff page, read 2026-10-09",official_university,yes,2026-10-09,
MW_UC_DAVIS_WSOC,UC Davis,Emilee,Tominovich,Assistant Coach,etominovich@ucdavis.edu,,,https://ucdavisaggies.com/sports/womens-soccer/coaches,"Official athletics staff page, read 2026-10-09",official_university,yes,2026-10-09,
MW_UC_DAVIS_WSOC,UC Davis,Abbie,Faingold,Assistant Coach,afaingold@ucdavis.edu,,,https://ucdavisaggies.com/sports/womens-soccer/coaches,"Official athletics staff page, read 2026-10-09",official_university,yes,2026-10-09,
MW_UC_DAVIS_WSOC,UC Davis,Travis,Clarke,Assistant Coach,,,,https://ucdavisaggies.com/sports/womens-soccer/coaches,"Official athletics staff page, read 2026-10-09",official_university,yes,2026-10-09,
MW_UNLV_WSOC,UNLV,Kacey,Bingham,Head Coach,kacey.bingham@unlv.edu,,,https://unlvrebels.com/sports/womens-soccer/coaches,"Official athletics staff page, read 2026-10-09",official_university,yes,2026-10-09,
MW_UNLV_WSOC,UNLV,Austin,Rios,Assistant Coach,austin.rios@unlv.edu,,,https://unlvrebels.com/sports/womens-soccer/coaches,"Official athletics staff page, read 2026-10-09",official_university,yes,2026-10-09,
MW_UNLV_WSOC,UNLV,Diera,Walton,Assistant Coach,diera.walton@unlv.edu,,,https://unlvrebels.com/sports/womens-soccer/coaches,"Official athletics staff page, read 2026-10-09",official_university,yes,2026-10-09,
MW_UNLV_WSOC,UNLV,Ally,Beavers,Assistant Coach,allison.beavers@unlv.edu,,,https://unlvrebels.com/sports/womens-soccer/coaches,"Official athletics staff page, read 2026-10-09",official_university,yes,2026-10-09,
MW_UNLV_WSOC,UNLV,Tori,Peterson,Director of Operations,,,,https://unlvrebels.com/sports/womens-soccer/coaches,"Official athletics staff page, read 2026-10-09",official_university,yes,2026-10-09,
MW_UTEP_WSOC,UTEP,Gibbs,Keeton,Head Coach,gckeeton@utep.edu,(915) 201-9872,,https://utepminers.com/sports/womens-soccer/coaches,"Official athletics staff page, read 2026-10-09",official_university,yes,2026-10-09,
MW_UTEP_WSOC,UTEP,Morgan,McDougal,Assistant Coach,mlmcdougal@utep.edu,,,https://utepminers.com/sports/womens-soccer/coaches,"Official athletics staff page, read 2026-10-09",official_university,yes,2026-10-09,
MW_UTEP_WSOC,UTEP,Jared,Hallman,Assistant Coach,jahallman@utep.edu,,,https://utepminers.com/sports/womens-soccer/coaches,"Official athletics staff page, read 2026-10-09",official_university,yes,2026-10-09,
MW_WYOMING_WSOC,Wyoming,Josh,Purdum,Head Coach,jpurdum1@uwyo.edu,(307) 766-4035,,https://gowyo.com/sports/womens-soccer/coaches,"Official athletics staff page, read 2026-10-09",official_university,yes,2026-10-09,
MW_WYOMING_WSOC,Wyoming,Rachael,Doyle-Guetlein,Associate Head Coach,rdoylegu@uwyo.edu,(307) 766-4035,,https://gowyo.com/sports/womens-soccer/coaches,"Official athletics staff page, read 2026-10-09",official_university,yes,2026-10-09,
MW_WYOMING_WSOC,Wyoming,Quentin,Boric,Assistant Coach,qboric@uwyo.edu,(307) 766-4035,,https://gowyo.com/sports/womens-soccer/coaches,"Official athletics staff page, read 2026-10-09",official_university,yes,2026-10-09,
MW_WYOMING_WSOC,Wyoming,Taylor,Russow,Assistant Coach,tburton6@uwyo.edu,(307) 766-4035,,https://gowyo.com/sports/womens-soccer/coaches,"Official athletics staff page, read 2026-10-09",official_university,yes,2026-10-09,
NEC_CHICAGO_STATE_WSOC,Chicago State,Kevin,Larry,"Head Coach, Women's Soccer",klarry24@csu.edu,773-896-7437,,https://www.gocsucougars.com/sports/womens-soccer/coaches,"Official athletics staff page, read 2026-10-09",official_university,yes,2026-10-09,
NEC_CHICAGO_STATE_WSOC,Chicago State,Avery,Howell,Assistant Women's Soccer Coach,ahowell@csu.edu,,,https://www.gocsucougars.com/sports/womens-soccer/coaches,"Official athletics staff page, read 2026-10-09",official_university,yes,2026-10-09,
NEC_DELAWARE_STATE_WSOC,Delaware State,Ousmane,Camara,Head Coach,ocamara@desu.edu,,,https://dsuhornets.com/sports/womens-soccer/coaches,"Official athletics staff page, read 2026-10-09",official_university,yes,2026-10-09,
NEC_FAIRLEIGH_DICKINSON_WSOC,Fairleigh Dickinson,Eric,Teepe,Head Coach,eteepe@fdu.edu,,,https://fduknights.com/sports/womens-soccer/coaches,"Official athletics staff page, read 2026-10-09",official_university,yes,2026-10-09,
NEC_FAIRLEIGH_DICKINSON_WSOC,Fairleigh Dickinson,Meagan,Dewan,Assistant Coach,m.dewan1@fdu.edu,,,https://fduknights.com/sports/womens-soccer/coaches,"Official athletics staff page, read 2026-10-09",official_university,yes,2026-10-09,
NEC_HOWARD_WSOC,Howard,Brent,Leiba,Head Coach,bleiba@howard.edu,(202) 806-7147,,https://hubison.com/sports/womens-soccer/coaches,"Official athletics staff page, read 2026-10-09",official_university,yes,2026-10-09,
NEC_HOWARD_WSOC,Howard,Ellis,Pierre,Assistant Coach,ellis.pierre@howard.edu,,,https://hubison.com/sports/womens-soccer/coaches,"Official athletics staff page, read 2026-10-09",official_university,yes,2026-10-09,
NEC_HOWARD_WSOC,Howard,Nadir,Moumen,Assistant Coach,nadir.moumen@howard.edu,,,https://hubison.com/sports/womens-soccer/coaches,"Official athletics staff page, read 2026-10-09",official_university,yes,2026-10-09,
NEC_HOWARD_WSOC,Howard,Matt,Whittley,Assistant Coach,matthew.whittley@howard.edu,,,https://hubison.com/sports/womens-soccer/coaches,"Official athletics staff page, read 2026-10-09",official_university,yes,2026-10-09,
NEC_HOWARD_WSOC,Howard,Jaon,Ahmad,Assistant Coach,jaon.ahmad@howard.edu,,,https://hubison.com/sports/womens-soccer/coaches,"Official athletics staff page, read 2026-10-09",official_university,yes,2026-10-09,
NEC_LE_MOYNE_WSOC,Le Moyne,Taylor Van,Fleet,Head Women's Soccer Coach,vanfletb@lemoyne.edu,(315) 445-4421,,https://lemoynedolphins.com/sports/womens-soccer/coaches,"Official athletics staff page, read 2026-10-09",official_university,yes,2026-10-09,
NEC_LE_MOYNE_WSOC,Le Moyne,Brooke,Barnes,Assistant Women's Soccer Coach,tylerba@lemoyne.edu,(315) 445-4421,,https://lemoynedolphins.com/sports/womens-soccer/coaches,"Official athletics staff page, read 2026-10-09",official_university,yes,2026-10-09,
NEC_LE_MOYNE_WSOC,Le Moyne,Jason,Stenta,Assistant Women's Soccer Coach,stentaja@lemoyne.edu,(315) 445-4421,,https://lemoynedolphins.com/sports/womens-soccer/coaches,"Official athletics staff page, read 2026-10-09",official_university,yes,2026-10-09,
NEC_LIU_WSOC,LIU,Jim,O'Brien,Head Coach,james.obrien@liu.edu,,,https://www.liuathletics.com/sports/womens-soccer/coaches,"Official athletics staff page, read 2026-10-09",official_university,yes,2026-10-09,
NEC_LIU_WSOC,LIU,Danny,Leon Jr.,Assistant Coach,,,,https://www.liuathletics.com/sports/womens-soccer/coaches,"Official athletics staff page, read 2026-10-09",official_university,yes,2026-10-09,
NEC_LIU_WSOC,LIU,Grace,Cagnina,Assistant Coach,,,,https://www.liuathletics.com/sports/womens-soccer/coaches,"Official athletics staff page, read 2026-10-09",official_university,yes,2026-10-09,
NEC_LIU_WSOC,LIU,Dennis,Horton,Assistant Coach,,,,https://www.liuathletics.com/sports/womens-soccer/coaches,"Official athletics staff page, read 2026-10-09",official_university,yes,2026-10-09,
NEC_MERCYHURST_WSOC,Mercyhurst,Dale,White,Head Coach,dwhite@mercyhurst.edu,,,https://hurstathletics.com/sports/womens-soccer/coaches,"Official athletics staff page, read 2026-10-09",official_university,yes,2026-10-09,
NEC_MERCYHURST_WSOC,Mercyhurst,Jack,Emanuel,Assistant Coach,jemanuel@mercyhurst.edu,,,https://hurstathletics.com/sports/womens-soccer/coaches,"Official athletics staff page, read 2026-10-09",official_university,yes,2026-10-09,
NEC_STONEHILL_WSOC,Stonehill,Alex,Wilson,Head Coach,awilson@stonehill.edu,(508) 565-1451,,https://stonehillskyhawks.com/sports/womens-soccer/coaches,"Official athletics staff page, read 2026-10-09",official_university,yes,2026-10-09,
NEC_STONEHILL_WSOC,Stonehill,Michael,Galvin,Assistant Coach,mgalvin2@stonehill.edu,,,https://stonehillskyhawks.com/sports/womens-soccer/coaches,"Official athletics staff page, read 2026-10-09",official_university,yes,2026-10-09,
NEC_STONEHILL_WSOC,Stonehill,Maddie,Robinson,Assistant Coach,,,,https://stonehillskyhawks.com/sports/womens-soccer/coaches,"Official athletics staff page, read 2026-10-09",official_university,yes,2026-10-09,
NEC_STONEHILL_WSOC,Stonehill,Roy,Barboza,Goalkeeper Coach,,,,https://stonehillskyhawks.com/sports/womens-soccer/coaches,"Official athletics staff page, read 2026-10-09",official_university,yes,2026-10-09,
NEC_WAGNER_WSOC,Wagner,Fred,King,Head Coach,fred.king@wagner.edu,(718) 390-3156,,https://wagnerathletics.com/sports/womens-soccer/coaches,"Official athletics staff page, read 2026-10-09",official_university,yes,2026-10-09,
NEC_WAGNER_WSOC,Wagner,Elliot,McPhelim,Assistant Coach,elliot.mcphelim@wagner.edu,,,https://wagnerathletics.com/sports/womens-soccer/coaches,"Official athletics staff page, read 2026-10-09",official_university,yes,2026-10-09,
NEC_WAGNER_WSOC,Wagner,Homere,Breton,Assistant Coach,homere.breton@wagner.edu,,,https://wagnerathletics.com/sports/womens-soccer/coaches,"Official athletics staff page, read 2026-10-09",official_university,yes,2026-10-09,
OVC_EASTERN_ILLINOIS_WSOC,Eastern Illinois,Dirk,Bennett,Head Coach,debennett@eiu.edu,,,https://eiupanthers.com/sports/womens-soccer/coaches,"Official athletics staff page, read 2026-10-09",official_university,yes,2026-10-09,
OVC_EASTERN_ILLINOIS_WSOC,Eastern Illinois,Deanna,Hecht,Associate Head Coach - Women's Soccer,dhecht@eiu.edu,,,https://eiupanthers.com/sports/womens-soccer/coaches,"Official athletics staff page, read 2026-10-09",official_university,yes,2026-10-09,
OVC_LINDENWOOD_WSOC,Lindenwood,Dave,Musso,Women's Soccer Head Coach,dmusso@lindenwood.edu,636-949-4614,,https://lindenwoodlions.com/sports/womens-soccer/coaches,"Official athletics staff page, read 2026-10-09",official_university,yes,2026-10-09,
OVC_LINDENWOOD_WSOC,Lindenwood,Euan,Morton,Women's Soccer Associate Head Coach,emorton@lindenwood.edu,636-627-2901,,https://lindenwoodlions.com/sports/womens-soccer/coaches,"Official athletics staff page, read 2026-10-09",official_university,yes,2026-10-09,
OVC_LINDENWOOD_WSOC,Lindenwood,Megan,McClure,Women’s Soccer Assistant Coach,mmcclure@lindenwood.edu,,,https://lindenwoodlions.com/sports/womens-soccer/coaches,"Official athletics staff page, read 2026-10-09",official_university,yes,2026-10-09,
OVC_MOREHEAD_STATE_WSOC,Morehead State,Paul,Cox,Head Coach,pcox@moreheadstate.edu,,,https://msueagles.com/sports/womens-soccer/coaches,"Official athletics staff page, read 2026-10-09",official_university,yes,2026-10-09,
OVC_MOREHEAD_STATE_WSOC,Morehead State,Brett,Ekperuoh,Assistant Coach,bekperuoh@moreheadstate.edu,,,https://msueagles.com/sports/womens-soccer/coaches,"Official athletics staff page, read 2026-10-09",official_university,yes,2026-10-09,
OVC_SIU_EDWARDSVILLE_WSOC,SIU Edwardsville,Derek,Burton,Head Coach,deburto@siue.edu,,,https://siuecougars.com/sports/womens-soccer/coaches,"Official athletics staff page, read 2026-10-09",official_university,yes,2026-10-09,
OVC_SIU_EDWARDSVILLE_WSOC,SIU Edwardsville,Nick,Luciani,Assistant Coach,nilucia@siue.edu,,,https://siuecougars.com/sports/womens-soccer/coaches,"Official athletics staff page, read 2026-10-09",official_university,yes,2026-10-09,
OVC_SIU_EDWARDSVILLE_WSOC,SIU Edwardsville,Olivia,Killian,Assistant Coach,okillia@siue.edu,,,https://siuecougars.com/sports/womens-soccer/coaches,"Official athletics staff page, read 2026-10-09",official_university,yes,2026-10-09,
OVC_SOUTHEAST_MISSOURI_STATE_WSOC,Southeast Missouri State,John,Klein,Head Coach,jklein@semo.edu,,,https://semoredhawks.com/sports/womens-soccer/coaches,"Official athletics staff page, read 2026-10-09",official_university,yes,2026-10-09,
OVC_SOUTHEAST_MISSOURI_STATE_WSOC,Southeast Missouri State,Carter,Redford,Assistant Coach,cmredford@semo.edu,(636)362-9855,,https://semoredhawks.com/sports/womens-soccer/coaches,"Official athletics staff page, read 2026-10-09",official_university,yes,2026-10-09,
OVC_SOUTHEAST_MISSOURI_STATE_WSOC,Southeast Missouri State,Justin,McMullen,Assistant Coach,jamcmullen@semo.edu,573) 979-0440,,https://semoredhawks.com/sports/womens-soccer/coaches,"Official athletics staff page, read 2026-10-09",official_university,yes,2026-10-09,
OVC_SOUTHERN_INDIANA_WSOC,Southern Indiana,Eric,Schoenstein,Women's Soccer Head Coach,emschoenst@usi.edu,812-465-1041,,https://usiscreamingeagles.com/sports/womens-soccer/coaches,"Official athletics staff page, read 2026-10-09",official_university,yes,2026-10-09,
OVC_SOUTHERN_INDIANA_WSOC,Southern Indiana,Carly,Dean,Women's Soccer Assistant Coach,cdean1@usi.edu,812-464-1829,,https://usiscreamingeagles.com/sports/womens-soccer/coaches,"Official athletics staff page, read 2026-10-09",official_university,yes,2026-10-09,
OVC_SOUTHERN_INDIANA_WSOC,Southern Indiana,Skylar,Brant,Women's Soccer Graduate Assistant Coach,sbrant@usi.edu,,,https://usiscreamingeagles.com/sports/womens-soccer/coaches,"Official athletics staff page, read 2026-10-09",official_university,yes,2026-10-09,
OVC_UT_MARTIN_WSOC,UT Martin,Mike,Varga,Head Coach,mvarga3@utm.edu,731-881-7931,,https://utmsports.com/sports/womens-soccer/coaches,"Official athletics staff page, read 2026-10-09",official_university,yes,2026-10-09,
OVC_UT_MARTIN_WSOC,UT Martin,Lauren,Smith,Associate Head Coach,lsmit340@utm.edu,731-881-7931,,https://utmsports.com/sports/womens-soccer/coaches,"Official athletics staff page, read 2026-10-09",official_university,yes,2026-10-09,
OVC_UT_MARTIN_WSOC,UT Martin,Camilla,Lezcano,Assistant Coach,clezcano@skyhawks.utm.edu,,,https://utmsports.com/sports/womens-soccer/coaches,"Official athletics staff page, read 2026-10-09",official_university,yes,2026-10-09,
OVC_UT_MARTIN_WSOC,UT Martin,David,Solomon,Assistant Coach,,,,https://utmsports.com/sports/womens-soccer/coaches,"Official athletics staff page, read 2026-10-09",official_university,yes,2026-10-09,
OVC_WESTERN_ILLINOIS_WSOC,Western Illinois,Ross,Henderson,Head Coach,rg-henderson@wiu.edu,190 298-1190,,https://goleathernecks.com/sports/womens-soccer/coaches,"Official athletics staff page, read 2026-10-09",official_university,yes,2026-10-09,
OVC_WESTERN_ILLINOIS_WSOC,Western Illinois,Justin,Evans,Assistant Coach,jm-evans2@wiu.edu,,,https://goleathernecks.com/sports/womens-soccer/coaches,"Official athletics staff page, read 2026-10-09",official_university,yes,2026-10-09,
PAC12_BOISE_STATE_WSOC,Boise State,Jim,Thomas,Head Coach,jimthomas@boisestate.edu,208-426-5425,,https://broncosports.com/sports/womens-soccer/coaches,"Official athletics staff page, read 2026-10-09",official_university,yes,2026-10-09,
PAC12_BOISE_STATE_WSOC,Boise State,Max,Weber,Associate Head Coach,maxweber@boisestate.edu,509-828-2030,,https://broncosports.com/sports/womens-soccer/coaches,"Official athletics staff page, read 2026-10-09",official_university,yes,2026-10-09,
PAC12_BOISE_STATE_WSOC,Boise State,Liz,Ruiz,Assistant Coach,lizruiz@boisestate.edu,208-426-5425,,https://broncosports.com/sports/womens-soccer/coaches,"Official athletics staff page, read 2026-10-09",official_university,yes,2026-10-09,
PAC12_BOISE_STATE_WSOC,Boise State,Grace,Hancock,Assistant Coach/Director of Operations,gracehancock@boisestate.edu,,,https://broncosports.com/sports/womens-soccer/coaches,"Official athletics staff page, read 2026-10-09",official_university,yes,2026-10-09,
PAC12_COLORADO_STATE_WSOC,Colorado State,Keeley,Hagen,Head Coach,,,,https://csurams.com/sports/womens-soccer/coaches,"Official athletics staff page, read 2026-10-09",official_university,yes,2026-10-09,
PAC12_COLORADO_STATE_WSOC,Colorado State,Sean,Mapson,Assistant Coach - Goalkeepers,,,,https://csurams.com/sports/womens-soccer/coaches,"Official athletics staff page, read 2026-10-09",official_university,yes,2026-10-09,
PAC12_COLORADO_STATE_WSOC,Colorado State,Michael,Wilson,Assistant Coach,,,,https://csurams.com/sports/womens-soccer/coaches,"Official athletics staff page, read 2026-10-09",official_university,yes,2026-10-09,
PAC12_FRESNO_STATE_WSOC,Fresno State,Gabriel,Bolton,Head Coach,bolton@mail.fresnostate.edu,,,https://gobulldogs.com/sports/womens-soccer/coaches,"Official athletics staff page, read 2026-10-09",official_university,yes,2026-10-09,
PAC12_FRESNO_STATE_WSOC,Fresno State,Hannah,Bolton,Assistant Coach/Recruiting Coordinator,hannahbolton@mail.fresnostate.edu,,,https://gobulldogs.com/sports/womens-soccer/coaches,"Official athletics staff page, read 2026-10-09",official_university,yes,2026-10-09,
PAC12_FRESNO_STATE_WSOC,Fresno State,Amanda,Valentine,Assistant Coach,amandavalentine@mail.fresnostate.edu,,,https://gobulldogs.com/sports/womens-soccer/coaches,"Official athletics staff page, read 2026-10-09",official_university,yes,2026-10-09,
PAC12_GONZAGA_WSOC,Gonzaga,Katie,Benz,Head Coach,benz@gonzaga.edu,509-313-4042,,https://gozags.com/sports/womens-soccer/coaches,"Official athletics staff page, read 2026-10-09",official_university,yes,2026-10-09,
PAC12_GONZAGA_WSOC,Gonzaga,Miguel,Guante,Assistant Coach,guante@gonzaga.edu,509-313-4283,,https://gozags.com/sports/womens-soccer/coaches,"Official athletics staff page, read 2026-10-09",official_university,yes,2026-10-09,
PAC12_GONZAGA_WSOC,Gonzaga,Maddie,Cooley,Assistant Coach,cooleym@gonzaga.edu,,,https://gozags.com/sports/womens-soccer/coaches,"Official athletics staff page, read 2026-10-09",official_university,yes,2026-10-09,
PAC12_GONZAGA_WSOC,Gonzaga,Casey,Collins,Assistant Coach,collinsc3@gonzaga.edu,,,https://gozags.com/sports/womens-soccer/coaches,"Official athletics staff page, read 2026-10-09",official_university,yes,2026-10-09,
PAC12_OREGON_STATE_WSOC,Oregon State,Caroline,Kelly,Head Coach,caroline.kelly@oregonstate.edu,,,https://osubeavers.com/sports/womens-soccer/coaches,"Official athletics staff page, read 2026-10-09",official_university,yes,2026-10-09,
PAC12_OREGON_STATE_WSOC,Oregon State,Kwame,Oduro,Associate Head Coach,kwame.oduro@oregonstate.edu,,,https://osubeavers.com/sports/womens-soccer/coaches,"Official athletics staff page, read 2026-10-09",official_university,yes,2026-10-09,
PAC12_OREGON_STATE_WSOC,Oregon State,Conner,Golley,Assistant Coach,conner.golley@oregonstate.edu,,,https://osubeavers.com/sports/womens-soccer/coaches,"Official athletics staff page, read 2026-10-09",official_university,yes,2026-10-09,
PAC12_TEXAS_STATE_WSOC,Texas State,Steve,Holeman,Head Coach,soccer@txstate.edu,,,https://txst.com/sports/womens-soccer/coaches,"Official athletics staff page, read 2026-10-09",official_university,yes,2026-10-09,
PAC12_TEXAS_STATE_WSOC,Texas State,Nathan,Stockie,Associate Head Coach,nmstockie@txstate.edu,,,https://txst.com/sports/womens-soccer/coaches,"Official athletics staff page, read 2026-10-09",official_university,yes,2026-10-09,
PAC12_TEXAS_STATE_WSOC,Texas State,Jonas Hunt,Anton,Assistant Coach,janton@txstate.edu,,,https://txst.com/sports/womens-soccer/coaches,"Official athletics staff page, read 2026-10-09",official_university,yes,2026-10-09,
PAC12_TEXAS_STATE_WSOC,Texas State,Alliyah,Varga,Assistant Coach,isg47@txstate.edu,,,https://txst.com/sports/womens-soccer/coaches,"Official athletics staff page, read 2026-10-09",official_university,yes,2026-10-09,
PAC12_UTAH_STATE_WSOC,Utah State,Manny,Martins,Head Coach,manny.martins@usu.edu,,,https://utahstateaggies.com/sports/womens-soccer/coaches,"Official athletics staff page, read 2026-10-09",official_university,yes,2026-10-09,
PAC12_UTAH_STATE_WSOC,Utah State,Erin,Carrillo-Bautista,Associate Head Coach,erin.carrillo@usu.edu,503-320-8071,,https://utahstateaggies.com/sports/womens-soccer/coaches,"Official athletics staff page, read 2026-10-09",official_university,yes,2026-10-09,
PAC12_UTAH_STATE_WSOC,Utah State,Mealii,Odum,Assistant Coach,mealii.odum@usu.edu,,,https://utahstateaggies.com/sports/womens-soccer/coaches,"Official athletics staff page, read 2026-10-09",official_university,yes,2026-10-09,
PAC12_UTAH_STATE_WSOC,Utah State,Brandon,DeNoyer,Assistant Coach,,,,https://utahstateaggies.com/sports/womens-soccer/coaches,"Official athletics staff page, read 2026-10-09",official_university,yes,2026-10-09,
PAT_AMERICAN_WSOC,American,Phil,Casella,Head Coach,pcasella@american.edu,,,https://aueagles.com/sports/womens-soccer/coaches,"Official athletics staff page, read 2026-10-09",official_university,yes,2026-10-09,
PAT_AMERICAN_WSOC,American,Don,Overmier,Assistant Coach,dovermier@american.edu,,,https://aueagles.com/sports/womens-soccer/coaches,"Official athletics staff page, read 2026-10-09",official_university,yes,2026-10-09,
PAT_AMERICAN_WSOC,American,Nicolas,Lancaster,Goalkeeper Assistant Coach,nlancaster@american.edu,,,https://aueagles.com/sports/womens-soccer/coaches,"Official athletics staff page, read 2026-10-09",official_university,yes,2026-10-09,
PAT_ARMY_WSOC,Army,Tracy,Chao,Head Women's Soccer Coach,tracy.chao@westpoint.edu,,,https://goarmywestpoint.com/sports/womens-soccer/coaches,"Official athletics staff page, read 2026-10-09",official_university,yes,2026-10-09,
PAT_ARMY_WSOC,Army,Tori,Ball,Associate Head Women's Soccer Coach,tori.ball@westpoint.edu,,,https://goarmywestpoint.com/sports/womens-soccer/coaches,"Official athletics staff page, read 2026-10-09",official_university,yes,2026-10-09,
PAT_ARMY_WSOC,Army,Brett,Axelrod,Assistant Women's Soccer Coach,brett.axelrod@westpoint.edu,,,https://goarmywestpoint.com/sports/womens-soccer/coaches,"Official athletics staff page, read 2026-10-09",official_university,yes,2026-10-09,
PAT_BOSTON_UNIVERSITY_WSOC,Boston University,Megan,Burke,Head Coach,megburke@bu.edu,,,https://goterriers.com/sports/womens-soccer/coaches,"Official athletics staff page, read 2026-10-09",official_university,yes,2026-10-09,
PAT_BOSTON_UNIVERSITY_WSOC,Boston University,Marcus,Carrington,Assistant Coach,macacarr@bu.edu,,,https://goterriers.com/sports/womens-soccer/coaches,"Official athletics staff page, read 2026-10-09",official_university,yes,2026-10-09,
PAT_BOSTON_UNIVERSITY_WSOC,Boston University,Amy,Thompson,Assistant Coach,amythomp@bu.edu,,,https://goterriers.com/sports/womens-soccer/coaches,"Official athletics staff page, read 2026-10-09",official_university,yes,2026-10-09,
PAT_BUCKNELL_WSOC,Bucknell,Kelly,Cook,Head Coach,kelly.kuss@bucknell.edu,570-577-1772,,https://bucknellbison.com/sports/womens-soccer/coaches,"Official athletics staff page, read 2026-10-09",official_university,yes,2026-10-09,
PAT_BUCKNELL_WSOC,Bucknell,Alexa,Ream,Assistant Coach,apr010@bucknell.edu,570-577-1073,,https://bucknellbison.com/sports/womens-soccer/coaches,"Official athletics staff page, read 2026-10-09",official_university,yes,2026-10-09,
PAT_BUCKNELL_WSOC,Bucknell,PJ,Steiner,Assistant Coach,pjs046@bucknell.edu,570-577-3557,,https://bucknellbison.com/sports/womens-soccer/coaches,"Official athletics staff page, read 2026-10-09",official_university,yes,2026-10-09,
PAT_HOLY_CROSS_WSOC,Holy Cross,Ben,Graham,Head Coach,bgraham@holycross.edu,508-793-3624,,https://goholycross.com/sports/womens-soccer/coaches,"Official athletics staff page, read 2026-10-09",official_university,yes,2026-10-09,
PAT_HOLY_CROSS_WSOC,Holy Cross,Chris,Wasilewski,Associate Head Coach,cwasilew@holycross.edu,508-793-2488,,https://goholycross.com/sports/womens-soccer/coaches,"Official athletics staff page, read 2026-10-09",official_university,yes,2026-10-09,
PAT_HOLY_CROSS_WSOC,Holy Cross,Lizzie,Frattaroli,Assistant Coach,efrattaroli@holycross.edu,508-793-2571,,https://goholycross.com/sports/womens-soccer/coaches,"Official athletics staff page, read 2026-10-09",official_university,yes,2026-10-09,
PAT_HOLY_CROSS_WSOC,Holy Cross,Cat,Klein,Assistant Coach,cklein@holycross.edu,508-793-2571,,https://goholycross.com/sports/womens-soccer/coaches,"Official athletics staff page, read 2026-10-09",official_university,yes,2026-10-09,
PAT_LAFAYETTE_WSOC,Lafayette,Mick,Statham,Head Coach,stathamm@lafayette.edu,610-330-5458,,https://goleopards.com/sports/womens-soccer/coaches,"Official athletics staff page, read 2026-10-09",official_university,yes,2026-10-09,
PAT_LAFAYETTE_WSOC,Lafayette,Brian,Herr,Assistant Coach,herrb@lafayette.edu,610-330-5909,,https://goleopards.com/sports/womens-soccer/coaches,"Official athletics staff page, read 2026-10-09",official_university,yes,2026-10-09,
PAT_LEHIGH_WSOC,Lehigh,Lauren,Calabrese,Head Coach,lnc3@lehigh.edu,610-758-4389,,https://lehighsports.com/sports/womens-soccer/coaches,"Official athletics staff page, read 2026-10-09",official_university,yes,2026-10-09,
PAT_LEHIGH_WSOC,Lehigh,Liisi,Vink-Lainas,Assistant Coach,liv225@lehigh.edu,,,https://lehighsports.com/sports/womens-soccer/coaches,"Official athletics staff page, read 2026-10-09",official_university,yes,2026-10-09,
PAT_LEHIGH_WSOC,Lehigh,Bill,Moukoulis,Assistant Coach,,,,https://lehighsports.com/sports/womens-soccer/coaches,"Official athletics staff page, read 2026-10-09",official_university,yes,2026-10-09,
PAT_LOYOLA_MD_WSOC,Loyola (MD),Joe,Mallia,Head Coach,jmallia@loyola.edu,(410) 617-5146,,https://loyolagreyhounds.com/sports/womens-soccer/coaches,"Official athletics staff page, read 2026-10-09",official_university,yes,2026-10-09,
PAT_LOYOLA_MD_WSOC,Loyola (MD),Emma,Steiner,Assistant Coach,esteiner@loyola.edu,,,https://loyolagreyhounds.com/sports/womens-soccer/coaches,"Official athletics staff page, read 2026-10-09",official_university,yes,2026-10-09,
PAT_LOYOLA_MD_WSOC,Loyola (MD),Dallas,Fiszel,Assistant Coach,dfiszel@loyola.edu,(410) 617-5279,,https://loyolagreyhounds.com/sports/womens-soccer/coaches,"Official athletics staff page, read 2026-10-09",official_university,yes,2026-10-09,
PAT_NAVY_WSOC,Navy,Carin,Gabarra,Women's Soccer Head Coach,gabarra@usna.edu,410-293-5562,,https://navysports.com/sports/womens-soccer/coaches,"Official athletics staff page, read 2026-10-09",official_university,yes,2026-10-09,
PAT_NAVY_WSOC,Navy,Rob,Blanck,Associate Head Coach,blanck@usna.edu,410-293-5543,,https://navysports.com/sports/womens-soccer/coaches,"Official athletics staff page, read 2026-10-09",official_university,yes,2026-10-09,
PAT_NAVY_WSOC,Navy,Mike,Melton,Associate Head Coach,mmelton@usna.edu,410-293-2628,,https://navysports.com/sports/womens-soccer/coaches,"Official athletics staff page, read 2026-10-09",official_university,yes,2026-10-09,
PAT_NAVY_WSOC,Navy,Natasha,Munro,Assistant Coach,munro@usna.edu,,,https://navysports.com/sports/womens-soccer/coaches,"Official athletics staff page, read 2026-10-09",official_university,yes,2026-10-09,
SEC_ALA_WSOC,Alabama,Wes,Hart,Head Coach,,205-963-5862,,https://rolltide.com/sports/womens-soccer/coaches,"Official athletics staff page, read 2026-10-09",official_university,yes,2026-10-09,
SEC_ALA_WSOC,Alabama,Mike,Piserchio,Associate Head Coach,mpiserchio@ia.ua.edu,205-963-5824,,https://rolltide.com/sports/womens-soccer/coaches,"Official athletics staff page, read 2026-10-09",official_university,yes,2026-10-09,
SEC_ALA_WSOC,Alabama,Jerrod,Roh,Assistant Coach/Recruiting Coordinator,jroh@ia.ua.edu,205-963-5782,,https://rolltide.com/sports/womens-soccer/coaches,"Official athletics staff page, read 2026-10-09",official_university,yes,2026-10-09,
SEC_ALA_WSOC,Alabama,Alyssa,D'Aloise,Assistant Coach,adaloise@ia.ua.edu,205-963-5700,,https://rolltide.com/sports/womens-soccer/coaches,"Official athletics staff page, read 2026-10-09",official_university,yes,2026-10-09,
SEC_ARK_WSOC,Arkansas,Colby,Hale,Head Coach,,,,https://arkansasrazorbacks.com/sport/w-soccer/roster/,"Official athletics staff page, read 2026-10-09",official_university,yes,2026-10-09,
SEC_ARK_WSOC,Arkansas,Jon,Harvey,Associate Head Coach,,,,https://arkansasrazorbacks.com/sport/w-soccer/roster/,"Official athletics staff page, read 2026-10-09",official_university,yes,2026-10-09,
SEC_ARK_WSOC,Arkansas,Sammy,Scofield,Associate Head Coach,,,,https://arkansasrazorbacks.com/sport/w-soccer/roster/,"Official athletics staff page, read 2026-10-09",official_university,yes,2026-10-09,
SEC_ARK_WSOC,Arkansas,Sandy,Davison,Assistant Coach,,,,https://arkansasrazorbacks.com/sport/w-soccer/roster/,"Official athletics staff page, read 2026-10-09",official_university,yes,2026-10-09,
SEC_AUB_WSOC,Auburn,James,Armstrong,Head Coach,,,,https://auburntigers.com/sports/soccer/roster,"Official athletics staff page, read 2026-10-09",official_university,yes,2026-10-09,
SEC_AUB_WSOC,Auburn,Drago,Ćeranić,Associate Head Coach,,,,https://auburntigers.com/sports/soccer/roster,"Official athletics staff page, read 2026-10-09",official_university,yes,2026-10-09,
SEC_AUB_WSOC,Auburn,Rob,McGann,Assistant Coach,,,,https://auburntigers.com/sports/soccer/roster,"Official athletics staff page, read 2026-10-09",official_university,yes,2026-10-09,
SEC_AUB_WSOC,Auburn,Tara,McQueen,Assistant Coach,,,,https://auburntigers.com/sports/soccer/roster,"Official athletics staff page, read 2026-10-09",official_university,yes,2026-10-09,
SEC_AUB_WSOC,Auburn,Price,Loposer,Player Development Coordinator,,,,https://auburntigers.com/sports/soccer/roster,"Official athletics staff page, read 2026-10-09",official_university,yes,2026-10-09,
SEC_AUB_WSOC,Auburn,Amy,Reif,Director of Strategic Operations & Player Development,,,,https://auburntigers.com/sports/soccer/roster,"Official athletics staff page, read 2026-10-09",official_university,yes,2026-10-09,
SEC_AUB_WSOC,Auburn,Anthony,Vellucci,Director of Game Operations,,,,https://auburntigers.com/sports/soccer/roster,"Official athletics staff page, read 2026-10-09",official_university,yes,2026-10-09,
SEC_FLA_WSOC,Florida,Nick,Zimmerman,Head Soccer Coach,nickz@gators.ufl.edu,,,https://floridagators.com/sports/womens-soccer/coaches,"Official athletics staff page, read 2026-10-09",official_university,yes,2026-10-09,
SEC_FLA_WSOC,Florida,Jonathan,Garbar,Associate Head Coach,jong@gators.ufl.edu,,,https://floridagators.com/sports/womens-soccer/coaches,"Official athletics staff page, read 2026-10-09",official_university,yes,2026-10-09,
SEC_FLA_WSOC,Florida,Kerri Hanks,Petersen,Assistant Coach,kerrip@gators.ufl.edu,,,https://floridagators.com/sports/womens-soccer/coaches,"Official athletics staff page, read 2026-10-09",official_university,yes,2026-10-09,
SEC_FLA_WSOC,Florida,David,Styles,Assistant Coach,davidst@gators.ufl.edu,,,https://floridagators.com/sports/womens-soccer/coaches,"Official athletics staff page, read 2026-10-09",official_university,yes,2026-10-09,
SEC_UGA_WSOC,Georgia,Keidane,McAlpine,Head Coach,,,,https://georgiadogs.com/sports/womens-soccer/coaches,"Official athletics staff page, read 2026-10-09",official_university,yes,2026-10-09,
SEC_UGA_WSOC,Georgia,Jason,Lockhart,Associate Head Coach,,,,https://georgiadogs.com/sports/womens-soccer/coaches,"Official athletics staff page, read 2026-10-09",official_university,yes,2026-10-09,
SEC_UGA_WSOC,Georgia,Kat,Crump,Assistant Coach,,,,https://georgiadogs.com/sports/womens-soccer/coaches,"Official athletics staff page, read 2026-10-09",official_university,yes,2026-10-09,
SEC_UGA_WSOC,Georgia,Rade,Tanaskovic,Assistant Coach,,,,https://georgiadogs.com/sports/womens-soccer/coaches,"Official athletics staff page, read 2026-10-09",official_university,yes,2026-10-09,
SEC_UK_WSOC,Kentucky,Troy,Fabiano,Head Coach,,,,https://ukathletics.com/sports/wsoc/roster/,"Official athletics staff page, read 2026-10-09",official_university,yes,2026-10-09,
SEC_UK_WSOC,Kentucky,Brenton,Saylor,Associate Head Coach,,,,https://ukathletics.com/sports/wsoc/roster/,"Official athletics staff page, read 2026-10-09",official_university,yes,2026-10-09,
SEC_UK_WSOC,Kentucky,Marco,Fabiano,Assistant Coach/Recruiting Coordinator,,,,https://ukathletics.com/sports/wsoc/roster/,"Official athletics staff page, read 2026-10-09",official_university,yes,2026-10-09,
SEC_UK_WSOC,Kentucky,Jelena,Sever,Assistant Coach,,,,https://ukathletics.com/sports/wsoc/roster/,"Official athletics staff page, read 2026-10-09",official_university,yes,2026-10-09,
SEC_UK_WSOC,Kentucky,Nick,Stevens,Director of Operations,,,,https://ukathletics.com/sports/wsoc/roster/,"Official athletics staff page, read 2026-10-09",official_university,yes,2026-10-09,
SEC_LSU_WSOC,LSU,Seb,Furness,Associate Head Coach,,,,https://lsusports.net/sports/sc/roster,"Official athletics staff page, read 2026-10-09",official_university,yes,2026-10-09,
SEC_LSU_WSOC,LSU,Conor,Cable,Assistant Coach,,,,https://lsusports.net/sports/sc/roster,"Official athletics staff page, read 2026-10-09",official_university,yes,2026-10-09,
SEC_LSU_WSOC,LSU,Sam,Etherington,Assistant Coach,,,,https://lsusports.net/sports/sc/roster,"Official athletics staff page, read 2026-10-09",official_university,yes,2026-10-09,
SEC_LSU_WSOC,LSU,Nicole,Devlin,Director of Operations,,,,https://lsusports.net/sports/sc/roster,"Official athletics staff page, read 2026-10-09",official_university,yes,2026-10-09,
SEC_MSST_WSOC,Mississippi State,Kevin,O'Brien,Head Soccer Coach,soccer@athletics.msstate.edu,662-325-2722,,https://hailstate.com/sports/womens-soccer/coaches,"Official athletics staff page, read 2026-10-09",official_university,yes,2026-10-09,
SEC_MSST_WSOC,Mississippi State,Mark,Foster,Associate Head Soccer Coach,mfoster@athletics.msstate.edu,,,https://hailstate.com/sports/womens-soccer/coaches,"Official athletics staff page, read 2026-10-09",official_university,yes,2026-10-09,
SEC_MSST_WSOC,Mississippi State,Emma,Webb,Associate Head Soccer Coach,ewebb@athletics.msstate.edu,,,https://hailstate.com/sports/womens-soccer/coaches,"Official athletics staff page, read 2026-10-09",official_university,yes,2026-10-09,
SEC_MSST_WSOC,Mississippi State,Kat,Stratton,Assistant Soccer Coach,kstratton@athletics.msstate.edu,662-325-2722,,https://hailstate.com/sports/womens-soccer/coaches,"Official athletics staff page, read 2026-10-09",official_university,yes,2026-10-09,
SEC_MSST_WSOC,Mississippi State,Lucy,Ream,Director of Soccer Operations,lream@athletics.msstate.edu,,,https://hailstate.com/sports/womens-soccer/coaches,"Official athletics staff page, read 2026-10-09",official_university,yes,2026-10-09,
SEC_MIZ_WSOC,Missouri,Stefanie,Golan,Head Coach,,,,https://mutigers.com/sports/womens-soccer/roster,"Official athletics staff page, read 2026-10-09",official_university,yes,2026-10-09,
SEC_MIZ_WSOC,Missouri,Kelsey,Wys,Associate Head Coach,,,,https://mutigers.com/sports/womens-soccer/roster,"Official athletics staff page, read 2026-10-09",official_university,yes,2026-10-09,
SEC_MIZ_WSOC,Missouri,Renee,Horton,Associate Head Coach,,,,https://mutigers.com/sports/womens-soccer/roster,"Official athletics staff page, read 2026-10-09",official_university,yes,2026-10-09,
SEC_MIZ_WSOC,Missouri,Callie,McKinney,Assistant Coach,,,,https://mutigers.com/sports/womens-soccer/roster,"Official athletics staff page, read 2026-10-09",official_university,yes,2026-10-09,
SEC_MIZ_WSOC,Missouri,Molly,Kuhbacher,Director of Soccer Operations,,,,https://mutigers.com/sports/womens-soccer/roster,"Official athletics staff page, read 2026-10-09",official_university,yes,2026-10-09,
SEC_MIZ_WSOC,Missouri,Olivia,Reynolds,Operations Assistant,,,,https://mutigers.com/sports/womens-soccer/roster,"Official athletics staff page, read 2026-10-09",official_university,yes,2026-10-09,
SEC_MISS_WSOC,Ole Miss,Todd,Shulenberger,Head Coach,tpshulen@olemiss.edu,,,https://olemisssports.com/sports/womens-soccer/coaches,"Official athletics staff page, read 2026-10-09",official_university,yes,2026-10-09,
SEC_MISS_WSOC,Ole Miss,Harold,Warren,Associate Head Coach,hbwarren@olemiss.edu,,,https://olemisssports.com/sports/womens-soccer/coaches,"Official athletics staff page, read 2026-10-09",official_university,yes,2026-10-09,
SEC_MISS_WSOC,Ole Miss,Emily,Marcouiller,Assistant Coach,eamarcou@olemiss.edu,,,https://olemisssports.com/sports/womens-soccer/coaches,"Official athletics staff page, read 2026-10-09",official_university,yes,2026-10-09,
SEC_MISS_WSOC,Ole Miss,Mason,Portalski,Assistant Coach,mdportal@olemiss.edu,,,https://olemisssports.com/sports/womens-soccer/coaches,"Official athletics staff page, read 2026-10-09",official_university,yes,2026-10-09,
SEC_SC_WSOC,South Carolina,Shelley,Smith,Head Coach,,,,https://gamecocksonline.com/sports/wsoc/roster/,"Official athletics staff page, read 2026-10-09",official_university,yes,2026-10-09,
SEC_SC_WSOC,South Carolina,Jamie,Smith,Associate Head Coach,,,,https://gamecocksonline.com/sports/wsoc/roster/,"Official athletics staff page, read 2026-10-09",official_university,yes,2026-10-09,
SEC_SC_WSOC,South Carolina,Marnie,Merritt,Assistant Coach,,,,https://gamecocksonline.com/sports/wsoc/roster/,"Official athletics staff page, read 2026-10-09",official_university,yes,2026-10-09,
SEC_TENN_WSOC,Tennessee,Joe,Kirt,Head Coach,,,,https://utsports.com/sports/womens-soccer/coaches,"Official athletics staff page, read 2026-10-09",official_university,yes,2026-10-09,
SEC_TENN_WSOC,Tennessee,Jonathan,Morgan,Associate Head Coach,jmorga79@utk.edu,,,https://utsports.com/sports/womens-soccer/coaches,"Official athletics staff page, read 2026-10-09",official_university,yes,2026-10-09,
SEC_TENN_WSOC,Tennessee,Mike,Lyons,Assistant Coach,mlyons16@utk.edu,,,https://utsports.com/sports/womens-soccer/coaches,"Official athletics staff page, read 2026-10-09",official_university,yes,2026-10-09,
SEC_TENN_WSOC,Tennessee,Marty,Baker,Assistant Coach,mbaker26@utk.edu,,,https://utsports.com/sports/womens-soccer/coaches,"Official athletics staff page, read 2026-10-09",official_university,yes,2026-10-09,
SEC_TEX_WSOC,Texas,Margueritte,Bates,"Head Coach, Soccer",,512-471-6708,,https://texaslonghorns.com/sports/womens-soccer/coaches,"Official athletics staff page, read 2026-10-09",official_university,yes,2026-10-09,
SEC_TEX_WSOC,Texas,Molly,Poletto,Assistant Coach,,512-471-6708,,https://texaslonghorns.com/sports/womens-soccer/coaches,"Official athletics staff page, read 2026-10-09",official_university,yes,2026-10-09,
SEC_TEX_WSOC,Texas,Courtney,Drummond,Assistant Coach,,512-471-6708,,https://texaslonghorns.com/sports/womens-soccer/coaches,"Official athletics staff page, read 2026-10-09",official_university,yes,2026-10-09,
SEC_TEX_WSOC,Texas,Seth,Taylor,Assistant Coach,,512-471-6708,,https://texaslonghorns.com/sports/womens-soccer/coaches,"Official athletics staff page, read 2026-10-09",official_university,yes,2026-10-09,
SEC_TAMU_WSOC,Texas A&M,Bobby,Shuttleworth,Head Coach,,,,https://12thman.com/sports/soccer/roster,"Official athletics staff page, read 2026-10-09",official_university,yes,2026-10-09,
SEC_TAMU_WSOC,Texas A&M,Marc,Burch,Assistant Coach,,,,https://12thman.com/sports/soccer/roster,"Official athletics staff page, read 2026-10-09",official_university,yes,2026-10-09,
SEC_TAMU_WSOC,Texas A&M,Alyssa,Bower,Assistant Coach,,,,https://12thman.com/sports/soccer/roster,"Official athletics staff page, read 2026-10-09",official_university,yes,2026-10-09,
SEC_TAMU_WSOC,Texas A&M,Ali,Hanif,Assistant Coach,,,,https://12thman.com/sports/soccer/roster,"Official athletics staff page, read 2026-10-09",official_university,yes,2026-10-09,
SEC_VAN_WSOC,Vanderbilt,Darren,Ambrose,Head Coach,,,,https://vucommodores.com/sports/wsoc/roster,"Official athletics staff page, read 2026-10-09",official_university,yes,2026-10-09,
SEC_VAN_WSOC,Vanderbilt,Casey,Derkacz,Associate Head Coach,,,,https://vucommodores.com/sports/wsoc/roster,"Official athletics staff page, read 2026-10-09",official_university,yes,2026-10-09,
SEC_VAN_WSOC,Vanderbilt,Jennie,Clark,Assistant Coach,,,,https://vucommodores.com/sports/wsoc/roster,"Official athletics staff page, read 2026-10-09",official_university,yes,2026-10-09,
SEC_VAN_WSOC,Vanderbilt,Calum,Langdale,Assistant Coach,,,,https://vucommodores.com/sports/wsoc/roster,"Official athletics staff page, read 2026-10-09",official_university,yes,2026-10-09,
SOCON_CHATTANOOGA_WSOC,Chattanooga,Gavin,McKinney,Head Coach,mocssoccer@utc.edu,423-425-2102,,https://gomocs.com/sports/womens-soccer/coaches,"Official athletics staff page, read 2026-10-09",official_university,yes,2026-10-09,
SOCON_CHATTANOOGA_WSOC,Chattanooga,Josie,Rix,Assistant Coach,josie-rix@utc.edu,,,https://gomocs.com/sports/womens-soccer/coaches,"Official athletics staff page, read 2026-10-09",official_university,yes,2026-10-09,
SOCON_CHATTANOOGA_WSOC,Chattanooga,Zoey,Mize,Assistant Coach,,,,https://gomocs.com/sports/womens-soccer/coaches,"Official athletics staff page, read 2026-10-09",official_university,yes,2026-10-09,
SOCON_CHATTANOOGA_WSOC,Chattanooga,Katie,Wright,Assistant Coach,,,,https://gomocs.com/sports/womens-soccer/coaches,"Official athletics staff page, read 2026-10-09",official_university,yes,2026-10-09,
SOCON_EAST_TENNESSEE_STATE_WSOC,East Tennessee State,Jay,Yelton,Head Coach,,,,https://etsubucs.com/sports/womens-soccer/coaches,"Official athletics staff page, read 2026-10-09",official_university,yes,2026-10-09,
SOCON_EAST_TENNESSEE_STATE_WSOC,East Tennessee State,Matt,Yelton,Assistant Coach,zmby1@etsu.edu,,,https://etsubucs.com/sports/womens-soccer/coaches,"Official athletics staff page, read 2026-10-09",official_university,yes,2026-10-09,
SOCON_FURMAN_WSOC,Furman,Andrew,Burr,Head Coach,andrew.burr@furman.edu,864-294-2053,,https://furmanpaladins.com/sports/womens-soccer/coaches,"Official athletics staff page, read 2026-10-09",official_university,yes,2026-10-09,
SOCON_FURMAN_WSOC,Furman,April,Raymer,Associate Head Coach,april.raymer@furman.edu,864-294-3071,,https://furmanpaladins.com/sports/womens-soccer/coaches,"Official athletics staff page, read 2026-10-09",official_university,yes,2026-10-09,
SOCON_FURMAN_WSOC,Furman,Brendan,Smith,Assistant Coach,brendan.smith53@furman.edu,864-294-2053,,https://furmanpaladins.com/sports/womens-soccer/coaches,"Official athletics staff page, read 2026-10-09",official_university,yes,2026-10-09,
SOCON_MERCER_WSOC,Mercer,Tony,Economopoulos,Head Coach,wsoccer@mercer.edu,(478) 301-2060,,https://mercerbears.com/sports/womens-soccer/coaches,"Official athletics staff page, read 2026-10-09",official_university,yes,2026-10-09,
SOCON_MERCER_WSOC,Mercer,Harold,Muñoz,Assistant Coach,wsoccer@mercer.edu,(478) 301-2060,,https://mercerbears.com/sports/womens-soccer/coaches,"Official athletics staff page, read 2026-10-09",official_university,yes,2026-10-09,
SOCON_SAMFORD_WSOC,Samford,Todd,Yelton,Head Coach,atyelton@samford.edu,205-726-4039,,https://samfordsports.com/sports/womens-soccer/coaches,"Official athletics staff page, read 2026-10-09",official_university,yes,2026-10-09,
SOCON_SAMFORD_WSOC,Samford,Carl,Goody,Associate Head Coach,cgoody@samford.edu,,,https://samfordsports.com/sports/womens-soccer/coaches,"Official athletics staff page, read 2026-10-09",official_university,yes,2026-10-09,
SOCON_SAMFORD_WSOC,Samford,Alex,Durbin,Assistant Coach,adurbin4@samford.edu,,,https://samfordsports.com/sports/womens-soccer/coaches,"Official athletics staff page, read 2026-10-09",official_university,yes,2026-10-09,
SOCON_THE_CITADEL_WSOC,The Citadel,Ciaran,Traquair,Head Coach,tciaran@citadel.edu,843-469-7099,,https://citadelsports.com/sports/womens-soccer/coaches,"Official athletics staff page, read 2026-10-09",official_university,yes,2026-10-09,
SOCON_THE_CITADEL_WSOC,The Citadel,Adam,Kirkwood,Assistant Coach,akirkwoo@citadel.edu,,,https://citadelsports.com/sports/womens-soccer/coaches,"Official athletics staff page, read 2026-10-09",official_university,yes,2026-10-09,
SOCON_THE_CITADEL_WSOC,The Citadel,Harry,Baker,Assistant Coach,hbaker5@citadel.edu,,,https://citadelsports.com/sports/womens-soccer/coaches,"Official athletics staff page, read 2026-10-09",official_university,yes,2026-10-09,
SOCON_UNC_GREENSBORO_WSOC,UNC Greensboro,Stefani,Workman,Head Coach,snworkma@uncg.edu,,,https://uncgspartans.com/sports/womens-soccer/coaches,"Official athletics staff page, read 2026-10-09",official_university,yes,2026-10-09,
SOCON_UNC_GREENSBORO_WSOC,UNC Greensboro,Mitch,Williams,Assistant Coach,m_williams3@uncg.edu,,,https://uncgspartans.com/sports/womens-soccer/coaches,"Official athletics staff page, read 2026-10-09",official_university,yes,2026-10-09,
SOCON_UNC_GREENSBORO_WSOC,UNC Greensboro,Jaida,Scott,Assistant Coach,j_scott4@uncg.edu,954-830-4766,,https://uncgspartans.com/sports/womens-soccer/coaches,"Official athletics staff page, read 2026-10-09",official_university,yes,2026-10-09,
SOCON_UNC_GREENSBORO_WSOC,UNC Greensboro,Eric,Winkler,Assistant Coach,e_winkler@uncg.edu,,,https://uncgspartans.com/sports/womens-soccer/coaches,"Official athletics staff page, read 2026-10-09",official_university,yes,2026-10-09,
SOCON_VMI_WSOC,VMI,Jim,Robbins,Women's Soccer Head Coach,robbinsjc@vmi.edu,540-464-7608,,https://vmikeydets.com/sports/womens-soccer/coaches,"Official athletics staff page, read 2026-10-09",official_university,yes,2026-10-09,
SOCON_VMI_WSOC,VMI,McKayla,Wetsel,Assistant Coach,wetselm@vmi.edu,540-464-7956,,https://vmikeydets.com/sports/womens-soccer/coaches,"Official athletics staff page, read 2026-10-09",official_university,yes,2026-10-09,
SOCON_VMI_WSOC,VMI,Sam,Honig,Assistant Coach,,,,https://vmikeydets.com/sports/womens-soccer/coaches,"Official athletics staff page, read 2026-10-09",official_university,yes,2026-10-09,
SOCON_WESTERN_CAROLINA_WSOC,Western Carolina,Chad,Miller,Head Coach,millerc@email.wcu.edu,(828) 227-2025,,https://catamountsports.com/sports/womens-soccer/coaches,"Official athletics staff page, read 2026-10-09",official_university,yes,2026-10-09,
SOCON_WESTERN_CAROLINA_WSOC,Western Carolina,Andrew,Green,Associate Head Coach,greena@wcu.edu,(828) 227-2391,,https://catamountsports.com/sports/womens-soccer/coaches,"Official athletics staff page, read 2026-10-09",official_university,yes,2026-10-09,
SOCON_WESTERN_CAROLINA_WSOC,Western Carolina,Michael,Mazarky,Volunteer Assistant Coach,mmazarky@email.wcu.edu,,,https://catamountsports.com/sports/womens-soccer/coaches,"Official athletics staff page, read 2026-10-09",official_university,yes,2026-10-09,
SOCON_WOFFORD_WSOC,Wofford,Kevin,Dempsey,Head Women's Soccer Coach,dempseyke@wofford.edu,,,https://woffordterriers.com/sports/womens-soccer/coaches,"Official athletics staff page, read 2026-10-09",official_university,yes,2026-10-09,
SOCON_WOFFORD_WSOC,Wofford,Stephen,Lee,Assistant Women's Soccer Coach,leesr@wofford.edu,,,https://woffordterriers.com/sports/womens-soccer/coaches,"Official athletics staff page, read 2026-10-09",official_university,yes,2026-10-09,
SLND_EAST_TEXAS_A_AND_M_WSOC,|East Texas A&M,Ashley,Gordon,Head Coach,ashley.gordon@etamu.edu,(903) 886-5571,,https://lionathletics.com/sports/womens-soccer/coaches,"Official athletics staff page, read 2026-10-09",official_university,yes,2026-10-09,
SLND_EAST_TEXAS_A_AND_M_WSOC,|East Texas A&M,Steven,Cooney,Assistant Coach - Goalkeepers,steven.cooney@etamu.edu,(903) 886-5571,,https://lionathletics.com/sports/womens-soccer/coaches,"Official athletics staff page, read 2026-10-09",official_university,yes,2026-10-09,
SLND_HOUSTON_CHRISTIAN_WSOC,Houston Christian,Nick,Whiting,Head Coach,nwhiting@hc.edu,,,https://hcuhuskies.com/sports/womens-soccer/coaches,"Official athletics staff page, read 2026-10-09",official_university,yes,2026-10-09,
SLND_HOUSTON_CHRISTIAN_WSOC,Houston Christian,Brady,Schlesman,Associate Head Coach,bschlesman@hc.edu,,,https://hcuhuskies.com/sports/womens-soccer/coaches,"Official athletics staff page, read 2026-10-09",official_university,yes,2026-10-09,
SLND_HOUSTON_CHRISTIAN_WSOC,Houston Christian,Jason,Cherry,Goalkeeper Coach,,,,https://hcuhuskies.com/sports/womens-soccer/coaches,"Official athletics staff page, read 2026-10-09",official_university,yes,2026-10-09,
SLND_INCARNATE_WORD_WSOC,Incarnate Word,Jake,Plant,Head Women's Soccer Coach,jplant@uiwtx.edu,,,https://uiwcardinals.com/sports/womens-soccer/coaches,"Official athletics staff page, read 2026-10-09",official_university,yes,2026-10-09,
SLND_INCARNATE_WORD_WSOC,Incarnate Word,Victoria,Ramirez,Associate Head Women's Soccer Coach,vmramire@uiwtx.edu,,,https://uiwcardinals.com/sports/womens-soccer/coaches,"Official athletics staff page, read 2026-10-09",official_university,yes,2026-10-09,
SLND_LAMAR_WSOC,Lamar,Nathan,Kogut,Head Coach,nkogut@lamar.edu,409-880-7595,,https://lamarcardinals.com/sports/womens-soccer/coaches,"Official athletics staff page, read 2026-10-09",official_university,yes,2026-10-09,
SLND_LAMAR_WSOC,Lamar,Colton,Bryant,Assistant Coach/Recruiting Coordinator,cbryant23@lamar.edu,,,https://lamarcardinals.com/sports/womens-soccer/coaches,"Official athletics staff page, read 2026-10-09",official_university,yes,2026-10-09,
SLND_LAMAR_WSOC,Lamar,Justin,Besley,Assistant Coach,jbesley@lamar.edu,,,https://lamarcardinals.com/sports/womens-soccer/coaches,"Official athletics staff page, read 2026-10-09",official_university,yes,2026-10-09,
SLND_LAMAR_WSOC,Lamar,Kyle,Jobe,Assistant Coach,kjobe1@lamar.edu,,,https://lamarcardinals.com/sports/womens-soccer/coaches,"Official athletics staff page, read 2026-10-09",official_university,yes,2026-10-09,
SLND_MCNEESE_WSOC,McNeese,Alexsis,Cable,Head Coach,acable@mcneese.edu,337-562-4266,,https://mcneesesports.com/sports/womens-soccer/coaches,"Official athletics staff page, read 2026-10-09",official_university,yes,2026-10-09,
SLND_MCNEESE_WSOC,McNeese,Trent,Ivy,Assistant Coach,tivy@mcneese.edu,337-475-5216,,https://mcneesesports.com/sports/womens-soccer/coaches,"Official athletics staff page, read 2026-10-09",official_university,yes,2026-10-09,
SLND_NICHOLLS_WSOC,Nicholls,Kristy,Helmers,Head Coach,kristy.helmers@nicholls.edu,,,https://geauxcolonels.com/sports/womens-soccer/coaches,"Official athletics staff page, read 2026-10-09",official_university,yes,2026-10-09,
SLND_NICHOLLS_WSOC,Nicholls,Benjamin,Nelson,Assistant Coach,ben.nelson@nicholls.edu,,,https://geauxcolonels.com/sports/womens-soccer/coaches,"Official athletics staff page, read 2026-10-09",official_university,yes,2026-10-09,
SLND_NICHOLLS_WSOC,Nicholls,Andre,Luiten,Assistant Coach,,,,https://geauxcolonels.com/sports/womens-soccer/coaches,"Official athletics staff page, read 2026-10-09",official_university,yes,2026-10-09,
SLND_NORTHWESTERN_STATE_WSOC,Northwestern State,Ian,Brophy,Head Coach,brophyi@nsula.edu,318-357-4337,,https://nsudemons.com/sports/womens-soccer/coaches,"Official athletics staff page, read 2026-10-09",official_university,yes,2026-10-09,
SLND_NORTHWESTERN_STATE_WSOC,Northwestern State,Kelly,Raddar,Assistant Coach,raddark@nsula.edu,,,https://nsudemons.com/sports/womens-soccer/coaches,"Official athletics staff page, read 2026-10-09",official_university,yes,2026-10-09,
SLND_SOUTHEASTERN_LOUISIANA_WSOC,Southeastern Louisiana,Nathan,Gillespie,Head Women's Soccer Coach,nathan.gillespie@southeastern.edu,(276) 451-1566,,https://lionsports.net/sports/womens-soccer/coaches,"Official athletics staff page, read 2026-10-09",official_university,yes,2026-10-09,
SLND_SOUTHEASTERN_LOUISIANA_WSOC,Southeastern Louisiana,Willem,Kelson,Assistant Coach | Head of Goalkeeper Development,willem.kelson@southeastern.edu,,,https://lionsports.net/sports/womens-soccer/coaches,"Official athletics staff page, read 2026-10-09",official_university,yes,2026-10-09,
SLND_STEPHEN_F_AUSTIN_WSOC,Stephen F. Austin,Ashley,Whittemore,Head Coach,ashley.whittemore@sfasu.edu,,,https://sfajacks.com/sports/womens-soccer/coaches,"Official athletics staff page, read 2026-10-09",official_university,yes,2026-10-09,
SLND_STEPHEN_F_AUSTIN_WSOC,Stephen F. Austin,McKenzie,Whittinghill,Assistant Coach,mckenzie.whittinghill@sfasu.edu,,,https://sfajacks.com/sports/womens-soccer/coaches,"Official athletics staff page, read 2026-10-09",official_university,yes,2026-10-09,
SLND_STEPHEN_F_AUSTIN_WSOC,Stephen F. Austin,Ben,Morrison,Assistant Coach/Recruiting Coordinator,benjamin.morrison@sfasu.edu,,,https://sfajacks.com/sports/womens-soccer/coaches,"Official athletics staff page, read 2026-10-09",official_university,yes,2026-10-09,
SLND_STEPHEN_F_AUSTIN_WSOC,Stephen F. Austin,Makenna,Garcia,Assistant Coach/Goalkeeper Coach,garciacm15@sfasu.edu,,,https://sfajacks.com/sports/womens-soccer/coaches,"Official athletics staff page, read 2026-10-09",official_university,yes,2026-10-09,
SLND_TEXAS_A_AND_M_CORPUS_CHRISTI_WSOC,Texas A&M–Corpus Christi,Daniel,Clitnovici,Head Women's Soccer Coach,daniel.clitnovici@tamucc.edu,,,https://goislanders.com/sports/womens-soccer/coaches,"Official athletics staff page, read 2026-10-09",official_university,yes,2026-10-09,
SLND_TEXAS_A_AND_M_CORPUS_CHRISTI_WSOC,Texas A&M–Corpus Christi,Chloe,Roberts,Associate Head Coach/Recruiting Coordinator,chloe.roberts@tamucc.edu,,,https://goislanders.com/sports/womens-soccer/coaches,"Official athletics staff page, read 2026-10-09",official_university,yes,2026-10-09,
SLND_TEXAS_A_AND_M_CORPUS_CHRISTI_WSOC,Texas A&M–Corpus Christi,Kyle,Clark,Assistant Coach/Player Development,kyle.clark@tamucc.edu,,,https://goislanders.com/sports/womens-soccer/coaches,"Official athletics staff page, read 2026-10-09",official_university,yes,2026-10-09,
SLND_TEXAS_A_AND_M_CORPUS_CHRISTI_WSOC,Texas A&M–Corpus Christi,Kennedy,Stelling,Assistant Coach/Goalkeeper Director,kennedy.stelling@tamucc.edu,(361) 825-3257,,https://goislanders.com/sports/womens-soccer/coaches,"Official athletics staff page, read 2026-10-09",official_university,yes,2026-10-09,
SLND_UT_RIO_GRANDE_VALLEY_WSOC,UT Rio Grande Valley,Nataki,Stewart,Head Coach,nataki.stewart@utrgv.edu,,,https://goutrgv.com/sports/womens-soccer/coaches,"Official athletics staff page, read 2026-10-09",official_university,yes,2026-10-09,
SLND_UT_RIO_GRANDE_VALLEY_WSOC,UT Rio Grande Valley,Melanie,Chandler,Associate Head Coach,melanie.chandler@utrgv.edu,956-665-3864,,https://goutrgv.com/sports/womens-soccer/coaches,"Official athletics staff page, read 2026-10-09",official_university,yes,2026-10-09,
SLND_UT_RIO_GRANDE_VALLEY_WSOC,UT Rio Grande Valley,Isabel ter,Weeme,Assistant Coach,isabel.terweeme@utrgv.edu,,,https://goutrgv.com/sports/womens-soccer/coaches,"Official athletics staff page, read 2026-10-09",official_university,yes,2026-10-09,
SWAC_ALABAMA_A_AND_M_WSOC,Alabama A&M,Prince,Borde,Head Coach,prince.borde@aamu.edu,(256) 947-9732,,https://aamusports.com/sports/womens-soccer/coaches,"Official athletics staff page, read 2026-10-09",official_university,yes,2026-10-09,
SWAC_ALABAMA_A_AND_M_WSOC,Alabama A&M,Kiara,Snel,Assistant Coach,kiara.snel@aamu.edu,,,https://aamusports.com/sports/womens-soccer/coaches,"Official athletics staff page, read 2026-10-09",official_university,yes,2026-10-09,
SWAC_ALABAMA_STATE_WSOC,Alabama State,Alicia,Wilson,Head Women's Soccer Coach,awilson1678@alasu.edu,,,https://bamastatesports.com/sports/womens-soccer/coaches,"Official athletics staff page, read 2026-10-09",official_university,yes,2026-10-09,
SWAC_ALABAMA_STATE_WSOC,Alabama State,Oscar,Lopez,Tutorial Coordinator | Volunteer Assistant Women's Soccer Coach | GK,olopez@alasu.edu,,,https://bamastatesports.com/sports/womens-soccer/coaches,"Official athletics staff page, read 2026-10-09",official_university,yes,2026-10-09,
SWAC_ALABAMA_STATE_WSOC,Alabama State,Wasila Diwura,Soale,Assistant Women's Soccer Coach,wsoale@alasu.edu,,,https://bamastatesports.com/sports/womens-soccer/coaches,"Official athletics staff page, read 2026-10-09",official_university,yes,2026-10-09,
SWAC_ALCORN_STATE_WSOC,Alcorn State,Ken,Kabiru,Head Coach,kkabiru@alcorn.edu,601-877-6517,,https://alcornsports.com/sports/womens-soccer/coaches,"Official athletics staff page, read 2026-10-09",official_university,yes,2026-10-09,
SWAC_ALCORN_STATE_WSOC,Alcorn State,Alvis,Ortega,Assistant Coach,,,,https://alcornsports.com/sports/womens-soccer/coaches,"Official athletics staff page, read 2026-10-09",official_university,yes,2026-10-09,
SWAC_ARKANSAS_PINE_BLUFF_WSOC,Arkansas–Pine Bluff,Fred,Locario,Head Soccer Coach,locariof@uapb.edu,,,https://uapblionsroar.com/sports/womens-soccer/coaches,"Official athletics staff page, read 2026-10-09",official_university,yes,2026-10-09,
SWAC_GRAMBLING_STATE_WSOC,Grambling State,Chris,Logan,Head Coach,loganch@gram.edu,,,https://gsutigers.com/sports/womens-soccer/coaches,"Official athletics staff page, read 2026-10-09",official_university,yes,2026-10-09,
SWAC_GRAMBLING_STATE_WSOC,Grambling State,Eric,Belcher,Assistant Coach,belcherer@gram.edu,,,https://gsutigers.com/sports/womens-soccer/coaches,"Official athletics staff page, read 2026-10-09",official_university,yes,2026-10-09,
SWAC_JACKSON_STATE_WSOC,Jackson State,Dr. Ted,Flogaites,Head Coach,theodore.j.flogaites@jsums.edu,601-979-2291,,https://gojsutigers.com/sports/womens-soccer/coaches,"Official athletics staff page, read 2026-10-09",official_university,yes,2026-10-09,
SWAC_JACKSON_STATE_WSOC,Jackson State,Taylor,Leddy,Assistant Coach,taylor.t.leddy@jsums.edu,,,https://gojsutigers.com/sports/womens-soccer/coaches,"Official athletics staff page, read 2026-10-09",official_university,yes,2026-10-09,
SWAC_PRAIRIE_VIEW_A_AND_M_WSOC,Prairie View A&M,Abe,García,Head Soccer Coach,ragarcia@pvamu.edu,(936) 261-9129,,https://pvpanthers.com/sports/womens-soccer/coaches,"Official athletics staff page, read 2026-10-09",official_university,yes,2026-10-09,
SWAC_PRAIRIE_VIEW_A_AND_M_WSOC,Prairie View A&M,Celestino,Albarran,Associate Head Soccer Coach,cealbarran@pvamu.edu,(936) 261-9129,,https://pvpanthers.com/sports/womens-soccer/coaches,"Official athletics staff page, read 2026-10-09",official_university,yes,2026-10-09,
SWAC_PRAIRIE_VIEW_A_AND_M_WSOC,Prairie View A&M,Alexis,Espino,Goalkeeper Coach,,,,https://pvpanthers.com/sports/womens-soccer/coaches,"Official athletics staff page, read 2026-10-09",official_university,yes,2026-10-09,
SWAC_SOUTHERN_WSOC,Southern,Jeremy,Fontenot,Head Coach,jeremy.fontenot@sus.edu,225-771-3052,,https://gojagsports.com/sports/womens-soccer/coaches,"Official athletics staff page, read 2026-10-09",official_university,yes,2026-10-09,
SWAC_SOUTHERN_WSOC,Southern,Sheneaka,Wright,Associate Head Coach,sheneaka.wright@sus.edu,225-771-3655,,https://gojagsports.com/sports/womens-soccer/coaches,"Official athletics staff page, read 2026-10-09",official_university,yes,2026-10-09,
SWAC_SOUTHERN_WSOC,Southern,Gian,McCann,Volunteer Assistant Coach,gian.mccann@sus.edu,225-771-3052,,https://gojagsports.com/sports/womens-soccer/coaches,"Official athletics staff page, read 2026-10-09",official_university,yes,2026-10-09,
SWAC_TEXAS_SOUTHERN_WSOC,Texas Southern,Danesha,Adams,Head Coach,danesha.adams@tsu.edu,713-313-6831,,https://tsusports.com/sports/womens-soccer/coaches,"Official athletics staff page, read 2026-10-09",official_university,yes,2026-10-09,
SWAC_TEXAS_SOUTHERN_WSOC,Texas Southern,Serebe,Kajubi,Assistant Coach,serebe.kajubi@tsu.edu,,,https://tsusports.com/sports/womens-soccer/coaches,"Official athletics staff page, read 2026-10-09",official_university,yes,2026-10-09,
SUM_KANSAS_CITY_WSOC,Kansas City,Jess,Smith,Head Coach,jessicasmith@umkc.edu,816-235-5309,,https://kcroos.com/sports/womens-soccer/coaches,"Official athletics staff page, read 2026-10-09",official_university,yes,2026-10-09,
SUM_KANSAS_CITY_WSOC,Kansas City,Mark,Sheldon,Assistant Coach,marksheldon@umkc.edu,816-235-5309,,https://kcroos.com/sports/womens-soccer/coaches,"Official athletics staff page, read 2026-10-09",official_university,yes,2026-10-09,
SUM_KANSAS_CITY_WSOC,Kansas City,Maddie,Dobyns,Goalkeeper Coach,maddiedobyns@umkc.edu,,,https://kcroos.com/sports/womens-soccer/coaches,"Official athletics staff page, read 2026-10-09",official_university,yes,2026-10-09,
SUM_NORTH_DAKOTA_WSOC,North Dakota,Henrik,Sohn,Head Coach,henrik.sohn@und.edu,701.777.2987,,https://fightinghawks.com/sports/womens-soccer/coaches,"Official athletics staff page, read 2026-10-09",official_university,yes,2026-10-09,
SUM_NORTH_DAKOTA_WSOC,North Dakota,Nicole,Randall,Associate Head Coach,nicole.randall@und.edu,701.777.3684,,https://fightinghawks.com/sports/womens-soccer/coaches,"Official athletics staff page, read 2026-10-09",official_university,yes,2026-10-09,
SUM_NORTH_DAKOTA_WSOC,North Dakota,Cameron,Hunter,Assistant Coach,cameron.c.hunter@und.edu,701.777.3684,,https://fightinghawks.com/sports/womens-soccer/coaches,"Official athletics staff page, read 2026-10-09",official_university,yes,2026-10-09,
SUM_NORTH_DAKOTA_WSOC,North Dakota,Andrea,Borray-Ortiz,Director of Operations,andrea.borrayortiz@und.edu,701.777.3684,,https://fightinghawks.com/sports/womens-soccer/coaches,"Official athletics staff page, read 2026-10-09",official_university,yes,2026-10-09,
SUM_NORTH_DAKOTA_STATE_WSOC,North Dakota State,Mike,Regan,Head Coach,michael.r.regan@ndsu.edu,,,https://gobison.com/sports/womens-soccer/coaches,"Official athletics staff page, read 2026-10-09",official_university,yes,2026-10-09,
SUM_NORTH_DAKOTA_STATE_WSOC,North Dakota State,Chris,Higgins,Associate Head Coach,chris.higgins.1@ndsu.edu,,,https://gobison.com/sports/womens-soccer/coaches,"Official athletics staff page, read 2026-10-09",official_university,yes,2026-10-09,
SUM_NORTH_DAKOTA_STATE_WSOC,North Dakota State,Ashley St.,Aubin,Assistant Coach,ashley.staubin@ndsu.edu,,,https://gobison.com/sports/womens-soccer/coaches,"Official athletics staff page, read 2026-10-09",official_university,yes,2026-10-09,
SUM_NORTH_DAKOTA_STATE_WSOC,North Dakota State,Andy,Ryckman,Director of Soccer Operations,richard.ryckman@ndsu.edu,,,https://gobison.com/sports/womens-soccer/coaches,"Official athletics staff page, read 2026-10-09",official_university,yes,2026-10-09,
SUM_OMAHA_WSOC,Omaha,Tim,Walters,Head Coach,,402-619-9902,,https://omahamavs.com/sports/womens-soccer/coaches,"Official athletics staff page, read 2026-10-09",official_university,yes,2026-10-09,
SUM_OMAHA_WSOC,Omaha,Ashley,Holland,Assistant Coach,ashleyholland@unomaha.edu,,,https://omahamavs.com/sports/womens-soccer/coaches,"Official athletics staff page, read 2026-10-09",official_university,yes,2026-10-09,
SUM_OMAHA_WSOC,Omaha,Meg,Nemnich,Assistant Coach,,,,https://omahamavs.com/sports/womens-soccer/coaches,"Official athletics staff page, read 2026-10-09",official_university,yes,2026-10-09,
SUM_OMAHA_WSOC,Omaha,Greg,Jarosik,Assistant Coach,,,,https://omahamavs.com/sports/womens-soccer/coaches,"Official athletics staff page, read 2026-10-09",official_university,yes,2026-10-09,
SUM_ORAL_ROBERTS_WSOC,Oral Roberts,Austin,Risenhoover,Head Coach,arisenhoover@oru.edu,405-306-9406,,https://oruathletics.com/sports/womens-soccer/coaches,"Official athletics staff page, read 2026-10-09",official_university,yes,2026-10-09,
SUM_ORAL_ROBERTS_WSOC,Oral Roberts,Jacob,Rogers,Assistant Coach/Goalkeeper Coach,jarogers@oru.edu,,,https://oruathletics.com/sports/womens-soccer/coaches,"Official athletics staff page, read 2026-10-09",official_university,yes,2026-10-09,
SUM_ORAL_ROBERTS_WSOC,Oral Roberts,Jordan,Marchant,Assistant Coach,jmarchant@oru.edu,918-495-6195,,https://oruathletics.com/sports/womens-soccer/coaches,"Official athletics staff page, read 2026-10-09",official_university,yes,2026-10-09,
SUM_SOUTH_DAKOTA_WSOC,South Dakota,Michael,Thomas,Head Coach,michael.k.thomas@usd.edu,,,https://goyotes.com/sports/womens-soccer/coaches,"Official athletics staff page, read 2026-10-09",official_university,yes,2026-10-09,
SUM_SOUTH_DAKOTA_WSOC,South Dakota,Alyssa,Granno,Assistant Coach,alyssa.granno@usd.edu,,,https://goyotes.com/sports/womens-soccer/coaches,"Official athletics staff page, read 2026-10-09",official_university,yes,2026-10-09,
SUM_SOUTH_DAKOTA_WSOC,South Dakota,Daniel,Brizard,Assistant Coach,daniel.brizard@usd.edu,,,https://goyotes.com/sports/womens-soccer/coaches,"Official athletics staff page, read 2026-10-09",official_university,yes,2026-10-09,
SUM_SOUTH_DAKOTA_STATE_WSOC,South Dakota State,Brock,Thompson,Head Coach,brock.thompson@sdstate.edu,(605) 690-1270,,https://gojacks.com/sports/womens-soccer/coaches,"Official athletics staff page, read 2026-10-09",official_university,yes,2026-10-09,
SUM_SOUTH_DAKOTA_STATE_WSOC,South Dakota State,Caylee,Costello,Associate Head Coach,caylee.costello@sdstate.edu,,,https://gojacks.com/sports/womens-soccer/coaches,"Official athletics staff page, read 2026-10-09",official_university,yes,2026-10-09,
SUM_SOUTH_DAKOTA_STATE_WSOC,South Dakota State,Eric,Bourdo,Assistant Coach,eric.bourdo@sdstate.edu,,,https://gojacks.com/sports/womens-soccer/coaches,"Official athletics staff page, read 2026-10-09",official_university,yes,2026-10-09,
SB_APPALACHIAN_STATE_WSOC,Appalachian State,Aimee,Haywood,Head Coach,soccer@appstate.edu,,,https://appstatesports.com/sports/womens-soccer/coaches,"Official athletics staff page, read 2026-10-09",official_university,yes,2026-10-09,
SB_APPALACHIAN_STATE_WSOC,Appalachian State,Mark,Catterall,Associate Head Coach,catterallma@appstate.edu,,,https://appstatesports.com/sports/womens-soccer/coaches,"Official athletics staff page, read 2026-10-09",official_university,yes,2026-10-09,
SB_APPALACHIAN_STATE_WSOC,Appalachian State,Kris,Kirchhoff,Assistant Coach,kirchhoffkd@appstate.edu,,,https://appstatesports.com/sports/womens-soccer/coaches,"Official athletics staff page, read 2026-10-09",official_university,yes,2026-10-09,
SB_APPALACHIAN_STATE_WSOC,Appalachian State,Austin,Sarns,Director of Soccer Operations,sarnsam@appstate.edu,,,https://appstatesports.com/sports/womens-soccer/coaches,"Official athletics staff page, read 2026-10-09",official_university,yes,2026-10-09,
SB_APPALACHIAN_STATE_WSOC,Appalachian State,Stewart,Draper,Analyst,,,,https://appstatesports.com/sports/womens-soccer/coaches,"Official athletics staff page, read 2026-10-09",official_university,yes,2026-10-09,
SB_ARKANSAS_STATE_WSOC,Arkansas State,Brian,Dooley,Head Coach,bdooley@astate.edu,870-972-3195,,https://astateredwolves.com/sports/womens-soccer/coaches,"Official athletics staff page, read 2026-10-09",official_university,yes,2026-10-09,
SB_ARKANSAS_STATE_WSOC,Arkansas State,Phil,Woods,Assistant Coach,pwoods@astate.edu,870-972-2340,,https://astateredwolves.com/sports/womens-soccer/coaches,"Official athletics staff page, read 2026-10-09",official_university,yes,2026-10-09,
SB_ARKANSAS_STATE_WSOC,Arkansas State,Kyle,Schwartz,Assistant Coach,kschwartz@astate.edu,870-972-2340,,https://astateredwolves.com/sports/womens-soccer/coaches,"Official athletics staff page, read 2026-10-09",official_university,yes,2026-10-09,
SB_COASTAL_CAROLINA_WSOC,Coastal Carolina,Pete,Cuadrado,Head Women's Soccer Coach,pcuadrado@coastal.edu,,,https://goccusports.com/sports/womens-soccer/coaches,"Official athletics staff page, read 2026-10-09",official_university,yes,2026-10-09,
SB_COASTAL_CAROLINA_WSOC,Coastal Carolina,Rex,Carrell,Associate Head Women's Soccer Coach,rcarrell@coastal.edu,,,https://goccusports.com/sports/womens-soccer/coaches,"Official athletics staff page, read 2026-10-09",official_university,yes,2026-10-09,
SB_COASTAL_CAROLINA_WSOC,Coastal Carolina,Olivia,Stutzman,Assistant Women's Soccer Coach,ostutzman@coastal.edu,,,https://goccusports.com/sports/womens-soccer/coaches,"Official athletics staff page, read 2026-10-09",official_university,yes,2026-10-09,
SB_COASTAL_CAROLINA_WSOC,Coastal Carolina,Vanessa Phillips,Bosshart,Assistant Women's Soccer Coach,,,,https://goccusports.com/sports/womens-soccer/coaches,"Official athletics staff page, read 2026-10-09",official_university,yes,2026-10-09,
SB_GEORGIA_SOUTHERN_WSOC,Georgia Southern,Chris,Adams,Head Coach,cadams@georgiasouthern.edu,,,https://gseagles.com/sports/womens-soccer/coaches,"Official athletics staff page, read 2026-10-09",official_university,yes,2026-10-09,
SB_GEORGIA_SOUTHERN_WSOC,Georgia Southern,Avram,Allen,Assistant Coach,atallen@georgiasouthern.edu,,,https://gseagles.com/sports/womens-soccer/coaches,"Official athletics staff page, read 2026-10-09",official_university,yes,2026-10-09,
SB_GEORGIA_SOUTHERN_WSOC,Georgia Southern,Brianna,Sroka,Assistant Coach,bs28204-sw@georgiasouthern.edu,,,https://gseagles.com/sports/womens-soccer/coaches,"Official athletics staff page, read 2026-10-09",official_university,yes,2026-10-09,
SB_GEORGIA_SOUTHERN_WSOC,Georgia Southern,Abbey,Brosnihan,Assistant Coach,ab74932-sw@georgiasouthern.edu,,,https://gseagles.com/sports/womens-soccer/coaches,"Official athletics staff page, read 2026-10-09",official_university,yes,2026-10-09,
SB_GEORGIA_STATE_WSOC,Georgia State,Ed,Joyce,Head Coach,edj@gsu.edu,(404) 413-4075,,https://georgiastatesports.com/sports/womens-soccer/coaches,"Official athletics staff page, read 2026-10-09",official_university,yes,2026-10-09,
SB_GEORGIA_STATE_WSOC,Georgia State,TK,Abderahman,Associate Head Coach,tk1@gsu.edu,(803) 517-6056,,https://georgiastatesports.com/sports/womens-soccer/coaches,"Official athletics staff page, read 2026-10-09",official_university,yes,2026-10-09,
SB_GEORGIA_STATE_WSOC,Georgia State,Brisa,Zavala,Assistant Coach,bzavala1@gsu.edu,(404) 496-0079,,https://georgiastatesports.com/sports/womens-soccer/coaches,"Official athletics staff page, read 2026-10-09",official_university,yes,2026-10-09,
SB_GEORGIA_STATE_WSOC,Georgia State,Luke,Oesterle,Goalkeepers Coach,loesterle1@gsu.edu,(404) 413-4002,,https://georgiastatesports.com/sports/womens-soccer/coaches,"Official athletics staff page, read 2026-10-09",official_university,yes,2026-10-09,
SB_JAMES_MADISON_WSOC,James Madison,Joshua,"Walters, Sr.",Head Coach,walte4js@jmu.edu,540-568-3452,,https://jmusports.com/sports/womens-soccer/coaches,"Official athletics staff page, read 2026-10-09",official_university,yes,2026-10-09,
SB_JAMES_MADISON_WSOC,James Madison,Rob,Donnenwirth,Associate Head Coach,donnenrj@jmu.edu,540-568-3452,,https://jmusports.com/sports/womens-soccer/coaches,"Official athletics staff page, read 2026-10-09",official_university,yes,2026-10-09,
SB_JAMES_MADISON_WSOC,James Madison,David,Oakes,Assistant Coach,oakes2dj@jmu.edu,,,https://jmusports.com/sports/womens-soccer/coaches,"Official athletics staff page, read 2026-10-09",official_university,yes,2026-10-09,
SB_JAMES_MADISON_WSOC,James Madison,Muna,Onuora,Assistant Coach,onuoramd@jmu.edu,,,https://jmusports.com/sports/womens-soccer/coaches,"Official athletics staff page, read 2026-10-09",official_university,yes,2026-10-09,
SB_JAMES_MADISON_WSOC,James Madison,Mylah,Goudy,Director of Operations,kqbjg4@dukes.jmu.edu,,,https://jmusports.com/sports/womens-soccer/coaches,"Official athletics staff page, read 2026-10-09",official_university,yes,2026-10-09,
SB_LOUISIANA_WSOC,Louisiana,Chris,McBride,Head Coach,christopher.mcbride@louisiana.edu,,,https://ragincajuns.com/sports/womens-soccer/coaches,"Official athletics staff page, read 2026-10-09",official_university,yes,2026-10-09,
SB_LOUISIANA_WSOC,Louisiana,Tom,Cosgrave,Assistant Coach,tom.cosgrave@louisiana.edu,,,https://ragincajuns.com/sports/womens-soccer/coaches,"Official athletics staff page, read 2026-10-09",official_university,yes,2026-10-09,
SB_LOUISIANA_WSOC,Louisiana,Ellie,Russell,Assistant Coach,ellie.russell@louisiana.edu,,,https://ragincajuns.com/sports/womens-soccer/coaches,"Official athletics staff page, read 2026-10-09",official_university,yes,2026-10-09,
SB_LOUISIANA_TECH_WSOC,Louisiana Tech,Matt,Lodge,Head Coach,,,,https://latechsports.com/sports/womens-soccer/coaches,"Official athletics staff page, read 2026-10-09",official_university,yes,2026-10-09,
SB_LOUISIANA_TECH_WSOC,Louisiana Tech,Stephanie,Starr,Assistant Coach,,,,https://latechsports.com/sports/womens-soccer/coaches,"Official athletics staff page, read 2026-10-09",official_university,yes,2026-10-09,
SB_LOUISIANA_TECH_WSOC,Louisiana Tech,Greg,Palmer,Assistant Coach,,,,https://latechsports.com/sports/womens-soccer/coaches,"Official athletics staff page, read 2026-10-09",official_university,yes,2026-10-09,
SB_LOUISIANA_MONROE_WSOC,Louisiana–Monroe,Antony,Blackburn,Head Soccer Coach,ablackburn@ulm.edu,225-316-5963,,https://ulmwarhawks.com/sports/womens-soccer/coaches,"Official athletics staff page, read 2026-10-09",official_university,yes,2026-10-09,
SB_LOUISIANA_MONROE_WSOC,Louisiana–Monroe,Daisy,Drake,Assistant Soccer Coach,drakeda@warhawks.ulm.edu,,,https://ulmwarhawks.com/sports/womens-soccer/coaches,"Official athletics staff page, read 2026-10-09",official_university,yes,2026-10-09,
SB_MARSHALL_WSOC,Marshall,Rafa,Simoes,Head Women's Soccer Coach,simoes@marshall.edu,,,https://herdzone.com/sports/womens-soccer/coaches,"Official athletics staff page, read 2026-10-09",official_university,yes,2026-10-09,
SB_MARSHALL_WSOC,Marshall,Augusto,Maciel,Assistant Coach / Director of Operations,souzaferreir@marshall.edu,,,https://herdzone.com/sports/womens-soccer/coaches,"Official athletics staff page, read 2026-10-09",official_university,yes,2026-10-09,
SB_MARSHALL_WSOC,Marshall,Erich Rodrigues,Leite,Assistant Coach,rodrigueslei@marshall.edu,,,https://herdzone.com/sports/womens-soccer/coaches,"Official athletics staff page, read 2026-10-09",official_university,yes,2026-10-09,
SB_MARSHALL_WSOC,Marshall,Thaynara De,Jesus,Assistant Coach,,,,https://herdzone.com/sports/womens-soccer/coaches,"Official athletics staff page, read 2026-10-09",official_university,yes,2026-10-09,
SB_MARSHALL_WSOC,Marshall,Leonardo,Dutra,Assistant Coach,,,,https://herdzone.com/sports/womens-soccer/coaches,"Official athletics staff page, read 2026-10-09",official_university,yes,2026-10-09,
SB_SOUTH_ALABAMA_WSOC,South Alabama,Chris,Hennessey,Head Coach,chennessey@southalabama.edu,,,https://usajaguars.com/sports/womens-soccer/coaches,"Official athletics staff page, read 2026-10-09",official_university,yes,2026-10-09,
SB_SOUTH_ALABAMA_WSOC,South Alabama,Luidgi,Beauzile,Associate Head Coach,beauzile@southalabama.edu,954-635-7419,,https://usajaguars.com/sports/womens-soccer/coaches,"Official athletics staff page, read 2026-10-09",official_university,yes,2026-10-09,
SB_SOUTH_ALABAMA_WSOC,South Alabama,Kate,Dirkse,Assistant Coach,kdirkse@southalabama.edu,,,https://usajaguars.com/sports/womens-soccer/coaches,"Official athletics staff page, read 2026-10-09",official_university,yes,2026-10-09,
SB_SOUTH_ALABAMA_WSOC,South Alabama,Piero,Previte,Director of Player Development,pp2526@jagmail.southalabama.edu,,,https://usajaguars.com/sports/womens-soccer/coaches,"Official athletics staff page, read 2026-10-09",official_university,yes,2026-10-09,
SB_SOUTHERN_MISS_WSOC,Southern Miss,Danny,Owens,Head Coach,danny.owens@usm.edu,,,https://southernmiss.com/sports/womens-soccer/coaches,"Official athletics staff page, read 2026-10-09",official_university,yes,2026-10-09,
SB_SOUTHERN_MISS_WSOC,Southern Miss,Ryan,Weir,Associate Head Coach,r.weir@usm.edu,,,https://southernmiss.com/sports/womens-soccer/coaches,"Official athletics staff page, read 2026-10-09",official_university,yes,2026-10-09,
SB_SOUTHERN_MISS_WSOC,Southern Miss,Aníta,Guðmundsdóttir,Assistant Coach,anita.gudmundsdottir@usm.edu,,,https://southernmiss.com/sports/womens-soccer/coaches,"Official athletics staff page, read 2026-10-09",official_university,yes,2026-10-09,
SB_TROY_WSOC,Troy,Jake,Wyman,Head Coach,wymanj@troy.edu,,,https://troytrojans.com/sports/womens-soccer/coaches,"Official athletics staff page, read 2026-10-09",official_university,yes,2026-10-09,
SB_TROY_WSOC,Troy,Jonny,Ellis,Assistant Coach,ellisj@troy.edu,,,https://troytrojans.com/sports/womens-soccer/coaches,"Official athletics staff page, read 2026-10-09",official_university,yes,2026-10-09,
SB_TROY_WSOC,Troy,Keanan,Ainge,Assistant Coach / Goalkeepers,kainge@troy.edu,,,https://troytrojans.com/sports/womens-soccer/coaches,"Official athletics staff page, read 2026-10-09",official_university,yes,2026-10-09,
SB_TROY_WSOC,Troy,Ujjwal Kokh,Shrestha,Performance Analyst,ukokhshrestha@troy.edu,,,https://troytrojans.com/sports/womens-soccer/coaches,"Official athletics staff page, read 2026-10-09",official_university,yes,2026-10-09,
UAC_ABILENE_CHRISTIAN_WSOC,Abilene Christian,Stephen,Salas,Head Coach,stephen.salas@acu.edu,,,https://acusports.com/sports/womens-soccer/coaches,"Official athletics staff page, read 2026-10-09",official_university,yes,2026-10-09,
UAC_ABILENE_CHRISTIAN_WSOC,Abilene Christian,Jose,Salazar,Assistant Coach,jose.salazar@acu.edu,,,https://acusports.com/sports/womens-soccer/coaches,"Official athletics staff page, read 2026-10-09",official_university,yes,2026-10-09,
UAC_ABILENE_CHRISTIAN_WSOC,Abilene Christian,Reilly,Moore,Assistant Coach,ram26a@acu.edu,,,https://acusports.com/sports/womens-soccer/coaches,"Official athletics staff page, read 2026-10-09",official_university,yes,2026-10-09,
UAC_ABILENE_CHRISTIAN_WSOC,Abilene Christian,Samantha,Smith,Director of Operations and Player Development,sls26a@acu.edu,,,https://acusports.com/sports/womens-soccer/coaches,"Official athletics staff page, read 2026-10-09",official_university,yes,2026-10-09,
UAC_AUSTIN_PEAY_WSOC,Austin Peay,Kim,McGowan,Head Coach,mcgowank@apsu.edu,972 221-7972,,https://letsgopeay.com/sports/womens-soccer/coaches,"Official athletics staff page, read 2026-10-09",official_university,yes,2026-10-09,
UAC_AUSTIN_PEAY_WSOC,Austin Peay,Taylor,Borman,Assistant Coach,,996 221-7996,,https://letsgopeay.com/sports/womens-soccer/coaches,"Official athletics staff page, read 2026-10-09",official_university,yes,2026-10-09,
UAC_CENTRAL_ARKANSAS_WSOC,Central Arkansas,Derek,Nichols,Head Women's Soccer Coach,dnichols@uca.edu,316-737-6404,,https://ucasports.com/sports/womens-soccer/coaches,"Official athletics staff page, read 2026-10-09",official_university,yes,2026-10-09,
UAC_CENTRAL_ARKANSAS_WSOC,Central Arkansas,Peter,Smith,Assistant Women's Soccer Coach,psmith5@uca.edu,,,https://ucasports.com/sports/womens-soccer/coaches,"Official athletics staff page, read 2026-10-09",official_university,yes,2026-10-09,
UAC_EASTERN_KENTUCKY_WSOC,Eastern Kentucky,Matt,Cosinuke,Head Coach,matthew.cosinuke@eku.edu,,,https://ekusports.com/sports/womens-soccer/coaches,"Official athletics staff page, read 2026-10-09",official_university,yes,2026-10-09,
UAC_EASTERN_KENTUCKY_WSOC,Eastern Kentucky,Darus,Ward,Associate Head Coach/Recruiting Coordinator,darus.ward@eku.edu,,,https://ekusports.com/sports/womens-soccer/coaches,"Official athletics staff page, read 2026-10-09",official_university,yes,2026-10-09,
UAC_EASTERN_KENTUCKY_WSOC,Eastern Kentucky,Tatum,Tremain,Assistant Coach,tatum.tremain@eku.edu,,,https://ekusports.com/sports/womens-soccer/coaches,"Official athletics staff page, read 2026-10-09",official_university,yes,2026-10-09,
UAC_NORTH_ALABAMA_WSOC,North Alabama,Chris,Walker,Head Coach,cwalker7@una.edu,256-765-4845,,https://roarlions.com/sports/womens-soccer/coaches,"Official athletics staff page, read 2026-10-09",official_university,yes,2026-10-09,
UAC_NORTH_ALABAMA_WSOC,North Alabama,Adam,Sportsman,Assistant Soccer Coach/Recruiting Coordinator,asportsman@una.edu,,,https://roarlions.com/sports/womens-soccer/coaches,"Official athletics staff page, read 2026-10-09",official_university,yes,2026-10-09,
UAC_NORTH_ALABAMA_WSOC,North Alabama,Kevin,Schenk,Assistant Coach,kschenk@una.edu,,,https://roarlions.com/sports/womens-soccer/coaches,"Official athletics staff page, read 2026-10-09",official_university,yes,2026-10-09,
WCC_DENVER_WSOC,Denver,Julianne,Sitch,Head Coach,julianne.sitch@du.edu,,,https://denverpioneers.com/sports/womens-soccer/coaches,"Official athletics staff page, read 2026-10-09",official_university,yes,2026-10-09,
WCC_DENVER_WSOC,Denver,Cassie,Ulrich,Assistant Coach,cassandra.ulrich@du.edu,303-871-3154,,https://denverpioneers.com/sports/womens-soccer/coaches,"Official athletics staff page, read 2026-10-09",official_university,yes,2026-10-09,
WCC_DENVER_WSOC,Denver,Marlon,McKenzie,Assistant Coach,marlon.mckenzie@du.edu,,,https://denverpioneers.com/sports/womens-soccer/coaches,"Official athletics staff page, read 2026-10-09",official_university,yes,2026-10-09,
WCC_DENVER_WSOC,Denver,Aaron,Manahan,Assistant Coach,aaron.manahan@du.edu,,,https://denverpioneers.com/sports/womens-soccer/coaches,"Official athletics staff page, read 2026-10-09",official_university,yes,2026-10-09,
WCC_PACIFIC_WSOC,Pacific,Jeff,Freeman,Head Coach,jfreeman@pacific.edu,209-309-8290,,https://pacifictigers.com/sports/womens-soccer/coaches,"Official athletics staff page, read 2026-10-09",official_university,yes,2026-10-09,
WCC_PACIFIC_WSOC,Pacific,Joel,Bancroft,Associate Head Coach,jbancroft@pacific.edu,603-312-9707,,https://pacifictigers.com/sports/womens-soccer/coaches,"Official athletics staff page, read 2026-10-09",official_university,yes,2026-10-09,
WCC_PACIFIC_WSOC,Pacific,Taylor,Liddell-Book,Assistant Coach,tbook@pacific.edu,209-932-4417,,https://pacifictigers.com/sports/womens-soccer/coaches,"Official athletics staff page, read 2026-10-09",official_university,yes,2026-10-09,
WCC_PEPPERDINE_WSOC,Pepperdine,Tim,Ward,Head Coach,pepperdinesoccer@pepperdine.edu,(310) 506-4338,,https://pepperdinewaves.com/sports/womens-soccer/coaches,"Official athletics staff page, read 2026-10-09",official_university,yes,2026-10-09,
WCC_PEPPERDINE_WSOC,Pepperdine,Max,Rooke,Associate Head Coach,pepperdinesoccer@pepperdine.edu,(310) 506-4538,,https://pepperdinewaves.com/sports/womens-soccer/coaches,"Official athletics staff page, read 2026-10-09",official_university,yes,2026-10-09,
WCC_PEPPERDINE_WSOC,Pepperdine,Kevin,Arellano,Assistant Coach,kevin.arellano@pepperdine.edu,(310) 506-4862,,https://pepperdinewaves.com/sports/womens-soccer/coaches,"Official athletics staff page, read 2026-10-09",official_university,yes,2026-10-09,
WCC_PEPPERDINE_WSOC,Pepperdine,Maddi,Desiano,Assistant Coach,madelyn.desiano@pepperdine.edu,,,https://pepperdinewaves.com/sports/womens-soccer/coaches,"Official athletics staff page, read 2026-10-09",official_university,yes,2026-10-09,
WCC_PORTLAND_WSOC,Portland,Michelle,French,Head Coach,,,,https://portlandpilots.com/sports/womens-soccer/coaches,"Official athletics staff page, read 2026-10-09",official_university,yes,2026-10-09,
WCC_PORTLAND_WSOC,Portland,Maite,Zabala,Associate Head Coach,zabala@up.edu,510-551-6690,,https://portlandpilots.com/sports/womens-soccer/coaches,"Official athletics staff page, read 2026-10-09",official_university,yes,2026-10-09,
WCC_PORTLAND_WSOC,Portland,Tina Frimpong,Ellertson,Associate Head Coach,ellertso@up.edu,,,https://portlandpilots.com/sports/womens-soccer/coaches,"Official athletics staff page, read 2026-10-09",official_university,yes,2026-10-09,
WCC_PORTLAND_WSOC,Portland,Ken,Krolicki,Assistant Coach,krolicki@up.edu,,,https://portlandpilots.com/sports/womens-soccer/coaches,"Official athletics staff page, read 2026-10-09",official_university,yes,2026-10-09,
WCC_SAINT_MARY_S_WSOC,Saint Mary's,Theresa,Romagnolo,Head Coach,romagnolo@stmarys-ca.edu,206-303-8214,,https://smcgaels.com/sports/womens-soccer/coaches,"Official athletics staff page, read 2026-10-09",official_university,yes,2026-10-09,
WCC_SAINT_MARY_S_WSOC,Saint Mary's,Emily,Kruger,Assistant Coach,wsoccer@stmarys-ca.edu,,,https://smcgaels.com/sports/womens-soccer/coaches,"Official athletics staff page, read 2026-10-09",official_university,yes,2026-10-09,
WCC_SAINT_MARY_S_WSOC,Saint Mary's,Mariah,Cameron,Assistant Coach,wsoccer@stmarys-ca.edu,,,https://smcgaels.com/sports/womens-soccer/coaches,"Official athletics staff page, read 2026-10-09",official_university,yes,2026-10-09,
WCC_SAINT_MARY_S_WSOC,Saint Mary's,Audrey,Fuchs,Assistant Coach,af70@stmarys-ca.edu,,,https://smcgaels.com/sports/womens-soccer/coaches,"Official athletics staff page, read 2026-10-09",official_university,yes,2026-10-09,
WCC_SAN_DIEGO_WSOC,San Diego,Greg,LaPorte,Head Coach,glaporte@sandiego.edu,,,https://usdtoreros.com/sports/womens-soccer/coaches,"Official athletics staff page, read 2026-10-09",official_university,yes,2026-10-09,
WCC_SAN_DIEGO_WSOC,San Diego,Jackie,Altschuld,Assistant Coach,jaltschuld@sandiego.edu,,,https://usdtoreros.com/sports/womens-soccer/coaches,"Official athletics staff page, read 2026-10-09",official_university,yes,2026-10-09,
WCC_SAN_DIEGO_WSOC,San Diego,Katie,Ritchie,Assistant Coach,katherineritchie@sandiego.edu,,,https://usdtoreros.com/sports/womens-soccer/coaches,"Official athletics staff page, read 2026-10-09",official_university,yes,2026-10-09,
WCC_SAN_DIEGO_WSOC,San Diego,Nick,Boyer,Director of Operations,,,,https://usdtoreros.com/sports/womens-soccer/coaches,"Official athletics staff page, read 2026-10-09",official_university,yes,2026-10-09,
WCC_SAN_FRANCISCO_WSOC,San Francisco,Alexis,Mata,Interim Head Coach,amata4@usfca.edu,,,https://usfdons.com/sports/womens-soccer/coaches,"Official athletics staff page, read 2026-10-09",official_university,yes,2026-10-09,
WCC_SAN_FRANCISCO_WSOC,San Francisco,Yvan,Trevino,Assistant Coach,ytrevino@usfca.edu,,,https://usfdons.com/sports/womens-soccer/coaches,"Official athletics staff page, read 2026-10-09",official_university,yes,2026-10-09,
WCC_SAN_FRANCISCO_WSOC,San Francisco,Jason,Brown,Assistant Coach,jbrown38@usfca.edu,,,https://usfdons.com/sports/womens-soccer/coaches,"Official athletics staff page, read 2026-10-09",official_university,yes,2026-10-09,
WCC_SAN_FRANCISCO_WSOC,San Francisco,Kieran,Marshall,Assistant Coach,kmarshall6@usfca.edu,,,https://usfdons.com/sports/womens-soccer/coaches,"Official athletics staff page, read 2026-10-09",official_university,yes,2026-10-09,
WCC_SANTA_CLARA_WSOC,Santa Clara,Jerry,Smith,Head Coach,jsmith@scu.edu,408-554-6989,,https://santaclarabroncos.com/sports/womens-soccer/coaches,"Official athletics staff page, read 2026-10-09",official_university,yes,2026-10-09,
WCC_SANTA_CLARA_WSOC,Santa Clara,Gregg,Murphy,Associate Head Coach,gmurphy@scu.edu,408-554-2713,,https://santaclarabroncos.com/sports/womens-soccer/coaches,"Official athletics staff page, read 2026-10-09",official_university,yes,2026-10-09,
WCC_SANTA_CLARA_WSOC,Santa Clara,Curtis,McAlister,Assistant Coach,cmcalister@scu.edu,408-554-4624,,https://santaclarabroncos.com/sports/womens-soccer/coaches,"Official athletics staff page, read 2026-10-09",official_university,yes,2026-10-09,
WCC_SANTA_CLARA_WSOC,Santa Clara,Michelle,Myers,Director of Operations,mmyers2@scu.edu,408-551-3195,,https://santaclarabroncos.com/sports/womens-soccer/coaches,"Official athletics staff page, read 2026-10-09",official_university,yes,2026-10-09,
WCC_SEATTLE_WSOC,Seattle,Julie,Woodward,Head Coach,,,,https://goseattleu.com/sports/womens-soccer/roster,"Official athletics staff page, read 2026-10-09",official_university,yes,2026-10-09,
WCC_SEATTLE_WSOC,Seattle,Rich,Schreiner,Associate Head Coach,,,,https://goseattleu.com/sports/womens-soccer/roster,"Official athletics staff page, read 2026-10-09",official_university,yes,2026-10-09,
WCC_SEATTLE_WSOC,Seattle,Chris,Wells,Assistant Coach,,,,https://goseattleu.com/sports/womens-soccer/roster,"Official athletics staff page, read 2026-10-09",official_university,yes,2026-10-09,
WCC_SEATTLE_WSOC,Seattle,Haley,Kopmeyer,Assistant Coach,,,,https://goseattleu.com/sports/womens-soccer/roster,"Official athletics staff page, read 2026-10-09",official_university,yes,2026-10-09,
WCC_SEATTLE_WSOC,Seattle,Ndayishimiye,Priame,Director of Player Development,,,,https://goseattleu.com/sports/womens-soccer/roster,"Official athletics staff page, read 2026-10-09",official_university,yes,2026-10-09,
WCC_SEATTLE_WSOC,Seattle,Kait,Raffensperger,Director of Operations,,,,https://goseattleu.com/sports/womens-soccer/roster,"Official athletics staff page, read 2026-10-09",official_university,yes,2026-10-09,
