program_id,school_name,first_name,last_name,title,email,phone,profile_url,source_url,source_name,source_type,verified,last_verified_at,notes
CCAA_CALIFORNIA_STATE_POLYTECHNIC_UNIVERSITY_HUMBOLDT_C_WSOC,"California State Polytechnic University, Humboldt (Cal Poly Humboldt)",Grant,Landy,Head Women's Soccer Coach,gl127@humboldt.edu,707-826-5940,,https://humboldtathletics.com/sports/womens-soccer/coaches,"Official athletics staff page, read 2026-10-09",official_university,yes,2026-10-09,
CCAA_CALIFORNIA_STATE_POLYTECHNIC_UNIVERSITY_HUMBOLDT_C_WSOC,"California State Polytechnic University, Humboldt (Cal Poly Humboldt)",Colin,Garon,Assistant Women's Soccer Coach,ccg3@humboldt.edu,,,https://humboldtathletics.com/sports/womens-soccer/coaches,"Official athletics staff page, read 2026-10-09",official_university,yes,2026-10-09,
CCAA_CALIFORNIA_STATE_POLYTECHNIC_UNIVERSITY_HUMBOLDT_C_WSOC,"California State Polytechnic University, Humboldt (Cal Poly Humboldt)",Taylor,McMillin-Bianucci,Assistant Women's Soccer Coach,taylor.mcmillin@humboldt.edu,,,https://humboldtathletics.com/sports/womens-soccer/coaches,"Official athletics staff page, read 2026-10-09",official_university,yes,2026-10-09,
CCAA_CALIFORNIA_STATE_POLYTECHNIC_UNIVERSITY_POMONA_CAL_WSOC,"California State Polytechnic University, Pomona (Cal Poly Pomona)",Jay,Mason,Head Coach,mason@cpp.edu,(909) 869-5342,,https://broncoathletics.com/sports/womens-soccer/coaches,"Official athletics staff page, read 2026-10-09",official_university,yes,2026-10-09,
CCAA_CALIFORNIA_STATE_POLYTECHNIC_UNIVERSITY_POMONA_CAL_WSOC,"California State Polytechnic University, Pomona (Cal Poly Pomona)",Dan,Richards,Assistant Coach,dgrichards@cpp.edu,(909) 869-2047,,https://broncoathletics.com/sports/womens-soccer/coaches,"Official athletics staff page, read 2026-10-09",official_university,yes,2026-10-09,
CCAA_CALIFORNIA_STATE_POLYTECHNIC_UNIVERSITY_POMONA_CAL_WSOC,"California State Polytechnic University, Pomona (Cal Poly Pomona)",Emma,Barrow,Assistant Coach,ebarrow@cpp.edu,(909) 869-2047,,https://broncoathletics.com/sports/womens-soccer/coaches,"Official athletics staff page, read 2026-10-09",official_university,yes,2026-10-09,
CCAA_CALIFORNIA_STATE_POLYTECHNIC_UNIVERSITY_POMONA_CAL_WSOC,"California State Polytechnic University, Pomona (Cal Poly Pomona)",Andy,Gutierrez,Volunteer Assistant Coach,,,,https://broncoathletics.com/sports/womens-soccer/coaches,"Official athletics staff page, read 2026-10-09",official_university,yes,2026-10-09,
CCAA_CALIFORNIA_STATE_UNIVERSITY_SAN_MARCOS_WSOC,California State University San Marcos,Bobby,Renneisen,Head Women's Soccer Coach,brenneis@csusm.edu,760-750-7113,,https://csusmcougars.com/sports/womens-soccer/coaches,"Official athletics staff page, read 2026-10-09",official_university,yes,2026-10-09,
CCAA_CALIFORNIA_STATE_UNIVERSITY_SAN_MARCOS_WSOC,California State University San Marcos,Ryan,Morissey,Assistant Coach,rmorissey@csusm.edu,760-750-7106,,https://csusmcougars.com/sports/womens-soccer/coaches,"Official athletics staff page, read 2026-10-09",official_university,yes,2026-10-09,
CCAA_CALIFORNIA_STATE_UNIVERSITY_CHICO_CHICO_STATE_WSOC,"California State University, Chico (Chico State)",Halle,Meadows,Head Women's Soccer Coach,womenssoccer@csuchico.edu,530-898-6085,,https://chicowildcats.com/sports/womens-soccer/coaches,"Official athletics staff page, read 2026-10-09",official_university,yes,2026-10-09,
CCAA_CALIFORNIA_STATE_UNIVERSITY_CHICO_CHICO_STATE_WSOC,"California State University, Chico (Chico State)",Jonny,LeMay,Assistant Women's Soccer Coach,jrlemay@csuchico.edu,,,https://chicowildcats.com/sports/womens-soccer/coaches,"Official athletics staff page, read 2026-10-09",official_university,yes,2026-10-09,
CCAA_CALIFORNIA_STATE_UNIVERSITY_CHICO_CHICO_STATE_WSOC,"California State University, Chico (Chico State)",Daniel,Kahler,Assistant Women's Soccer Coach,,,,https://chicowildcats.com/sports/womens-soccer/coaches,"Official athletics staff page, read 2026-10-09",official_university,yes,2026-10-09,
CCAA_CALIFORNIA_STATE_UNIVERSITY_DOMINGUEZ_HILLS_WSOC,"California State University, Dominguez Hills",Adriana Valdez,Lopez,Head Coach,avaldezlopez@csudh.edu,,,https://gotoros.com/sports/womens-soccer/coaches,"Official athletics staff page, read 2026-10-09",official_university,yes,2026-10-09,
CCAA_CALIFORNIA_STATE_UNIVERSITY_DOMINGUEZ_HILLS_WSOC,"California State University, Dominguez Hills",Destiny,Moedano,Assistant Coach,,,,https://gotoros.com/sports/womens-soccer/coaches,"Official athletics staff page, read 2026-10-09",official_university,yes,2026-10-09,
CCAA_CALIFORNIA_STATE_UNIVERSITY_DOMINGUEZ_HILLS_WSOC,"California State University, Dominguez Hills",Josh,Figueroa,Assistant Coach,,,,https://gotoros.com/sports/womens-soccer/coaches,"Official athletics staff page, read 2026-10-09",official_university,yes,2026-10-09,
CCAA_CALIFORNIA_STATE_UNIVERSITY_DOMINGUEZ_HILLS_WSOC,"California State University, Dominguez Hills",Sergio,Orozco,Assistant Coach,,,,https://gotoros.com/sports/womens-soccer/coaches,"Official athletics staff page, read 2026-10-09",official_university,yes,2026-10-09,
CCAA_CALIFORNIA_STATE_UNIVERSITY_EAST_BAY_WSOC,"California State University, East Bay",Jessica,Clinton,Head Women's Soccer Coach,jessica.clinton@csueastbay.edu,(510) 885-4190,,https://eastbaypioneers.com/sports/womens-soccer/coaches,"Official athletics staff page, read 2026-10-09",official_university,yes,2026-10-09,
CCAA_CALIFORNIA_STATE_UNIVERSITY_LOS_ANGELES_WSOC,"California State University, Los Angeles",Erik,Garcia,Head Women's Soccer Coach,egarc206@calstatela.edu,307 343-5307,,https://lagoldeneagles.com/sports/womens-soccer/coaches,"Official athletics staff page, read 2026-10-09",official_university,yes,2026-10-09,
CCAA_CALIFORNIA_STATE_UNIVERSITY_LOS_ANGELES_WSOC,"California State University, Los Angeles",Shannon,Cross,Assistant Women's Soccer Coach,,,,https://lagoldeneagles.com/sports/womens-soccer/coaches,"Official athletics staff page, read 2026-10-09",official_university,yes,2026-10-09,
CCAA_CALIFORNIA_STATE_UNIVERSITY_LOS_ANGELES_WSOC,"California State University, Los Angeles",Jaclyn,Orozco,Assistant Women's Soccer Coach,,,,https://lagoldeneagles.com/sports/womens-soccer/coaches,"Official athletics staff page, read 2026-10-09",official_university,yes,2026-10-09,
CCAA_CALIFORNIA_STATE_UNIVERSITY_MONTEREY_BAY_WSOC,"California State University, Monterey Bay",Laura,VanWart,Head Women's Soccer Coach,lvanwart@csumb.edu,(925) 878-9607,,https://otterathletics.com/sports/womens-soccer/coaches,"Official athletics staff page, read 2026-10-09",official_university,yes,2026-10-09,
CCAA_CALIFORNIA_STATE_UNIVERSITY_MONTEREY_BAY_WSOC,"California State University, Monterey Bay",Cristian,Materazzi,Assistant Coach,cmaterazzi@csumb.edu,,,https://otterathletics.com/sports/womens-soccer/coaches,"Official athletics staff page, read 2026-10-09",official_university,yes,2026-10-09,
CCAA_CALIFORNIA_STATE_UNIVERSITY_MONTEREY_BAY_WSOC,"California State University, Monterey Bay",Amy,Dill,Assistant Coach,,,,https://otterathletics.com/sports/womens-soccer/coaches,"Official athletics staff page, read 2026-10-09",official_university,yes,2026-10-09,
CCAA_CALIFORNIA_STATE_UNIVERSITY_SAN_BERNARDINO_WSOC,"California State University, San Bernardino",Mark,Peters,Head Coach,mpeters@csusb.edu,909-537-5017,,https://csusbathletics.com/sports/womens-soccer/coaches,"Official athletics staff page, read 2026-10-09",official_university,yes,2026-10-09,
CCAA_CALIFORNIA_STATE_UNIVERSITY_SAN_BERNARDINO_WSOC,"California State University, San Bernardino",David,Massuere,Assistant Coach,david.massuere@csusb.edu,,,https://csusbathletics.com/sports/womens-soccer/coaches,"Official athletics staff page, read 2026-10-09",official_university,yes,2026-10-09,
CCAA_CALIFORNIA_STATE_UNIVERSITY_SAN_BERNARDINO_WSOC,"California State University, San Bernardino",Salvador,Regla,Assistant Coach,salvador.regla@csusb.edu,909-537-5017,,https://csusbathletics.com/sports/womens-soccer/coaches,"Official athletics staff page, read 2026-10-09",official_university,yes,2026-10-09,
CCAA_CALIFORNIA_STATE_UNIVERSITY_SAN_BERNARDINO_WSOC,"California State University, San Bernardino",Jonathan,Frisby,Assistant Coach,jonathan.frisby@csusb.edu,909-537-5017,,https://csusbathletics.com/sports/womens-soccer/coaches,"Official athletics staff page, read 2026-10-09",official_university,yes,2026-10-09,
CCAA_CALIFORNIA_STATE_UNIVERSITY_SAN_BERNARDINO_WSOC,"California State University, San Bernardino",Kelsey,Pena,Assistant Coach,,,,https://csusbathletics.com/sports/womens-soccer/coaches,"Official athletics staff page, read 2026-10-09",official_university,yes,2026-10-09,
CCAA_CALIFORNIA_STATE_UNIVERSITY_STANISLAUS_WSOC,"California State University, Stanislaus",Adam,James,"Head Coach, Women's Soccer",ajames11@csustan.edu,(209) 667-3016,,https://warriorathletics.com/sports/womens-soccer/coaches,"Official athletics staff page, read 2026-10-09",official_university,yes,2026-10-09,
CCAA_FRESNO_PACIFIC_UNIVERSITY_WSOC,Fresno Pacific University,Jaime,Ramirez,Head Coach,jaime.ramirez@fresno.edu,,,https://www.fpusunbirds.com/sports/womens-soccer/coaches,"Official athletics staff page, read 2026-10-09",official_university,yes,2026-10-09,
CCAA_FRESNO_PACIFIC_UNIVERSITY_WSOC,Fresno Pacific University,Sue,Negrete,Assistant Coach,susan.negrete@fresno.edu,,,https://www.fpusunbirds.com/sports/womens-soccer/coaches,"Official athletics staff page, read 2026-10-09",official_university,yes,2026-10-09,
CCAA_FRESNO_PACIFIC_UNIVERSITY_WSOC,Fresno Pacific University,Carlos,Herrada,Assistant Coach,carlos.herrada@fresno.edu,,,https://www.fpusunbirds.com/sports/womens-soccer/coaches,"Official athletics staff page, read 2026-10-09",official_university,yes,2026-10-09,
CCAA_FRESNO_PACIFIC_UNIVERSITY_WSOC,Fresno Pacific University,Erin,Obwald,Assistant Coach,erin.obwald@fresno.edu,,,https://www.fpusunbirds.com/sports/womens-soccer/coaches,"Official athletics staff page, read 2026-10-09",official_university,yes,2026-10-09,
CCAA_FRESNO_PACIFIC_UNIVERSITY_WSOC,Fresno Pacific University,Jesslyn,Frampton,Assistant Coach,,,,https://www.fpusunbirds.com/sports/womens-soccer/coaches,"Official athletics staff page, read 2026-10-09",official_university,yes,2026-10-09,
CCAA_MENLO_COLLEGE_WSOC,Menlo College,Jacob,Pickard,Interim Head Coach,jacob.pickard@menlo.edu,,,https://menloathletics.com/sports/womens-soccer/coaches,"Official athletics staff page, read 2026-10-09",official_university,yes,2026-10-09,
CCAA_MENLO_COLLEGE_WSOC,Menlo College,Robyn,Rowley,Assistant Coach,robyn.rowley@menlo.edu,,,https://menloathletics.com/sports/womens-soccer/coaches,"Official athletics staff page, read 2026-10-09",official_university,yes,2026-10-09,
CCAA_MENLO_COLLEGE_WSOC,Menlo College,Amelia-Jayne,Booth,Graduate Assistant Coach,amelia-jayne.booth@menlo.edu,,,https://menloathletics.com/sports/womens-soccer/coaches,"Official athletics staff page, read 2026-10-09",official_university,yes,2026-10-09,
CCAA_MENLO_COLLEGE_WSOC,Menlo College,Alice,Barbieri,Volunteer Assistant Coach,alice.barbieri@menlo.edu,,,https://menloathletics.com/sports/womens-soccer/coaches,"Official athletics staff page, read 2026-10-09",official_university,yes,2026-10-09,
CCAA_SAN_FRANCISCO_STATE_UNIVERSITY_WSOC,San Francisco State University,John,DeMartini,Head Coach (sixth season),jdemartini@sfsu.edu,,,https://sfstategators.com/sports/womens-soccer/coaches,"Official athletics staff page, read 2026-10-09",official_university,yes,2026-10-09,
CCAA_SAN_FRANCISCO_STATE_UNIVERSITY_WSOC,San Francisco State University,Domenique,Kastl,Assistant Coach (sixth season),dkastl@sfsu.edu,,,https://sfstategators.com/sports/womens-soccer/coaches,"Official athletics staff page, read 2026-10-09",official_university,yes,2026-10-09,
CCAA_SAN_FRANCISCO_STATE_UNIVERSITY_WSOC,San Francisco State University,Danielle,Vidal,Volunteer Assistant Coach (fourth season),,,,https://sfstategators.com/sports/womens-soccer/coaches,"Official athletics staff page, read 2026-10-09",official_university,yes,2026-10-09,
CCAA_SAN_FRANCISCO_STATE_UNIVERSITY_WSOC,San Francisco State University,Sebastian,Carrasco,Assistant Coach (second season),seba@sfsu.edu,,,https://sfstategators.com/sports/womens-soccer/coaches,"Official athletics staff page, read 2026-10-09",official_university,yes,2026-10-09,
CCAA_SAN_FRANCISCO_STATE_UNIVERSITY_WSOC,San Francisco State University,Manish,Doshi,Volunteer Assistant Coach (first season),,,,https://sfstategators.com/sports/womens-soccer/coaches,"Official athletics staff page, read 2026-10-09",official_university,yes,2026-10-09,
CACC_CALDWELL_UNIVERSITY_WSOC,Caldwell University,Kate,Pellegrino,Head Coach,kpellegrino@caldwell.edu,973-618-3681,,https://caldwellathletics.com/sports/womens-soccer/coaches,"Official athletics staff page, read 2026-10-09",official_university,yes,2026-10-09,
CACC_CALDWELL_UNIVERSITY_WSOC,Caldwell University,Danielle,D'Avanzo,Assistant Coach,ddavanzo@caldwell.edu,,,https://caldwellathletics.com/sports/womens-soccer/coaches,"Official athletics staff page, read 2026-10-09",official_university,yes,2026-10-09,
CACC_CALDWELL_UNIVERSITY_WSOC,Caldwell University,Jonathan,Tascon,Assistant Coach,jtascon@caldwell.edu,,,https://caldwellathletics.com/sports/womens-soccer/coaches,"Official athletics staff page, read 2026-10-09",official_university,yes,2026-10-09,
CACC_FELICIAN_UNIVERSITY_WSOC,Felician University,Scott,Maloney,Head Coach,maloneys@felician.edu,,,https://felicianuathletics.com/sports/womens-soccer/coaches,"Official athletics staff page, read 2026-10-09",official_university,yes,2026-10-09,
CACC_FELICIAN_UNIVERSITY_WSOC,Felician University,Gerson,Martinez,First Assistant Coach,martinezg@felician.edu,,,https://felicianuathletics.com/sports/womens-soccer/coaches,"Official athletics staff page, read 2026-10-09",official_university,yes,2026-10-09,
CACC_FELICIAN_UNIVERSITY_WSOC,Felician University,Joshua,Gochiz,Assistant / Goalkeeper Coach,,,,https://felicianuathletics.com/sports/womens-soccer/coaches,"Official athletics staff page, read 2026-10-09",official_university,yes,2026-10-09,
CACC_FELICIAN_UNIVERSITY_WSOC,Felician University,Thomas,D'Eustachio,Volunteer Assistant,,,,https://felicianuathletics.com/sports/womens-soccer/coaches,"Official athletics staff page, read 2026-10-09",official_university,yes,2026-10-09,
CACC_GEORGIAN_COURT_UNIVERSITY_WSOC,Georgian Court University,James,Moore,Head Women's Soccer Coach,jmoore@georgian.edu,732-987-2695,,https://gculions.com/sports/womens-soccer/coaches,"Official athletics staff page, read 2026-10-09",official_university,yes,2026-10-09,
CACC_GEORGIAN_COURT_UNIVERSITY_WSOC,Georgian Court University,Farrell,Pomponio-Strout,Assistant Coach,fpomponio@georgian.edu,732-987-2695,,https://gculions.com/sports/womens-soccer/coaches,"Official athletics staff page, read 2026-10-09",official_university,yes,2026-10-09,
CACC_GOLDEY_BEACOM_COLLEGE_WSOC,Goldey–Beacom College,Heather,Faasse,Head Women's Soccer Coach,faasseh@gbc.edu,302-225-6388,,https://www.gbcathletics.com/sports/womens-soccer/coaches,"Official athletics staff page, read 2026-10-09",official_university,yes,2026-10-09,
CACC_GOLDEY_BEACOM_COLLEGE_WSOC,Goldey–Beacom College,Kierstyn,Williams,Assistant Women's Soccer Coach,,,,https://www.gbcathletics.com/sports/womens-soccer/coaches,"Official athletics staff page, read 2026-10-09",official_university,yes,2026-10-09,
CACC_GOLDEY_BEACOM_COLLEGE_WSOC,Goldey–Beacom College,Mateo,Balbin,Assistant Women's Soccer Coach,,,,https://www.gbcathletics.com/sports/womens-soccer/coaches,"Official athletics staff page, read 2026-10-09",official_university,yes,2026-10-09,
CACC_HOLY_FAMILY_UNIVERSITY_WSOC,Holy Family University,Brianna,Pudlo,Women's Soccer Coach,,,,https://athletics.holyfamily.edu/sports/womens-soccer/coaches,"Official athletics staff page, read 2026-10-09",official_university,yes,2026-10-09,
CACC_HOLY_FAMILY_UNIVERSITY_WSOC,Holy Family University,Jerry,Kehan,Women's Soccer Coach,,,,https://athletics.holyfamily.edu/sports/womens-soccer/coaches,"Official athletics staff page, read 2026-10-09",official_university,yes,2026-10-09,
CACC_HOLY_FAMILY_UNIVERSITY_WSOC,Holy Family University,Stephen,McGarry Jr.,Volunteer Women's Soccer Coach,,,,https://athletics.holyfamily.edu/sports/womens-soccer/coaches,"Official athletics staff page, read 2026-10-09",official_university,yes,2026-10-09,
CACC_LINCOLN_UNIVERSITY_PENNSYLVANIA_WSOC,Lincoln University (Pennsylvania),Sal,Minor,Head Women's Soccer Coach,sminor@lincoln.edu,484-365-7320,,https://lulions.com/sports/womens-soccer/coaches,"Official athletics staff page, read 2026-10-09",official_university,yes,2026-10-09,
CACC_POST_UNIVERSITY_WSOC,Post University,Meagan,Ryan,Head Coach,mryan@post.edu,,,https://posteagles.com/sports/womens-soccer/coaches,"Official athletics staff page, read 2026-10-09",official_university,yes,2026-10-09,
CACC_POST_UNIVERSITY_WSOC,Post University,Rebeca,Frisk,Assistant Coach,rebeca.frisk@post.edu,,,https://posteagles.com/sports/womens-soccer/coaches,"Official athletics staff page, read 2026-10-09",official_university,yes,2026-10-09,
CACC_POST_UNIVERSITY_WSOC,Post University,Anastasia,Gaudreau,Assistant Coach,agaudreau@post.edu,,,https://posteagles.com/sports/womens-soccer/coaches,"Official athletics staff page, read 2026-10-09",official_university,yes,2026-10-09,
CACC_POST_UNIVERSITY_WSOC,Post University,Alyssa,Hebb,Assistant Coach,,,,https://posteagles.com/sports/womens-soccer/coaches,"Official athletics staff page, read 2026-10-09",official_university,yes,2026-10-09,
CACC_POST_UNIVERSITY_WSOC,Post University,Hannah,Marriott,Goalkeeper Coach,,,,https://posteagles.com/sports/womens-soccer/coaches,"Official athletics staff page, read 2026-10-09",official_university,yes,2026-10-09,
CACC_THOMAS_JEFFERSON_UNIVERSITY_JEFFERSON_WSOC,Thomas Jefferson University (Jefferson),Michelle,Jacquette,Head Coach,michelle.jacquette@jefferson.edu,,,https://jeffersonrams.com/sports/womens-soccer/coaches,"Official athletics staff page, read 2026-10-09",official_university,yes,2026-10-09,
CACC_THOMAS_JEFFERSON_UNIVERSITY_JEFFERSON_WSOC,Thomas Jefferson University (Jefferson),Ian,McBrearty,Assistant Coach,ian.mcbrearty@jefferson.edu,,,https://jeffersonrams.com/sports/womens-soccer/coaches,"Official athletics staff page, read 2026-10-09",official_university,yes,2026-10-09,
CAR_BARTON_COLLEGE_WSOC,Barton College,Jason,Hamilton,Head Women's Soccer Coach,jshamilton1@barton.edu,,,https://bartonbulldogs.com/sports/womens-soccer/coaches,"Official athletics staff page, read 2026-10-09",official_university,yes,2026-10-09,
CAR_BARTON_COLLEGE_WSOC,Barton College,Sydney,Griner,Associate Head Coach,sngriner@barton.edu,,,https://bartonbulldogs.com/sports/womens-soccer/coaches,"Official athletics staff page, read 2026-10-09",official_university,yes,2026-10-09,
CAR_BELMONT_ABBEY_COLLEGE_WSOC,Belmont Abbey College,Mike,Lynch,Head Coach,michaellynch@bac.edu,704-461-6541,,https://abbeyathletics.com/sports/womens-soccer/coaches,"Official athletics staff page, read 2026-10-09",official_university,yes,2026-10-09,
CAR_BELMONT_ABBEY_COLLEGE_WSOC,Belmont Abbey College,Jaime,Malilong,Associate Head Coach,jaimemalilong@bac.edu,704-461-6253,,https://abbeyathletics.com/sports/womens-soccer/coaches,"Official athletics staff page, read 2026-10-09",official_university,yes,2026-10-09,
CAR_BELMONT_ABBEY_COLLEGE_WSOC,Belmont Abbey College,Stephanie,Daniel,Volunteer Assistant Coach,,,,https://abbeyathletics.com/sports/womens-soccer/coaches,"Official athletics staff page, read 2026-10-09",official_university,yes,2026-10-09,
CAR_CHOWAN_UNIVERSITY_WSOC,Chowan University,Fernando,Zuniga,Head Women's Soccer Coach,fzuniga@chowan.edu,(252) 398-6289,,https://gocuhawks.com/sports/womens-soccer/coaches,"Official athletics staff page, read 2026-10-09",official_university,yes,2026-10-09,
CAR_CHOWAN_UNIVERSITY_WSOC,Chowan University,Rich,Dearle,Graduate Assistant Coach,radearle0908@chowan.edu,(252) 398-6308,,https://gocuhawks.com/sports/womens-soccer/coaches,"Official athletics staff page, read 2026-10-09",official_university,yes,2026-10-09,
CAR_CHOWAN_UNIVERSITY_WSOC,Chowan University,Rachel,Stetson,Graduate Student Coach,rlstetson1113@chowan.edu,,,https://gocuhawks.com/sports/womens-soccer/coaches,"Official athletics staff page, read 2026-10-09",official_university,yes,2026-10-09,
CAR_EMMANUEL_UNIVERSITY_WSOC,Emmanuel University,Ged,O'Connor,Head Coach,ged.oconnor@ec.edu,,,https://goeulions.com/sports/womens-soccer/coaches,"Official athletics staff page, read 2026-10-09",official_university,yes,2026-10-09,
CAR_EMMANUEL_UNIVERSITY_WSOC,Emmanuel University,Ignacio,Masis,Assistant Coach,ignacio.masis@ec.edu,,,https://goeulions.com/sports/womens-soccer/coaches,"Official athletics staff page, read 2026-10-09",official_university,yes,2026-10-09,
CAR_FRANCIS_MARION_UNIVERSITY_WSOC,Francis Marion University,Sam,Holmes,Head Coach,sam.holmes@fmarion.edu,843-661-1244,,https://fmupatriots.com/sports/womens-soccer/coaches,"Official athletics staff page, read 2026-10-09",official_university,yes,2026-10-09,
CAR_FRANCIS_MARION_UNIVERSITY_WSOC,Francis Marion University,Kevin,Martin,Assistant Coach,kevin.martin@fmarion.edu,843-661-1245,,https://fmupatriots.com/sports/womens-soccer/coaches,"Official athletics staff page, read 2026-10-09",official_university,yes,2026-10-09,
CAR_FRANCIS_MARION_UNIVERSITY_WSOC,Francis Marion University,Jordan,White,Student Assistant Coach,,,,https://fmupatriots.com/sports/womens-soccer/coaches,"Official athletics staff page, read 2026-10-09",official_university,yes,2026-10-09,
CAR_KING_UNIVERSITY_WSOC,King University,Christian,Castro,Head Coach,cacastro@king.edu,732-470-3929,,https://kingtornado.com/sports/womens-soccer/coaches,"Official athletics staff page, read 2026-10-09",official_university,yes,2026-10-09,
CAR_LEES_MCRAE_COLLEGE_WSOC,Lees–McRae College,Cally,Morrill,Head Women's Soccer Coach / Senior Woman Administrator,morrillc@lmc.edu,(828) 898-8927,,https://lmcbobcats.com/sports/womens-soccer/coaches,"Official athletics staff page, read 2026-10-09",official_university,yes,2026-10-09,
CAR_LEES_MCRAE_COLLEGE_WSOC,Lees–McRae College,Donye',Monroe,Associate Head Women's Soccer Coach,monroed@lmc.edu,(828) 898-8927,,https://lmcbobcats.com/sports/womens-soccer/coaches,"Official athletics staff page, read 2026-10-09",official_university,yes,2026-10-09,
CAR_NORTH_GREENVILLE_UNIVERSITY_WSOC,North Greenville University,Stephen,Fite,Head Coach,stephen.fite@ngu.edu,(864) 359-0059,,https://nguathletics.com/sports/womens-soccer/coaches,"Official athletics staff page, read 2026-10-09",official_university,yes,2026-10-09,
CAR_NORTH_GREENVILLE_UNIVERSITY_WSOC,North Greenville University,Sayit Mejia,Bello,Assistant Coach,sayit.mejiabello@ngu.edu,(864) 593-3565,,https://nguathletics.com/sports/womens-soccer/coaches,"Official athletics staff page, read 2026-10-09",official_university,yes,2026-10-09,
CAR_NORTH_GREENVILLE_UNIVERSITY_WSOC,North Greenville University,Lizzy,Luzzi,Assistant Coach,luzzi8973@ngu.edu,,,https://nguathletics.com/sports/womens-soccer/coaches,"Official athletics staff page, read 2026-10-09",official_university,yes,2026-10-09,
CAR_SHORTER_UNIVERSITY_WSOC,Shorter University,Alissa,Gembach,Head Women's Soccer Coach,agembach@shorter.edu,706-233-7346,,https://goshorterhawks.com/sports/womens-soccer/coaches,"Official athletics staff page, read 2026-10-09",official_university,yes,2026-10-09,
CAR_SHORTER_UNIVERSITY_WSOC,Shorter University,Logan,Dye,Goalkeepers/Recruiting Coordinator,,,,https://goshorterhawks.com/sports/womens-soccer/coaches,"Official athletics staff page, read 2026-10-09",official_university,yes,2026-10-09,
CAR_SOUTHERN_WESLEYAN_UNIVERSITY_WSOC,Southern Wesleyan University,Al,Meneses,Women's Soccer Head Coach,ameneses@swu.edu,631-741-3502,,https://swuathletics.com/sports/womens-soccer/coaches,"Official athletics staff page, read 2026-10-09",official_university,yes,2026-10-09,
CAR_SOUTHERN_WESLEYAN_UNIVERSITY_WSOC,Southern Wesleyan University,Oker,Hernandez,Assistant Coach,ohernandez@swu.edu,,,https://swuathletics.com/sports/womens-soccer/coaches,"Official athletics staff page, read 2026-10-09",official_university,yes,2026-10-09,
CAR_SOUTHERN_WESLEYAN_UNIVERSITY_WSOC,Southern Wesleyan University,Adrian,Guzman,Assistant Coach / Goalkeeper Coach,aguzman@swu.edu,678-910-5149,,https://swuathletics.com/sports/womens-soccer/coaches,"Official athletics staff page, read 2026-10-09",official_university,yes,2026-10-09,
CAR_SOUTHERN_WESLEYAN_UNIVERSITY_WSOC,Southern Wesleyan University,Karen,Meneses,Volunteer Assistant Coach,,,,https://swuathletics.com/sports/womens-soccer/coaches,"Official athletics staff page, read 2026-10-09",official_university,yes,2026-10-09,
CAR_UNIVERSITY_OF_MOUNT_OLIVE_WSOC,University of Mount Olive,Glad,Bugariu,Head Coach,tbugariu@umo.edu,919-635-2782,,https://umotrojans.com/sports/womens-soccer/coaches,"Official athletics staff page, read 2026-10-09",official_university,yes,2026-10-09,
CAR_UNIVERSITY_OF_MOUNT_OLIVE_WSOC,University of Mount Olive,Tony,Stoyanov,Assistant Coach,sstoyanov@umo.edu,919-658-7812,,https://umotrojans.com/sports/womens-soccer/coaches,"Official athletics staff page, read 2026-10-09",official_university,yes,2026-10-09,
CAR_YOUNG_HARRIS_COLLEGE_WSOC,Young Harris College,Wes,Anania,Head Coach,waanania@yhc.edu,,,https://yhcathletics.com/sports/womens-soccer/coaches,"Official athletics staff page, read 2026-10-09",official_university,yes,2026-10-09,
CAR_YOUNG_HARRIS_COLLEGE_WSOC,Young Harris College,Michael,Ohana,Assistant Women's Soccer Coach,mohana@yhc.edu,,,https://yhcathletics.com/sports/womens-soccer/coaches,"Official athletics staff page, read 2026-10-09",official_university,yes,2026-10-09,
ECC_COLLEGE_OF_STATEN_ISLAND_WSOC,College of Staten Island,Maddy,Wright,Head Coach,madeline.barbarino@csi.cuny.edu,(917) 982-3305,,https://csidolphins.com/sports/womens-soccer/coaches,"Official athletics staff page, read 2026-10-09",official_university,yes,2026-10-09,
ECC_D_YOUVILLE_UNIVERSITY_WSOC,D'Youville University,Angela,Nicholas-Tolsma,Head Women's Soccer Coach,nicholaa@dyu.edu,,,https://dyusaints.com/sports/womens-soccer/coaches,"Official athletics staff page, read 2026-10-09",official_university,yes,2026-10-09,
ECC_D_YOUVILLE_UNIVERSITY_WSOC,D'Youville University,Ryan,Moretta,Goalkeeper Coach,,,,https://dyusaints.com/sports/womens-soccer/coaches,"Official athletics staff page, read 2026-10-09",official_university,yes,2026-10-09,
ECC_D_YOUVILLE_UNIVERSITY_WSOC,D'Youville University,Mike,O'Connor,Assistant Women's Soccer Coach,,,,https://dyusaints.com/sports/womens-soccer/coaches,"Official athletics staff page, read 2026-10-09",official_university,yes,2026-10-09,
ECC_D_YOUVILLE_UNIVERSITY_WSOC,D'Youville University,Lauren,Vanecko,Women's Soccer Graduate Assistant Coach,,,,https://dyusaints.com/sports/womens-soccer/coaches,"Official athletics staff page, read 2026-10-09",official_university,yes,2026-10-09,
ECC_DAEMEN_UNIVERSITY_WSOC,Daemen University,Dan,Dolan,Head Coach,ddolan@daemen.edu,(716) 566-7859,,https://daemenwildcats.com/sports/womens-soccer/coaches,"Official athletics staff page, read 2026-10-09",official_university,yes,2026-10-09,
ECC_DAEMEN_UNIVERSITY_WSOC,Daemen University,Corey,DeVille,Assistant Coach,cdeville@daemen.edu,,,https://daemenwildcats.com/sports/womens-soccer/coaches,"Official athletics staff page, read 2026-10-09",official_university,yes,2026-10-09,
ECC_DAEMEN_UNIVERSITY_WSOC,Daemen University,John,Netter,Assistant Coach (Volunteer),,,,https://daemenwildcats.com/sports/womens-soccer/coaches,"Official athletics staff page, read 2026-10-09",official_university,yes,2026-10-09,
ECC_DAEMEN_UNIVERSITY_WSOC,Daemen University,Kylie,Miranto,Assistant Coach (Volunteer),,,,https://daemenwildcats.com/sports/womens-soccer/coaches,"Official athletics staff page, read 2026-10-09",official_university,yes,2026-10-09,
ECC_DAEMEN_UNIVERSITY_WSOC,Daemen University,Ana,Muruzabal,Graduate Assistant Coach,ana.muruzabal@daemen.edu,,,https://daemenwildcats.com/sports/womens-soccer/coaches,"Official athletics staff page, read 2026-10-09",official_university,yes,2026-10-09,
ECC_MOLLOY_UNIVERSITY_WSOC,Molloy University,Steve,Price,Head Women's Soccer Coach,sprice@molloy.edu,516-323-3631,,https://molloylions.com/sports/womens-soccer/coaches,"Official athletics staff page, read 2026-10-09",official_university,yes,2026-10-09,
ECC_MOLLOY_UNIVERSITY_WSOC,Molloy University,Steve,Maye,Assistant Women's Soccer Coach,smaye@molloy.edu,,,https://molloylions.com/sports/womens-soccer/coaches,"Official athletics staff page, read 2026-10-09",official_university,yes,2026-10-09,
ECC_MOLLOY_UNIVERSITY_WSOC,Molloy University,Mark,Nash,Assistant Women's Soccer Coach,mnash2@molloy.edu,,,https://molloylions.com/sports/womens-soccer/coaches,"Official athletics staff page, read 2026-10-09",official_university,yes,2026-10-09,
ECC_MOLLOY_UNIVERSITY_WSOC,Molloy University,Lauren,Marinello,Assistant Women's Soccer Coach,lmarinello1@molloy.edu,,,https://molloylions.com/sports/womens-soccer/coaches,"Official athletics staff page, read 2026-10-09",official_university,yes,2026-10-09,
ECC_MOLLOY_UNIVERSITY_WSOC,Molloy University,Lucio Sorto,Vasquez,Assistant Women's Soccer Coach,,,,https://molloylions.com/sports/womens-soccer/coaches,"Official athletics staff page, read 2026-10-09",official_university,yes,2026-10-09,
ECC_MOLLOY_UNIVERSITY_WSOC,Molloy University,Kristine,Prazak-Davoli,Women's Soccer Volunteer Assistant,,,,https://molloylions.com/sports/womens-soccer/coaches,"Official athletics staff page, read 2026-10-09",official_university,yes,2026-10-09,
ECC_QUEENS_COLLEGE_WSOC,Queens College,Thomas,Paris,Head Coach,thomas.paris@qc.cuny.edu,(718) 570-0523,,https://queensknights.com/sports/womens-soccer/coaches,"Official athletics staff page, read 2026-10-09",official_university,yes,2026-10-09,
ECC_QUEENS_COLLEGE_WSOC,Queens College,Ana,Penagos,Assistant Coach,,,,https://queensknights.com/sports/womens-soccer/coaches,"Official athletics staff page, read 2026-10-09",official_university,yes,2026-10-09,
ECC_QUEENS_COLLEGE_WSOC,Queens College,Ralph,Spampinato,Assistant Coach,,,,https://queensknights.com/sports/womens-soccer/coaches,"Official athletics staff page, read 2026-10-09",official_university,yes,2026-10-09,
ECC_QUEENS_COLLEGE_WSOC,Queens College,Shannon,Kilian,Assistant Coach/Goalkeeper Coach,,,,https://queensknights.com/sports/womens-soccer/coaches,"Official athletics staff page, read 2026-10-09",official_university,yes,2026-10-09,
ECC_ROBERTS_WESLEYAN_UNIVERSITY_WSOC,Roberts Wesleyan University,Bobby,McColl,Head Coach,mccoll_bobby@roberts.edu,585-594-6962,,https://robertsredhawks.com/sports/womens-soccer/coaches,"Official athletics staff page, read 2026-10-09",official_university,yes,2026-10-09,
ECC_ROBERTS_WESLEYAN_UNIVERSITY_WSOC,Roberts Wesleyan University,Rob,Arrendell,Assistant Coach,arrendell_robert@roberts.edu,,,https://robertsredhawks.com/sports/womens-soccer/coaches,"Official athletics staff page, read 2026-10-09",official_university,yes,2026-10-09,
ECC_ROBERTS_WESLEYAN_UNIVERSITY_WSOC,Roberts Wesleyan University,Aleah,Martone,Assistant Coach,martone_aleah@roberts.edu,,,https://robertsredhawks.com/sports/womens-soccer/coaches,"Official athletics staff page, read 2026-10-09",official_university,yes,2026-10-09,
ECC_ROBERTS_WESLEYAN_UNIVERSITY_WSOC,Roberts Wesleyan University,PJ,Niegsch,Director of Goalkeeping/Head Development Coach,,,,https://robertsredhawks.com/sports/womens-soccer/coaches,"Official athletics staff page, read 2026-10-09",official_university,yes,2026-10-09,
GLIAC_DAVENPORT_UNIVERSITY_WSOC,Davenport University,Joe,White,Head Coach,joe.white@davenport.edu,616-871-6183,,https://dupanthers.com/sports/womens-soccer/coaches,"Official athletics staff page, read 2026-10-09",official_university,yes,2026-10-09,
GLIAC_DAVENPORT_UNIVERSITY_WSOC,Davenport University,Joe,Lockey,Assistant Coach,joe.lockey@davenport.edu,,,https://dupanthers.com/sports/womens-soccer/coaches,"Official athletics staff page, read 2026-10-09",official_university,yes,2026-10-09,
GLIAC_DAVENPORT_UNIVERSITY_WSOC,Davenport University,Dom,Hunter,Assistant Coach,v_dhunter@davenport.edu,,,https://dupanthers.com/sports/womens-soccer/coaches,"Official athletics staff page, read 2026-10-09",official_university,yes,2026-10-09,
GLIAC_DAVENPORT_UNIVERSITY_WSOC,Davenport University,Claire,Breault,Assistant Coach,claire.breault@davenport.edu,,,https://dupanthers.com/sports/womens-soccer/coaches,"Official athletics staff page, read 2026-10-09",official_university,yes,2026-10-09,
GLIAC_GRAND_VALLEY_STATE_UNIVERSITY_WSOC,Grand Valley State University,Katelyn,Longino,Head Coach,longinok@gvsu.edu,(616) 331-3080,,https://gvsulakers.com/sports/womens-soccer/coaches,"Official athletics staff page, read 2026-10-09",official_university,yes,2026-10-09,
GLIAC_GRAND_VALLEY_STATE_UNIVERSITY_WSOC,Grand Valley State University,Jade,Smith,Assistant Coach,smitjl2@gvsu.edu,(616) 331-8742,,https://gvsulakers.com/sports/womens-soccer/coaches,"Official athletics staff page, read 2026-10-09",official_university,yes,2026-10-09,
GLIAC_GRAND_VALLEY_STATE_UNIVERSITY_WSOC,Grand Valley State University,TJ,Ifaturoti,Assistant Coach,ifaturad@gvsu.edu,,,https://gvsulakers.com/sports/womens-soccer/coaches,"Official athletics staff page, read 2026-10-09",official_university,yes,2026-10-09,
GLIAC_GRAND_VALLEY_STATE_UNIVERSITY_WSOC,Grand Valley State University,Bryce,Beckley,Goalkeeper Coach,becklebr@gvsu.edu,,,https://gvsulakers.com/sports/womens-soccer/coaches,"Official athletics staff page, read 2026-10-09",official_university,yes,2026-10-09,
GLIAC_GRAND_VALLEY_STATE_UNIVERSITY_WSOC,Grand Valley State University,Jaycee,Cotton,Director of Operations / Assistant Coach,cottjayc@gvsu.edu,,,https://gvsulakers.com/sports/womens-soccer/coaches,"Official athletics staff page, read 2026-10-09",official_university,yes,2026-10-09,
GLIAC_MICHIGAN_TECHNOLOGICAL_UNIVERSITY_WSOC,Michigan Technological University,Melissa,Kuhar,Head Coach,makuhar@mtu.edu,906-487-2887,,https://michigantechhuskies.com/sports/womens-soccer/coaches,"Official athletics staff page, read 2026-10-09",official_university,yes,2026-10-09,
GLIAC_MICHIGAN_TECHNOLOGICAL_UNIVERSITY_WSOC,Michigan Technological University,Jason,Dellinger,Assistant Coach,,,,https://michigantechhuskies.com/sports/womens-soccer/coaches,"Official athletics staff page, read 2026-10-09",official_university,yes,2026-10-09,
GLIAC_NORTHERN_MICHIGAN_UNIVERSITY_WSOC,Northern Michigan University,Erin,Egolf,Head Coach,eegolf@nmu.edu,,,https://nmuwildcats.com/sports/womens-soccer/coaches,"Official athletics staff page, read 2026-10-09",official_university,yes,2026-10-09,
GLIAC_NORTHERN_MICHIGAN_UNIVERSITY_WSOC,Northern Michigan University,Nathan,Phillips,Assistant Coach,natphill@nmu.edu,,,https://nmuwildcats.com/sports/womens-soccer/coaches,"Official athletics staff page, read 2026-10-09",official_university,yes,2026-10-09,
GLIAC_NORTHERN_MICHIGAN_UNIVERSITY_WSOC,Northern Michigan University,Harry,Gray,Assistant Coach,,,,https://nmuwildcats.com/sports/womens-soccer/coaches,"Official athletics staff page, read 2026-10-09",official_university,yes,2026-10-09,
GLIAC_NORTHERN_MICHIGAN_UNIVERSITY_WSOC,Northern Michigan University,Reed,Schuyler,Volunteer Assistant Coach,,,,https://nmuwildcats.com/sports/womens-soccer/coaches,"Official athletics staff page, read 2026-10-09",official_university,yes,2026-10-09,
GLIAC_PURDUE_UNIVERSITY_NORTHWEST_WSOC,Purdue University Northwest,Mary,Whisler,Head Women's Soccer Coach,mwhisler@pnw.edu,(219) 989-2786,,https://pnwathletics.com/sports/womens-soccer/coaches,"Official athletics staff page, read 2026-10-09",official_university,yes,2026-10-09,
GLIAC_PURDUE_UNIVERSITY_NORTHWEST_WSOC,Purdue University Northwest,Nicki,Rucki,Assistant Women's Soccer Coach,n.rucki@pnw.edu,(219) 989-2786,,https://pnwathletics.com/sports/womens-soccer/coaches,"Official athletics staff page, read 2026-10-09",official_university,yes,2026-10-09,
GLIAC_PURDUE_UNIVERSITY_NORTHWEST_WSOC,Purdue University Northwest,Jonah,NunoSheldon,Assistant Coach,,,,https://pnwathletics.com/sports/womens-soccer/coaches,"Official athletics staff page, read 2026-10-09",official_university,yes,2026-10-09,
GLIAC_ROOSEVELT_UNIVERSITY_WSOC,Roosevelt University,Tom,Czop,Head Coach,tczop@roosevelt.edu,312-296-0901,,https://rooseveltlakers.com/sports/womens-soccer/coaches,"Official athletics staff page, read 2026-10-09",official_university,yes,2026-10-09,
GLIAC_ROOSEVELT_UNIVERSITY_WSOC,Roosevelt University,Jean,Gehrke,Assistant Coach,jgehrke@roosevelt.edu,,,https://rooseveltlakers.com/sports/womens-soccer/coaches,"Official athletics staff page, read 2026-10-09",official_university,yes,2026-10-09,
GLIAC_SAGINAW_VALLEY_STATE_UNIVERSITY_WSOC,Saginaw Valley State University,Tyler,Channell,Women's Soccer Head Coach,ttchanne@svsu.edu,,,https://svsucardinals.com/sports/womens-soccer/coaches,"Official athletics staff page, read 2026-10-09",official_university,yes,2026-10-09,
GLIAC_SAGINAW_VALLEY_STATE_UNIVERSITY_WSOC,Saginaw Valley State University,Bridget,Symborski,Assistant Coach,bsymbors@svsu.edu,,,https://svsucardinals.com/sports/womens-soccer/coaches,"Official athletics staff page, read 2026-10-09",official_university,yes,2026-10-09,
GLIAC_UNIVERSITY_OF_WISCONSIN_PARKSIDE_WSOC,University of Wisconsin–Parkside,Brittany,Nikolic,Head Women's Soccer Coach,nikolic@uwp.edu,,,https://parksiderangers.com/sports/womens-soccer/coaches,"Official athletics staff page, read 2026-10-09",official_university,yes,2026-10-09,
GLIAC_UNIVERSITY_OF_WISCONSIN_PARKSIDE_WSOC,University of Wisconsin–Parkside,Albert,Martin,Women's Soccer Assistant Coach,martinm3@uwp.edu,,,https://parksiderangers.com/sports/womens-soccer/coaches,"Official athletics staff page, read 2026-10-09",official_university,yes,2026-10-09,
GLIAC_UNIVERSITY_OF_WISCONSIN_PARKSIDE_WSOC,University of Wisconsin–Parkside,Lesley,Kiesling,Women's Soccer Volunteer Assistant Coach,,,,https://parksiderangers.com/sports/womens-soccer/coaches,"Official athletics staff page, read 2026-10-09",official_university,yes,2026-10-09,
GLIAC_UNIVERSITY_OF_WISCONSIN_PARKSIDE_WSOC,University of Wisconsin–Parkside,Tristen,Cross,Student Assistant Coach - Women's Soccer,,,,https://parksiderangers.com/sports/womens-soccer/coaches,"Official athletics staff page, read 2026-10-09",official_university,yes,2026-10-09,
GLIAC_UNIVERSITY_OF_WISCONSIN_PARKSIDE_WSOC,University of Wisconsin–Parkside,Emily,Mikkelson,Student Assistant Coach - Women's Soccer,,,,https://parksiderangers.com/sports/womens-soccer/coaches,"Official athletics staff page, read 2026-10-09",official_university,yes,2026-10-09,
GLVC_DRURY_UNIVERSITY_WSOC,Drury University,Justin,Olson,"Women's Soccer, Head Coach",jolson003@drury.edu,(417) 873-7449,,https://drurypanthers.com/sports/womens-soccer/coaches,"Official athletics staff page, read 2026-10-09",official_university,yes,2026-10-09,
GLVC_DRURY_UNIVERSITY_WSOC,Drury University,Josh,Lewis-Evans,"Assistant Coach, Women's Soccer",jlewis-evans@drury.edu,417-763-8223,,https://drurypanthers.com/sports/womens-soccer/coaches,"Official athletics staff page, read 2026-10-09",official_university,yes,2026-10-09,
GLVC_DRURY_UNIVERSITY_WSOC,Drury University,Mackenzie,Helin,"Assistant Coach, Women's Soccer",,,,https://drurypanthers.com/sports/womens-soccer/coaches,"Official athletics staff page, read 2026-10-09",official_university,yes,2026-10-09,
GLVC_DRURY_UNIVERSITY_WSOC,Drury University,Nico,Helin,"Goalkeepers Coach (Volunteer), Women's Soccer",,,,https://drurypanthers.com/sports/womens-soccer/coaches,"Official athletics staff page, read 2026-10-09",official_university,yes,2026-10-09,
GLVC_LEWIS_UNIVERSITY_WSOC,Lewis University,Chris,Koenig,Head Coach,koenigch@lewisu.edu,815-836-5496,,https://lewisflyers.com/sports/womens-soccer/coaches,"Official athletics staff page, read 2026-10-09",official_university,yes,2026-10-09,
GLVC_MARYVILLE_UNIVERSITY_WSOC,Maryville University,Lori,Lawson,Head Women's Soccer Coach,llawson@maryville.edu,314-529-9311,,https://maryvillesaints.com/sports/womens-soccer/coaches,"Official athletics staff page, read 2026-10-09",official_university,yes,2026-10-09,
GLVC_MARYVILLE_UNIVERSITY_WSOC,Maryville University,Eric,Delabar,Assistant Women's Soccer Coach,edelabar@maryville.edu,314-529-9311,,https://maryvillesaints.com/sports/womens-soccer/coaches,"Official athletics staff page, read 2026-10-09",official_university,yes,2026-10-09,
GLVC_MARYVILLE_UNIVERSITY_WSOC,Maryville University,Ian,McReynolds,Assistant Women's Soccer Coach,,,,https://maryvillesaints.com/sports/womens-soccer/coaches,"Official athletics staff page, read 2026-10-09",official_university,yes,2026-10-09,
GLVC_MARYVILLE_UNIVERSITY_WSOC,Maryville University,Lexi,Gentry,Assistant Women's Soccer Coach,,,,https://maryvillesaints.com/sports/womens-soccer/coaches,"Official athletics staff page, read 2026-10-09",official_university,yes,2026-10-09,
GLVC_MCKENDREE_UNIVERSITY_WSOC,McKendree University,Tim,Strange,Head Women's Soccer Coach,tstrange@mckendree.edu,618-537-6910,,https://mckbearcats.com/sports/womens-soccer/coaches,"Official athletics staff page, read 2026-10-09",official_university,yes,2026-10-09,
GLVC_MCKENDREE_UNIVERSITY_WSOC,McKendree University,Marc,Hager,Assistant Coach,marchager@mckendree.edu,,,https://mckbearcats.com/sports/womens-soccer/coaches,"Official athletics staff page, read 2026-10-09",official_university,yes,2026-10-09,
GLVC_MCKENDREE_UNIVERSITY_WSOC,McKendree University,Kathleen,Kenny,Assistant Coach,,,,https://mckbearcats.com/sports/womens-soccer/coaches,"Official athletics staff page, read 2026-10-09",official_university,yes,2026-10-09,
GLVC_MCKENDREE_UNIVERSITY_WSOC,McKendree University,Sam,Gomez,Assistant Coach | Goalkeeper Coach,,,,https://mckbearcats.com/sports/womens-soccer/coaches,"Official athletics staff page, read 2026-10-09",official_university,yes,2026-10-09,
GLVC_MISSOURI_UNIVERSITY_OF_SCIENCE_AND_TECHNOLOGY_WSOC,Missouri University of Science and Technology,Matthew,Perry,Head Women's Soccer Coach,mperry@mst.edu,,,https://minerathletics.com/sports/womens-soccer/coaches,"Official athletics staff page, read 2026-10-09",official_university,yes,2026-10-09,
GLVC_MISSOURI_UNIVERSITY_OF_SCIENCE_AND_TECHNOLOGY_WSOC,Missouri University of Science and Technology,Dylan,Fillwock,Volunteer Assistant Coach,,,,https://minerathletics.com/sports/womens-soccer/coaches,"Official athletics staff page, read 2026-10-09",official_university,yes,2026-10-09,
GLVC_MISSOURI_UNIVERSITY_OF_SCIENCE_AND_TECHNOLOGY_WSOC,Missouri University of Science and Technology,Lena,Blake,Graduate Goalkeeper Coach,,,,https://minerathletics.com/sports/womens-soccer/coaches,"Official athletics staff page, read 2026-10-09",official_university,yes,2026-10-09,
GLVC_QUINCY_UNIVERSITY_WSOC,Quincy University,Taylor,Reis,Head Coach,reista@quincy.edu,217-228-5432,,https://quhawks.com/sports/womens-soccer/coaches,"Official athletics staff page, read 2026-10-09",official_university,yes,2026-10-09,
GLVC_QUINCY_UNIVERSITY_WSOC,Quincy University,Jeweleen,Reuille,Assistant Coach,j.reuille53@quincy.edu,217-228-5432,,https://quhawks.com/sports/womens-soccer/coaches,"Official athletics staff page, read 2026-10-09",official_university,yes,2026-10-09,
GLVC_ROCKHURST_UNIVERSITY_WSOC,Rockhurst University,Greg,Herdlick,"Head Coach, Women's Soccer",greg.herdlick@rockhurst.edu,,,https://rockhursthawks.com/sports/womens-soccer/coaches,"Official athletics staff page, read 2026-10-09",official_university,yes,2026-10-09,
GLVC_ROCKHURST_UNIVERSITY_WSOC,Rockhurst University,Erin,Ellefson,Assistant Coach,erin.ellefson@rockhurst.edu,,,https://rockhursthawks.com/sports/womens-soccer/coaches,"Official athletics staff page, read 2026-10-09",official_university,yes,2026-10-09,
GLVC_ROCKHURST_UNIVERSITY_WSOC,Rockhurst University,Kenzie,Dunaway,Assistant Coach,,,,https://rockhursthawks.com/sports/womens-soccer/coaches,"Official athletics staff page, read 2026-10-09",official_university,yes,2026-10-09,
GLVC_SOUTHWEST_BAPTIST_UNIVERSITY_WSOC,Southwest Baptist University,Debbie,Pekel,Head Women's Soccer Coach,deborah.pekel@sbuniv.edu,,,https://www.sbubearcats.com/sports/womens-soccer/coaches,"Official athletics staff page, read 2026-10-09",official_university,yes,2026-10-09,
GLVC_SOUTHWEST_BAPTIST_UNIVERSITY_WSOC,Southwest Baptist University,Tamerra,Gantt,Volunteer Assistant Coach,,,,https://www.sbubearcats.com/sports/womens-soccer/coaches,"Official athletics staff page, read 2026-10-09",official_university,yes,2026-10-09,
GLVC_SOUTHWEST_BAPTIST_UNIVERSITY_WSOC,Southwest Baptist University,Dawson,Sawyer,Volunteer Assistant Coach,,,,https://www.sbubearcats.com/sports/womens-soccer/coaches,"Official athletics staff page, read 2026-10-09",official_university,yes,2026-10-09,
GLVC_TRUMAN_STATE_UNIVERSITY_TRUMAN_WSOC,Truman State University (Truman),Mike,Cannon,Head Women's Soccer Coach,mcannon@truman.edu,,,https://trumanbulldogs.com/sports/womens-soccer/coaches,"Official athletics staff page, read 2026-10-09",official_university,yes,2026-10-09,
GLVC_UNIVERSITY_OF_INDIANAPOLIS_WSOC,University of Indianapolis,Nick,Smith,Head Coach,npsmith@uindy.edu,,,https://athletics.uindy.edu/sports/womens-soccer/coaches,"Official athletics staff page, read 2026-10-09",official_university,yes,2026-10-09,
GLVC_UNIVERSITY_OF_INDIANAPOLIS_WSOC,University of Indianapolis,Stephanie,Brady,Assistant Coach,bradysm@uindy.edu,,,https://athletics.uindy.edu/sports/womens-soccer/coaches,"Official athletics staff page, read 2026-10-09",official_university,yes,2026-10-09,
GLVC_UNIVERSITY_OF_INDIANAPOLIS_WSOC,University of Indianapolis,Sarah,Doyle,Assistant Coach,doyless@uindy.edu,,,https://athletics.uindy.edu/sports/womens-soccer/coaches,"Official athletics staff page, read 2026-10-09",official_university,yes,2026-10-09,
GLVC_UNIVERSITY_OF_MISSOURI_ST_LOUIS_WSOC,University of Missouri–St. Louis,Stephen,Cavallo,Head Women's Soccer Coach,stephen.cavallo@umsl.edu,314-516-6291,,https://umsltritons.com/sports/womens-soccer/coaches,"Official athletics staff page, read 2026-10-09",official_university,yes,2026-10-09,
GLVC_UNIVERSITY_OF_MISSOURI_ST_LOUIS_WSOC,University of Missouri–St. Louis,Chris,McGill,Assistant Coach,c.mcgill@umsl.edu,,,https://umsltritons.com/sports/womens-soccer/coaches,"Official athletics staff page, read 2026-10-09",official_university,yes,2026-10-09,
GLVC_UNIVERSITY_OF_MISSOURI_ST_LOUIS_WSOC,University of Missouri–St. Louis,Eric,Walker,Assistant Coach,eric.walker@umsl.edu,,,https://umsltritons.com/sports/womens-soccer/coaches,"Official athletics staff page, read 2026-10-09",official_university,yes,2026-10-09,
GLVC_UNIVERSITY_OF_MISSOURI_ST_LOUIS_WSOC,University of Missouri–St. Louis,Eylesa,Kellam,Assistant Coach,e.kellam@umsl.edu,,,https://umsltritons.com/sports/womens-soccer/coaches,"Official athletics staff page, read 2026-10-09",official_university,yes,2026-10-09,
GLVC_UNIVERSITY_OF_MISSOURI_ST_LOUIS_WSOC,University of Missouri–St. Louis,Rylee,Griffith,Assistant Coach,,,,https://umsltritons.com/sports/womens-soccer/coaches,"Official athletics staff page, read 2026-10-09",official_university,yes,2026-10-09,
GLVC_UPPER_IOWA_UNIVERSITY_WSOC,Upper Iowa University,Patrick,Ritter,Head Women's Soccer Coach,ritterp@uiu.edu,,,https://uiupeacocks.com/sports/womens-soccer/coaches,"Official athletics staff page, read 2026-10-09",official_university,yes,2026-10-09,
GLVC_UPPER_IOWA_UNIVERSITY_WSOC,Upper Iowa University,Bradi,Grabanski,Women's Soccer Assistant Coach,grabanskib34@uiu.edu,,,https://uiupeacocks.com/sports/womens-soccer/coaches,"Official athletics staff page, read 2026-10-09",official_university,yes,2026-10-09,
GLVC_WILLIAM_JEWELL_COLLEGE_WSOC,William Jewell College,Thomas,Bledsoe,Head Women's Soccer Coach,bledsoet@william.jewell.edu,816-415-5986,,https://jewellcardinals.com/sports/womens-soccer/coaches,"Official athletics staff page, read 2026-10-09",official_university,yes,2026-10-09,
GLVC_WILLIAM_JEWELL_COLLEGE_WSOC,William Jewell College,Naguib,Nassir,Assistant Women's Soccer Coach,nassirn@william.jewell.edu,816-415-5986,,https://jewellcardinals.com/sports/womens-soccer/coaches,"Official athletics staff page, read 2026-10-09",official_university,yes,2026-10-09,
GLVC_WILLIAM_JEWELL_COLLEGE_WSOC,William Jewell College,Aimee,Nunez,Assistant Women's Soccer Coach,,,,https://jewellcardinals.com/sports/womens-soccer/coaches,"Official athletics staff page, read 2026-10-09",official_university,yes,2026-10-09,
GMAC_CEDARVILLE_UNIVERSITY_WSOC,Cedarville University,Jonathan,Meade,Head Coach,jonathanmeade@cedarville.edu,937-766-7867,,https://yellowjackets.cedarville.edu/sports/womens-soccer/coaches,"Official athletics staff page, read 2026-10-09",official_university,yes,2026-10-09,
GMAC_CEDARVILLE_UNIVERSITY_WSOC,Cedarville University,Savannah,Wallace,Assistant Coach,savannahwallace@cedarville.edu,937-766-6531,,https://yellowjackets.cedarville.edu/sports/womens-soccer/coaches,"Official athletics staff page, read 2026-10-09",official_university,yes,2026-10-09,
GMAC_CEDARVILLE_UNIVERSITY_WSOC,Cedarville University,Dr. Kevin,Roper,Assistant Coach - Goalkeepers,roperk@cedarville.edu,937-766-4115,,https://yellowjackets.cedarville.edu/sports/womens-soccer/coaches,"Official athletics staff page, read 2026-10-09",official_university,yes,2026-10-09,
GMAC_KENTUCKY_WESLEYAN_COLLEGE_WSOC,Kentucky Wesleyan College,Ty,Stauffer,Head Women's Soccer Coach,tyler.stauffer@kwc.edu,,,https://kwcpanthers.com/sports/womens-soccer/coaches,"Official athletics staff page, read 2026-10-09",official_university,yes,2026-10-09,
GMAC_KENTUCKY_WESLEYAN_COLLEGE_WSOC,Kentucky Wesleyan College,Kristen,Hart,Assistant Women's Soccer Coach,kristen.hart@kwc.edu,,,https://kwcpanthers.com/sports/womens-soccer/coaches,"Official athletics staff page, read 2026-10-09",official_university,yes,2026-10-09,
GMAC_KENTUCKY_WESLEYAN_COLLEGE_WSOC,Kentucky Wesleyan College,Annie,Stauffer,Assistant Women's Soccer Coach,anne.stauffer@kwc.edu,,,https://kwcpanthers.com/sports/womens-soccer/coaches,"Official athletics staff page, read 2026-10-09",official_university,yes,2026-10-09,
GMAC_LAKE_ERIE_COLLEGE_WSOC,Lake Erie College,Carl,Contrascier,Head Coach,ccontrascier@lec.edu,,,https://lakeeriestorm.com/sports/womens-soccer/coaches,"Official athletics staff page, read 2026-10-09",official_university,yes,2026-10-09,
GMAC_LAKE_ERIE_COLLEGE_WSOC,Lake Erie College,Robert,Miller,Assistant Coach,rmiller@lec.edu,,,https://lakeeriestorm.com/sports/womens-soccer/coaches,"Official athletics staff page, read 2026-10-09",official_university,yes,2026-10-09,
GMAC_LAKE_ERIE_COLLEGE_WSOC,Lake Erie College,Marissa,Ramirez,Assistant Women's Soccer Coach - Goalies,maramirez@lec.edu,,,https://lakeeriestorm.com/sports/womens-soccer/coaches,"Official athletics staff page, read 2026-10-09",official_university,yes,2026-10-09,
GMAC_LAKE_ERIE_COLLEGE_WSOC,Lake Erie College,Jason,LaVacca,Assistant Coach,,,,https://lakeeriestorm.com/sports/womens-soccer/coaches,"Official athletics staff page, read 2026-10-09",official_university,yes,2026-10-09,
GMAC_LAKE_ERIE_COLLEGE_WSOC,Lake Erie College,Wycliffe,Odhiambo,Volunteer Assistant Women's Soccer Coach,,,,https://lakeeriestorm.com/sports/womens-soccer/coaches,"Official athletics staff page, read 2026-10-09",official_university,yes,2026-10-09,
GMAC_MALONE_UNIVERSITY_WSOC,Malone University,Bailey,Shattell,Head Coach,bshattell@malone.edu,330-471-8597,,https://malonepioneers.com/sports/womens-soccer/coaches,"Official athletics staff page, read 2026-10-09",official_university,yes,2026-10-09,
GMAC_OHIO_DOMINICAN_UNIVERSITY_WSOC,Ohio Dominican University,Tony,Daniels,Head Coach,danielst3@ohiodominican.edu,,,https://ohiodominicanpanthers.com/sports/womens-soccer/coaches,"Official athletics staff page, read 2026-10-09",official_university,yes,2026-10-09,
GMAC_OHIO_DOMINICAN_UNIVERSITY_WSOC,Ohio Dominican University,Nick,Hills,Assistant Coach,hillsn@ohiodominican.edu,614-338-5705,,https://ohiodominicanpanthers.com/sports/womens-soccer/coaches,"Official athletics staff page, read 2026-10-09",official_university,yes,2026-10-09,
GMAC_THOMAS_MORE_UNIVERSITY_WSOC,Thomas More University,Marquis,Walker,Head Coach,walkerm@thomasmore.edu,(859) 344-3338,,https://thomasmoresaints.com/sports/womens-soccer/coaches,"Official athletics staff page, read 2026-10-09",official_university,yes,2026-10-09,
GMAC_THOMAS_MORE_UNIVERSITY_WSOC,Thomas More University,Stephen,Farrell,Assistant Coach,farrels@thomasmore.edu,(859) 344-3338,,https://thomasmoresaints.com/sports/womens-soccer/coaches,"Official athletics staff page, read 2026-10-09",official_university,yes,2026-10-09,
GMAC_THOMAS_MORE_UNIVERSITY_WSOC,Thomas More University,Jeff,Dozier,Assistant Coach / Head Development Team Coach,,,,https://thomasmoresaints.com/sports/womens-soccer/coaches,"Official athletics staff page, read 2026-10-09",official_university,yes,2026-10-09,
GMAC_TIFFIN_UNIVERSITY_WSOC,Tiffin University,Rudy,Brownell,Director of Soccer Operations,rbrownel@tiffin.edu,419.448.3286,,https://gotiffindragons.com/sports/womens-soccer/coaches,"Official athletics staff page, read 2026-10-09",official_university,yes,2026-10-09,
GMAC_TIFFIN_UNIVERSITY_WSOC,Tiffin University,Eric,Haecker,Assistant Coach,haeckere@tiffin.edu,440.728.0928,,https://gotiffindragons.com/sports/womens-soccer/coaches,"Official athletics staff page, read 2026-10-09",official_university,yes,2026-10-09,
GMAC_TIFFIN_UNIVERSITY_WSOC,Tiffin University,Julie,Derenemesnil,Graduate Assistant Coach,derenemesniljsga@tiffin.edu,,,https://gotiffindragons.com/sports/womens-soccer/coaches,"Official athletics staff page, read 2026-10-09",official_university,yes,2026-10-09,
GMAC_TIFFIN_UNIVERSITY_WSOC,Tiffin University,Kii,Marks,Graduate Assistant Coach,markscsga@tiffin.edu,,,https://gotiffindragons.com/sports/womens-soccer/coaches,"Official athletics staff page, read 2026-10-09",official_university,yes,2026-10-09,
GMAC_UNIVERSITY_OF_FINDLAY_WSOC,University of Findlay,Sierra,Tom,Head Coach,perrys1@findlay.edu,419-434-4071,,https://findlayoilers.com/sports/womens-soccer/coaches,"Official athletics staff page, read 2026-10-09",official_university,yes,2026-10-09,
GMAC_UNIVERSITY_OF_FINDLAY_WSOC,University of Findlay,Isaac,Sanders,Assistant Coach,isaac.sanders@findlay.edu,419-434-5672,,https://findlayoilers.com/sports/womens-soccer/coaches,"Official athletics staff page, read 2026-10-09",official_university,yes,2026-10-09,
GMAC_UNIVERSITY_OF_FINDLAY_WSOC,University of Findlay,Kennedy,Slovak,Goalkeepers Coach,,,,https://findlayoilers.com/sports/womens-soccer/coaches,"Official athletics staff page, read 2026-10-09",official_university,yes,2026-10-09,
GMAC_UNIVERSITY_OF_FINDLAY_WSOC,University of Findlay,Ava,Barton,Student Assistant Coach,,,,https://findlayoilers.com/sports/womens-soccer/coaches,"Official athletics staff page, read 2026-10-09",official_university,yes,2026-10-09,
GMAC_URSULINE_COLLEGE_WSOC,Ursuline College,Jason,Kubbins,Head Soccer Coach,jkubbins@gannon.edu,440-684-6095,,https://ursulinearrows.com/sports/womens-soccer/coaches,"Official athletics staff page, read 2026-10-09",official_university,yes,2026-10-09,
GMAC_URSULINE_COLLEGE_WSOC,Ursuline College,Sheridyn,Woofter,Assistant Soccer Coach,sheridyn.woofter@gannon.edu,,,https://ursulinearrows.com/sports/womens-soccer/coaches,"Official athletics staff page, read 2026-10-09",official_university,yes,2026-10-09,
GMAC_WALSH_UNIVERSITY_WSOC,Walsh University,Hannah,Brown,Head Women's Soccer Coach,hbrown@walsh.edu,330.490.7127,,https://athletics.walsh.edu/sports/womens-soccer/coaches,"Official athletics staff page, read 2026-10-09",official_university,yes,2026-10-09,
GMAC_WALSH_UNIVERSITY_WSOC,Walsh University,Ally,Stein,Assistant Coach,astein@walsh.edu,,,https://athletics.walsh.edu/sports/womens-soccer/coaches,"Official athletics staff page, read 2026-10-09",official_university,yes,2026-10-09,
GMAC_WALSH_UNIVERSITY_WSOC,Walsh University,Lauren,Lindesmith,Assistant Coach,,,,https://athletics.walsh.edu/sports/womens-soccer/coaches,"Official athletics staff page, read 2026-10-09",official_university,yes,2026-10-09,
GMAC_WALSH_UNIVERSITY_WSOC,Walsh University,Haleigh,Dendinger,Assistant Coach,,,,https://athletics.walsh.edu/sports/womens-soccer/coaches,"Official athletics staff page, read 2026-10-09",official_university,yes,2026-10-09,
GNAC_CENTRAL_WASHINGTON_UNIVERSITY_WSOC,Central Washington University,John,Hawks,Head Women's Soccer Coach,john.hawks@cwu.edu,509-963-2021,,https://wildcatsports.com/sports/womens-soccer/coaches,"Official athletics staff page, read 2026-10-09",official_university,yes,2026-10-09,
GNAC_CENTRAL_WASHINGTON_UNIVERSITY_WSOC,Central Washington University,Hailey,Still,Assistant Coach,hailey.still@cwu.edu,,,https://wildcatsports.com/sports/womens-soccer/coaches,"Official athletics staff page, read 2026-10-09",official_university,yes,2026-10-09,
GNAC_MONTANA_STATE_UNIVERSITY_BILLINGS_WSOC,Montana State University Billings,Abiye,Jack,Head Women's Soccer Coach,abiye.jack@msubillings.edu,406-896-5912,,https://msubsports.com/sports/womens-soccer/coaches,"Official athletics staff page, read 2026-10-09",official_university,yes,2026-10-09,
GNAC_NORTHWEST_NAZARENE_UNIVERSITY_WSOC,Northwest Nazarene University,Jenny,Jaggard,Head Coach,jjaggard@nnu.edu,208-467-8862,,https://nnusports.com/sports/womens-soccer/coaches,"Official athletics staff page, read 2026-10-09",official_university,yes,2026-10-09,
GNAC_NORTHWEST_NAZARENE_UNIVERSITY_WSOC,Northwest Nazarene University,Mitchell,Littleton,Assistant Coach,mlittleton@nnu.edu,,,https://nnusports.com/sports/womens-soccer/coaches,"Official athletics staff page, read 2026-10-09",official_university,yes,2026-10-09,
GNAC_NORTHWEST_NAZARENE_UNIVERSITY_WSOC,Northwest Nazarene University,Josie,Brence,Volunteer Assistant Coach,,,,https://nnusports.com/sports/womens-soccer/coaches,"Official athletics staff page, read 2026-10-09",official_university,yes,2026-10-09,
GNAC_SAINT_MARTIN_S_UNIVERSITY_WSOC,Saint Martin's University,Scott,Ford,Head Women's Soccer Coach,sford@stmartin.edu,253-335-6298,,https://smusaints.com/sports/womens-soccer/coaches,"Official athletics staff page, read 2026-10-09",official_university,yes,2026-10-09,
GNAC_SAINT_MARTIN_S_UNIVERSITY_WSOC,Saint Martin's University,Lisa,Ryan,Associate Head Women's Soccer Coach,,,,https://smusaints.com/sports/womens-soccer/coaches,"Official athletics staff page, read 2026-10-09",official_university,yes,2026-10-09,
GNAC_SEATTLE_PACIFIC_UNIVERSITY_WSOC,Seattle Pacific University,Arby,Busey,Women's Soccer Head Coach,buseyr@spu.edu,(206) 281-2865,,https://spufalcons.com/sports/womens-soccer/coaches,"Official athletics staff page, read 2026-10-09",official_university,yes,2026-10-09,
GNAC_SEATTLE_PACIFIC_UNIVERSITY_WSOC,Seattle Pacific University,Sydney,Pluhacek,Women's Soccer Assistant Coach,pluhaceks@spu.edu,,,https://spufalcons.com/sports/womens-soccer/coaches,"Official athletics staff page, read 2026-10-09",official_university,yes,2026-10-09,
GNAC_SEATTLE_PACIFIC_UNIVERSITY_WSOC,Seattle Pacific University,Scott,Newman,Women's Soccer Assistant Coach,,,,https://spufalcons.com/sports/womens-soccer/coaches,"Official athletics staff page, read 2026-10-09",official_university,yes,2026-10-09,
GNAC_SEATTLE_PACIFIC_UNIVERSITY_WSOC,Seattle Pacific University,Jocelyn,Charette,Women's Soccer Assistant Coach,,,,https://spufalcons.com/sports/womens-soccer/coaches,"Official athletics staff page, read 2026-10-09",official_university,yes,2026-10-09,
GNAC_SIMON_FRASER_UNIVERSITY_WSOC,Simon Fraser University,Carlo,Basso,Head Coach,,778-782-9766,,https://athletics.sfu.ca/sports/womens-soccer/coaches,"Official athletics staff page, read 2026-10-09",official_university,yes,2026-10-09,
GNAC_SIMON_FRASER_UNIVERSITY_WSOC,Simon Fraser University,Brianna,Morden,Assistant Coach,,,,https://athletics.sfu.ca/sports/womens-soccer/coaches,"Official athletics staff page, read 2026-10-09",official_university,yes,2026-10-09,
GNAC_SIMON_FRASER_UNIVERSITY_WSOC,Simon Fraser University,Jenna-lee,Baxter,Assistant Coach,,,,https://athletics.sfu.ca/sports/womens-soccer/coaches,"Official athletics staff page, read 2026-10-09",official_university,yes,2026-10-09,
GNAC_SIMON_FRASER_UNIVERSITY_WSOC,Simon Fraser University,Tyler,Baldock,Assistant Coach,,,,https://athletics.sfu.ca/sports/womens-soccer/coaches,"Official athletics staff page, read 2026-10-09",official_university,yes,2026-10-09,
GNAC_SIMON_FRASER_UNIVERSITY_WSOC,Simon Fraser University,Nazzareno,Russo,Assistant Coach,,,,https://athletics.sfu.ca/sports/womens-soccer/coaches,"Official athletics staff page, read 2026-10-09",official_university,yes,2026-10-09,
GNAC_WESTERN_WASHINGTON_UNIVERSITY_WSOC,Western Washington University,Travis,Connell,Head Coach,travis.connell@wwu.edu,493 650-3493,,https://wwuvikings.com/sports/womens-soccer/coaches,"Official athletics staff page, read 2026-10-09",official_university,yes,2026-10-09,
GNAC_WESTERN_WASHINGTON_UNIVERSITY_WSOC,Western Washington University,Jamie,Arthurs,Assistant Coach,jamie.arthurs@wwu.edu,972 650-7972,,https://wwuvikings.com/sports/womens-soccer/coaches,"Official athletics staff page, read 2026-10-09",official_university,yes,2026-10-09,
GNAC_WESTERN_WASHINGTON_UNIVERSITY_WSOC,Western Washington University,Johann,Lahud-Zahner,Assistant Coach,,,,https://wwuvikings.com/sports/womens-soccer/coaches,"Official athletics staff page, read 2026-10-09",official_university,yes,2026-10-09,
GNAC_WESTERN_WASHINGTON_UNIVERSITY_WSOC,Western Washington University,Konner,Vanrijswijck,Assistant Coach,,,,https://wwuvikings.com/sports/womens-soccer/coaches,"Official athletics staff page, read 2026-10-09",official_university,yes,2026-10-09,
GNAC_WESTERN_WASHINGTON_UNIVERSITY_WSOC,Western Washington University,Alex,Nelson,Assistant Coach,,,,https://wwuvikings.com/sports/womens-soccer/coaches,"Official athletics staff page, read 2026-10-09",official_university,yes,2026-10-09,
GSC_AUBURN_UNIVERSITY_AT_MONTGOMERY_WSOC,Auburn University at Montgomery,John,Robertson,Women's Soccer Head Coach,john.robertson@aum.edu,334-244-3141,,https://aumathletics.com/sports/womens-soccer/coaches,"Official athletics staff page, read 2026-10-09",official_university,yes,2026-10-09,
GSC_AUBURN_UNIVERSITY_AT_MONTGOMERY_WSOC,Auburn University at Montgomery,Alex,Bridges,Women's Soccer Assistant Coach,alex.bridges@aum.edu,,,https://aumathletics.com/sports/womens-soccer/coaches,"Official athletics staff page, read 2026-10-09",official_university,yes,2026-10-09,
GSC_CHRISTIAN_BROTHERS_UNIVERSITY_WSOC,Christian Brothers University,Christopher B.,Tadley,Head Women's Soccer Coach,ctadley@cbu.edu,856-313-9025,,https://cbubucs.com/sports/womens-soccer/coaches,"Official athletics staff page, read 2026-10-09",official_university,yes,2026-10-09,
GSC_CHRISTIAN_BROTHERS_UNIVERSITY_WSOC,Christian Brothers University,Lia,Haggstrom,Graduate Assistant Coach for Women's Soccer,lhaeggst@cbu.edu,,,https://cbubucs.com/sports/womens-soccer/coaches,"Official athletics staff page, read 2026-10-09",official_university,yes,2026-10-09,
GSC_CHRISTIAN_BROTHERS_UNIVERSITY_WSOC,Christian Brothers University,Savanna,Mondesir-Singh,Graduate Assistant Women's Soccer Coach,smondesi@cbu.edu,,,https://cbubucs.com/sports/womens-soccer/coaches,"Official athletics staff page, read 2026-10-09",official_university,yes,2026-10-09,
GSC_LEE_UNIVERSITY_WSOC,Lee University,Lee,Hughes,Women's Soccer Head Coach,lhughes@leeuniversity.edu,(423) 614-8444,,https://leeuflames.com/sports/womens-soccer/coaches,"Official athletics staff page, read 2026-10-09",official_university,yes,2026-10-09,
GSC_LEE_UNIVERSITY_WSOC,Lee University,Tom,Halsall,Women's Soccer Assistant Coach,thalsall@leeuniversity.edu,(423) 614-8444,,https://leeuflames.com/sports/womens-soccer/coaches,"Official athletics staff page, read 2026-10-09",official_university,yes,2026-10-09,
GSC_LEE_UNIVERSITY_WSOC,Lee University,Katie,Phillips,Women's Soccer Assistant Coach,,,,https://leeuflames.com/sports/womens-soccer/coaches,"Official athletics staff page, read 2026-10-09",official_university,yes,2026-10-09,
GSC_MISSISSIPPI_CHRISTIAN_UNIVERSITY_WSOC,Mississippi Christian University,Darryl,Longabaugh,Head Coach / Women's Soccer,longabau@mc.edu,601.925.3892,,https://www.gochoctaws.com/sports/womens-soccer/coaches,"Official athletics staff page, read 2026-10-09",official_university,yes,2026-10-09,
GSC_MISSISSIPPI_CHRISTIAN_UNIVERSITY_WSOC,Mississippi Christian University,Adam,Johnson,Associate Head Coach / Women's Soccer,agjohnson@mc.edu,601.925.7640,,https://www.gochoctaws.com/sports/womens-soccer/coaches,"Official athletics staff page, read 2026-10-09",official_university,yes,2026-10-09,
GSC_SPRING_HILL_COLLEGE_WSOC,Spring Hill College,Alejo,Binaghi,Head Coach Women's Soccer,abinaghi@shc.edu,,,https://shcbadgers.com/sports/womens-soccer/coaches,"Official athletics staff page, read 2026-10-09",official_university,yes,2026-10-09,
GSC_SPRING_HILL_COLLEGE_WSOC,Spring Hill College,Sam,Blackburn,Assistant Coach Women's Soccer,sblackburn@shc.edu,228-217-7529,,https://shcbadgers.com/sports/womens-soccer/coaches,"Official athletics staff page, read 2026-10-09",official_university,yes,2026-10-09,
GSC_SPRING_HILL_COLLEGE_WSOC,Spring Hill College,Guilherme,Altoe,Volunteer Assistant Coach - Goalkeepers,,,,https://shcbadgers.com/sports/womens-soccer/coaches,"Official athletics staff page, read 2026-10-09",official_university,yes,2026-10-09,
GSC_TREVECCA_NAZARENE_UNIVERSITY_WSOC,Trevecca Nazarene University,Matheus,Mello,Head Coach,mtellesdearaujomello@trevecca.edu,615-248-1469,,https://tnutrojans.com/sports/womens-soccer/coaches,"Official athletics staff page, read 2026-10-09",official_university,yes,2026-10-09,
GSC_TREVECCA_NAZARENE_UNIVERSITY_WSOC,Trevecca Nazarene University,Arthur,Hill,Assistant Coach,ahill5@trevecca.edu,,,https://tnutrojans.com/sports/womens-soccer/coaches,"Official athletics staff page, read 2026-10-09",official_university,yes,2026-10-09,
GSC_TREVECCA_NAZARENE_UNIVERSITY_WSOC,Trevecca Nazarene University,Hayden,Schmitt,Assistant Coach / Director of Operations,hecollins@trevecca.edu,,,https://tnutrojans.com/sports/womens-soccer/coaches,"Official athletics staff page, read 2026-10-09",official_university,yes,2026-10-09,
GSC_UNION_UNIVERSITY_WSOC,Union University,Josh,Alford,Head Coach,jalford@uu.edu,731-661-6590,,https://uuathletics.com/sports/womens-soccer/coaches,"Official athletics staff page, read 2026-10-09",official_university,yes,2026-10-09,
GSC_UNION_UNIVERSITY_WSOC,Union University,Mercedes,Fargarson,Assistant Coach/Recruiting Coordinator,mfargarson@uu.edu,731-661-5912,,https://uuathletics.com/sports/womens-soccer/coaches,"Official athletics staff page, read 2026-10-09",official_university,yes,2026-10-09,
GSC_UNION_UNIVERSITY_WSOC,Union University,Chris,Baker,Assistant Coach/Goalkeeper Coach,,,,https://uuathletics.com/sports/womens-soccer/coaches,"Official athletics staff page, read 2026-10-09",official_university,yes,2026-10-09,
GSC_UNIVERSITY_OF_MONTEVALLO_WSOC,University of Montevallo,Trey,Gregory,Head Coach,wgregory@montevallo.edu,,,https://montevallofalcons.com/sports/womens-soccer/coaches,"Official athletics staff page, read 2026-10-09",official_university,yes,2026-10-09,
GSC_UNIVERSITY_OF_MONTEVALLO_WSOC,University of Montevallo,Thomas,Olson,Assistant Coach,tolson1@montevallo.edu,,,https://montevallofalcons.com/sports/womens-soccer/coaches,"Official athletics staff page, read 2026-10-09",official_university,yes,2026-10-09,
GSC_UNIVERSITY_OF_WEST_ALABAMA_WSOC,University of West Alabama,Sam,Wilson,Head Women's Soccer Coach,swilson@uwa.edu,205-652-5460,,https://uwaathletics.com/sports/womens-soccer/coaches,"Official athletics staff page, read 2026-10-09",official_university,yes,2026-10-09,
GSC_UNIVERSITY_OF_WEST_ALABAMA_WSOC,University of West Alabama,Darius,Rashid,Assistant Coach,drashid@uwa.edu,,,https://uwaathletics.com/sports/womens-soccer/coaches,"Official athletics staff page, read 2026-10-09",official_university,yes,2026-10-09,
GSC_VALDOSTA_STATE_UNIVERSITY_WSOC,Valdosta State University,Stephen,Andrew,Head Women's Soccer Coach,sandrew@valdosta.edu,(229) 219-3290,,https://vstateblazers.com/sports/womens-soccer/coaches,"Official athletics staff page, read 2026-10-09",official_university,yes,2026-10-09,
IND_ALLEN_UNIVERSITY_WSOC,Allen University,Rueben,Rivas,Head Women's Soccer Coach/Athletics Operations Coordinator,rrivas@allenuniversity.edu,,,https://auyellowjackets.com/sports/womens-soccer/coaches,"Official athletics staff page, read 2026-10-09",official_university,yes,2026-10-09,
IND_ALLEN_UNIVERSITY_WSOC,Allen University,James,Jordan,Assistant Women's Soccer Coach,jjordaniii@allenuniversity.edu,,,https://auyellowjackets.com/sports/womens-soccer/coaches,"Official athletics staff page, read 2026-10-09",official_university,yes,2026-10-09,
IND_VIRGINIA_STATE_UNIVERSITY_WSOC,Virginia State University,Frasier,"Brickhouse, III",Head Women's Soccer Coach,fbrickhouse@vsu.edu,,,https://govsutrojans.com/sports/womens-soccer/coaches,"Official athletics staff page, read 2026-10-09",official_university,yes,2026-10-09,
IND_VIRGINIA_STATE_UNIVERSITY_WSOC,Virginia State University,Chip,Amen,Assistant Women's Soccer Coach,,,,https://govsutrojans.com/sports/womens-soccer/coaches,"Official athletics staff page, read 2026-10-09",official_university,yes,2026-10-09,
IND_VIRGINIA_STATE_UNIVERSITY_WSOC,Virginia State University,Danica,Carter,Assistant Women's Soccer Coach,,,,https://govsutrojans.com/sports/womens-soccer/coaches,"Official athletics staff page, read 2026-10-09",official_university,yes,2026-10-09,
LSC_ANGELO_STATE_UNIVERSITY_WSOC,Angelo State University,Mike,Erwin,Head Women's Soccer Coach,mike.erwin@angelo.edu,325-486-6060,,https://angelosports.com/sports/womens-soccer/coaches,"Official athletics staff page, read 2026-10-09",official_university,yes,2026-10-09,
LSC_ANGELO_STATE_UNIVERSITY_WSOC,Angelo State University,Isabel,Robben,Graduate Assistant | Goalkeeper Coach,irobben@angelo.edu,,,https://angelosports.com/sports/womens-soccer/coaches,"Official athletics staff page, read 2026-10-09",official_university,yes,2026-10-09,
LSC_LUBBOCK_CHRISTIAN_UNIVERSITY_WSOC,Lubbock Christian University,Alistair,Caldwell,Head Coach,alistair.caldwell@lcu.edu,,,https://lcuchaps.com/sports/womens-soccer/coaches,"Official athletics staff page, read 2026-10-09",official_university,yes,2026-10-09,
LSC_LUBBOCK_CHRISTIAN_UNIVERSITY_WSOC,Lubbock Christian University,Houston,Fralick,Assistant Coach,houston.fralick@lcu.edu,,,https://lcuchaps.com/sports/womens-soccer/coaches,"Official athletics staff page, read 2026-10-09",official_university,yes,2026-10-09,
LSC_LUBBOCK_CHRISTIAN_UNIVERSITY_WSOC,Lubbock Christian University,Joao,Souza,Goalkeeper Coach,,,,https://lcuchaps.com/sports/womens-soccer/coaches,"Official athletics staff page, read 2026-10-09",official_university,yes,2026-10-09,
LSC_MIDWESTERN_STATE_UNIVERSITY_WSOC,Midwestern State University,Ryan,Spence,Head Women's Soccer Coach,ryan.spence@msutexas.edu,258 397-6258,,https://msumustangs.com/sports/womens-soccer/coaches,"Official athletics staff page, read 2026-10-09",official_university,yes,2026-10-09,
LSC_MIDWESTERN_STATE_UNIVERSITY_WSOC,Midwestern State University,Len,Smith,Associate Head Women's Soccer Coach,leonard.smith@msutexas.edu,258 397-6258,,https://msumustangs.com/sports/womens-soccer/coaches,"Official athletics staff page, read 2026-10-09",official_university,yes,2026-10-09,
LSC_MIDWESTERN_STATE_UNIVERSITY_WSOC,Midwestern State University,Kyle,Redding,Assistant Women's Soccer Coach,,,,https://msumustangs.com/sports/womens-soccer/coaches,"Official athletics staff page, read 2026-10-09",official_university,yes,2026-10-09,
LSC_MIDWESTERN_STATE_UNIVERSITY_WSOC,Midwestern State University,Liam,Pritchard,Graduate Assistant Women's Soccer Coach,,,,https://msumustangs.com/sports/womens-soccer/coaches,"Official athletics staff page, read 2026-10-09",official_university,yes,2026-10-09,
LSC_OKLAHOMA_CHRISTIAN_UNIVERSITY_WSOC,Oklahoma Christian University,Evan,Dresel,Head Coach,evan.dresel@oc.edu,(405) 425-5386,,https://oceagles.com/sports/womens-soccer/coaches,"Official athletics staff page, read 2026-10-09",official_university,yes,2026-10-09,
LSC_OKLAHOMA_CHRISTIAN_UNIVERSITY_WSOC,Oklahoma Christian University,Kyla,Lovelace,Assistant Coach,kyla.lovelace@eagles.oc.edu,,,https://oceagles.com/sports/womens-soccer/coaches,"Official athletics staff page, read 2026-10-09",official_university,yes,2026-10-09,
LSC_ST_EDWARD_S_UNIVERSITY_WSOC,St. Edward's University,Nuno,Gourgel,Head Women's Soccer Coach,ngourgel@stedwards.edu,,,https://gohilltoppers.com/sports/womens-soccer/coaches,"Official athletics staff page, read 2026-10-09",official_university,yes,2026-10-09,
LSC_ST_EDWARD_S_UNIVERSITY_WSOC,St. Edward's University,Kat,Nichols,Assistant Women's Soccer Coach,knichol3@stedwards.edu,,,https://gohilltoppers.com/sports/womens-soccer/coaches,"Official athletics staff page, read 2026-10-09",official_university,yes,2026-10-09,
LSC_ST_EDWARD_S_UNIVERSITY_WSOC,St. Edward's University,Andrew,Counterman,Volunteer Assistant Coach,,,,https://gohilltoppers.com/sports/womens-soccer/coaches,"Official athletics staff page, read 2026-10-09",official_university,yes,2026-10-09,
LSC_ST_EDWARD_S_UNIVERSITY_WSOC,St. Edward's University,Tomas,Lober,Volunteer Assistant Coach,,,,https://gohilltoppers.com/sports/womens-soccer/coaches,"Official athletics staff page, read 2026-10-09",official_university,yes,2026-10-09,
LSC_ST_MARY_S_UNIVERSITY_WSOC,St. Mary's University,Kevin,Driggs,Head Women's Soccer Coach,kdriggs@stmarytx.edu,210-436-3248,,https://rattlerathletics.com/sports/womens-soccer/coaches,"Official athletics staff page, read 2026-10-09",official_university,yes,2026-10-09,
LSC_ST_MARY_S_UNIVERSITY_WSOC,St. Mary's University,Diego,Tapia-Fraites,Assistant Women's Soccer Coach,dtapiafraites@stmarytx.edu,,,https://rattlerathletics.com/sports/womens-soccer/coaches,"Official athletics staff page, read 2026-10-09",official_university,yes,2026-10-09,
LSC_ST_MARY_S_UNIVERSITY_WSOC,St. Mary's University,Rebecca,Difronzo,Graduate Assistant Women's Soccer Coach,,,,https://rattlerathletics.com/sports/womens-soccer/coaches,"Official athletics staff page, read 2026-10-09",official_university,yes,2026-10-09,
LSC_SUL_ROSS_STATE_UNIVERSITY_WSOC,Sul Ross State University,John,Dominguez,Head Women's Soccer Coach,john.dominguez@sulross.edu,(432) 837-8673,,https://srlobos.com/sports/womens-soccer/coaches,"Official athletics staff page, read 2026-10-09",official_university,yes,2026-10-09,
LSC_SUL_ROSS_STATE_UNIVERSITY_WSOC,Sul Ross State University,Jesus,Grajeda,Student Assistant / Goalkeeper Coach,jag23lz@sulross.edu,,,https://srlobos.com/sports/womens-soccer/coaches,"Official athletics staff page, read 2026-10-09",official_university,yes,2026-10-09,
LSC_TEXAS_A_AND_M_INTERNATIONAL_UNIVERSITY_WSOC,Texas A&M International University,Jovany,Macias,Head Women's Soccer Coach,jovany.macias@tamiu.edu,956-326-2901,,https://godustdevils.com/sports/womens-soccer/coaches,"Official athletics staff page, read 2026-10-09",official_university,yes,2026-10-09,
LSC_TEXAS_A_AND_M_INTERNATIONAL_UNIVERSITY_WSOC,Texas A&M International University,Carlos,Ordaz,Associate Women's Soccer Coach,carlos.ordaz@tamiu.edu,956-326-3008,,https://godustdevils.com/sports/womens-soccer/coaches,"Official athletics staff page, read 2026-10-09",official_university,yes,2026-10-09,
LSC_TEXAS_A_AND_M_INTERNATIONAL_UNIVERSITY_WSOC,Texas A&M International University,Alex,Buttery,Assistant Coach - Soccer,alex.buttery@tamiu.edu,956-326-3391,,https://godustdevils.com/sports/womens-soccer/coaches,"Official athletics staff page, read 2026-10-09",official_university,yes,2026-10-09,
LSC_TEXAS_WOMAN_S_UNIVERSITY_WSOC,Texas Woman's University,Babak,Abouzar,Head Coach,babouzar@twu.edu,940-898-2379,,https://twuathletics.com/sports/womens-soccer/coaches,"Official athletics staff page, read 2026-10-09",official_university,yes,2026-10-09,
LSC_TEXAS_WOMAN_S_UNIVERSITY_WSOC,Texas Woman's University,Jimmy,Garcia,Coach’s Assistant,jgarcia42@twu.edu,,,https://twuathletics.com/sports/womens-soccer/coaches,"Official athletics staff page, read 2026-10-09",official_university,yes,2026-10-09,
LSC_TEXAS_WOMAN_S_UNIVERSITY_WSOC,Texas Woman's University,Kayla,Wyrsch,Assistant Coach,kwyrsch@twu.edu,,,https://twuathletics.com/sports/womens-soccer/coaches,"Official athletics staff page, read 2026-10-09",official_university,yes,2026-10-09,
LSC_UNIVERSITY_OF_TEXAS_AT_TYLER_WSOC,University of Texas at Tyler,Stefani,Webb,Women's Soccer Head Coach,swebb@uttyler.edu,(903) 565-5980,,https://uttylerpatriots.com/sports/womens-soccer/coaches,"Official athletics staff page, read 2026-10-09",official_university,yes,2026-10-09,
LSC_UNIVERSITY_OF_TEXAS_AT_TYLER_WSOC,University of Texas at Tyler,Connor,Woulahan,Assistant Coach,cwoulahan@uttyler.edu,,,https://uttylerpatriots.com/sports/womens-soccer/coaches,"Official athletics staff page, read 2026-10-09",official_university,yes,2026-10-09,
LSC_UNIVERSITY_OF_TEXAS_AT_TYLER_WSOC,University of Texas at Tyler,Robert,Serra,Goalkeeper Coach,rserra@uttyler.edu,,,https://uttylerpatriots.com/sports/womens-soccer/coaches,"Official athletics staff page, read 2026-10-09",official_university,yes,2026-10-09,
LSC_UNIVERSITY_OF_TEXAS_PERMIAN_BASIN_WSOC,University of Texas Permian Basin,Garrett,Kull,Head Women's Soccer Coach,kull_g@utpb.edu,432-552-2680,,https://utpbfalcons.com/sports/womens-soccer/coaches,"Official athletics staff page, read 2026-10-09",official_university,yes,2026-10-09,
LSC_UNIVERSITY_OF_TEXAS_PERMIAN_BASIN_WSOC,University of Texas Permian Basin,Madison,Harper,Assistant Women's Soccer Coach,harper_m@utpb.edu,,,https://utpbfalcons.com/sports/womens-soccer/coaches,"Official athletics staff page, read 2026-10-09",official_university,yes,2026-10-09,
LSC_WEST_TEXAS_A_AND_M_UNIVERSITY_WSOC,West Texas A&M University,Turk,Ozturk,Head Coach,bozturk@wtamu.edu,806-651-2679,,https://gobuffsgo.com/sports/womens-soccer/coaches,"Official athletics staff page, read 2026-10-09",official_university,yes,2026-10-09,
LSC_WEST_TEXAS_A_AND_M_UNIVERSITY_WSOC,West Texas A&M University,Natasha Pendleton,Flores,Assistant Coach,npendleton@wtamu.edu,,,https://gobuffsgo.com/sports/womens-soccer/coaches,"Official athletics staff page, read 2026-10-09",official_university,yes,2026-10-09,
LSC_WEST_TEXAS_A_AND_M_UNIVERSITY_WSOC,West Texas A&M University,Adjeley,Kpobi,Student Assistant Coach,,,,https://gobuffsgo.com/sports/womens-soccer/coaches,"Official athletics staff page, read 2026-10-09",official_university,yes,2026-10-09,
MIAA_EMPORIA_STATE_UNIVERSITY_WSOC,Emporia State University,Jane,Grimley-Gunn,Head Soccer Coach,jgrimley@emporia.edu,856-341-3124,,https://esuhornets.com/sports/womens-soccer/coaches,"Official athletics staff page, read 2026-10-09",official_university,yes,2026-10-09,
MIAA_EMPORIA_STATE_UNIVERSITY_WSOC,Emporia State University,Josue,Rivas,Assistant Coach,jrivas3@emporia.edu,,,https://esuhornets.com/sports/womens-soccer/coaches,"Official athletics staff page, read 2026-10-09",official_university,yes,2026-10-09,
MIAA_EMPORIA_STATE_UNIVERSITY_WSOC,Emporia State University,George,Gunn,Volunteer Assistant,ggunn@emporia.edu,,,https://esuhornets.com/sports/womens-soccer/coaches,"Official athletics staff page, read 2026-10-09",official_university,yes,2026-10-09,
MIAA_FORT_HAYS_STATE_UNIVERSITY_WSOC,Fort Hays State University,Alex,Hagan,Head Women's Soccer Coach,alhagan@fhsu.edu,(785) 628-5690,,https://fhsuathletics.com/sports/womens-soccer/coaches,"Official athletics staff page, read 2026-10-09",official_university,yes,2026-10-09,
MIAA_FORT_HAYS_STATE_UNIVERSITY_WSOC,Fort Hays State University,Megan,Wiman,Assistant Women's Soccer Coach,,,,https://fhsuathletics.com/sports/womens-soccer/coaches,"Official athletics staff page, read 2026-10-09",official_university,yes,2026-10-09,
MIAA_MISSOURI_SOUTHERN_STATE_UNIVERSITY_WSOC,Missouri Southern State University,Elliot,Chadderton,Head Women's Soccer Coach,chadderton-e@mssu.edu,,,https://mssulions.com/sports/womens-soccer/coaches,"Official athletics staff page, read 2026-10-09",official_university,yes,2026-10-09,
MIAA_MISSOURI_SOUTHERN_STATE_UNIVERSITY_WSOC,Missouri Southern State University,Aidan,Bilbao,Assistant Coach,bilbao-a@mssu.edu,,,https://mssulions.com/sports/womens-soccer/coaches,"Official athletics staff page, read 2026-10-09",official_university,yes,2026-10-09,
MIAA_MISSOURI_SOUTHERN_STATE_UNIVERSITY_WSOC,Missouri Southern State University,Wendy,Louque,Volunteer Assistant Coach,,,,https://mssulions.com/sports/womens-soccer/coaches,"Official athletics staff page, read 2026-10-09",official_university,yes,2026-10-09,
MIAA_MISSOURI_WESTERN_STATE_UNIVERSITY_WSOC,Missouri Western State University,Jacob,Plocher,Head Coach,jplocher@missouriwestern.edu,816-271-5902,,https://gogriffons.com/sports/womens-soccer/coaches,"Official athletics staff page, read 2026-10-09",official_university,yes,2026-10-09,
MIAA_MISSOURI_WESTERN_STATE_UNIVERSITY_WSOC,Missouri Western State University,Bailey,Brennan,Assistant Coach,bbrennan@missouriwestern.edu,,,https://gogriffons.com/sports/womens-soccer/coaches,"Official athletics staff page, read 2026-10-09",official_university,yes,2026-10-09,
MIAA_MISSOURI_WESTERN_STATE_UNIVERSITY_WSOC,Missouri Western State University,Joshua,Pooler,Assistant Coach,jpooler@missouriwestern.edu,,,https://gogriffons.com/sports/womens-soccer/coaches,"Official athletics staff page, read 2026-10-09",official_university,yes,2026-10-09,
MIAA_NEWMAN_UNIVERSITY_WSOC,Newman University,Dylan,Gruntzel,Head Women's Soccer Coach,gruntzeld@newmanu.edu,,,https://newmanjets.com/sports/womens-soccer/coaches,"Official athletics staff page, read 2026-10-09",official_university,yes,2026-10-09,
MIAA_NEWMAN_UNIVERSITY_WSOC,Newman University,CJ,Joseph,Assistant Women's Soccer Coach,josephc@newmanu.edu,,,https://newmanjets.com/sports/womens-soccer/coaches,"Official athletics staff page, read 2026-10-09",official_university,yes,2026-10-09,
MIAA_NEWMAN_UNIVERSITY_WSOC,Newman University,Antonia,Henao,Graduate Assistant Women's Soccer Coach,henaoa@newmanu.edu,,,https://newmanjets.com/sports/womens-soccer/coaches,"Official athletics staff page, read 2026-10-09",official_university,yes,2026-10-09,
MIAA_NORTHEASTERN_STATE_UNIVERSITY_WSOC,Northeastern State University,Chase,Wooten,Head Coach,wooten01@nsuok.edu,918.444.3978,,https://goriverhawksgo.com/sports/womens-soccer/coaches,"Official athletics staff page, read 2026-10-09",official_university,yes,2026-10-09,
MIAA_NORTHWEST_MISSOURI_STATE_UNIVERSITY_WSOC,Northwest Missouri State University,Marc,Gordon,Head Coach,mgordon@nwmissouri.edu,,,https://bearcatsports.com/sports/womens-soccer/coaches,"Official athletics staff page, read 2026-10-09",official_university,yes,2026-10-09,
MIAA_NORTHWEST_MISSOURI_STATE_UNIVERSITY_WSOC,Northwest Missouri State University,Quaid,Curtin,Assistant Coach,qcurtin@nwmissouri.edu,,,https://bearcatsports.com/sports/womens-soccer/coaches,"Official athletics staff page, read 2026-10-09",official_university,yes,2026-10-09,
MIAA_NORTHWEST_MISSOURI_STATE_UNIVERSITY_WSOC,Northwest Missouri State University,Riley,Pfannenstiel,Volunteer Assistant,s567225@nwmissouri.edu,,,https://bearcatsports.com/sports/womens-soccer/coaches,"Official athletics staff page, read 2026-10-09",official_university,yes,2026-10-09,
MIAA_ROGERS_STATE_UNIVERSITY_WSOC,Rogers State University,Alex,Latorre,Head Coach,alatorre@rsu.edu,918-343-7996,,https://rsuhillcats.com/sports/womens-soccer/coaches,"Official athletics staff page, read 2026-10-09",official_university,yes,2026-10-09,
MIAA_ROGERS_STATE_UNIVERSITY_WSOC,Rogers State University,Jordan,Watson,Assistant Coach/Recruiting Coordinator,jwatson@rsu.edu,918-343-7290,,https://rsuhillcats.com/sports/womens-soccer/coaches,"Official athletics staff page, read 2026-10-09",official_university,yes,2026-10-09,
MIAA_UNIVERSITY_OF_CENTRAL_MISSOURI_WSOC,University of Central Missouri,Lewis,Theobald,Head Women's Soccer Coach,theobald@ucmo.edu,660-543-4187,,https://ucmathletics.com/sports/womens-soccer/coaches,"Official athletics staff page, read 2026-10-09",official_university,yes,2026-10-09,
MIAA_UNIVERSITY_OF_CENTRAL_MISSOURI_WSOC,University of Central Missouri,Jen,Goethe,Assistant Coach,goethe@ucmo.edu,660-543-4478,,https://ucmathletics.com/sports/womens-soccer/coaches,"Official athletics staff page, read 2026-10-09",official_university,yes,2026-10-09,
MIAA_UNIVERSITY_OF_CENTRAL_MISSOURI_WSOC,University of Central Missouri,Jason,Pendleton,Volunteer Assistant Soccer Coach,,,,https://ucmathletics.com/sports/womens-soccer/coaches,"Official athletics staff page, read 2026-10-09",official_university,yes,2026-10-09,
MIAA_UNIVERSITY_OF_CENTRAL_OKLAHOMA_WSOC,University of Central Oklahoma,Amel,Muhamedagic,Head Soccer Coach,amuhamedagic@uco.edu,405-974-2134,,https://bronchosports.com/sports/womens-soccer/coaches,"Official athletics staff page, read 2026-10-09",official_university,yes,2026-10-09,
MIAA_UNIVERSITY_OF_CENTRAL_OKLAHOMA_WSOC,University of Central Oklahoma,Bryan,Byars,Assistant Soccer Coach,bbyars2@uco.edu,405-974-2134,,https://bronchosports.com/sports/womens-soccer/coaches,"Official athletics staff page, read 2026-10-09",official_university,yes,2026-10-09,
MIAA_UNIVERSITY_OF_CENTRAL_OKLAHOMA_WSOC,University of Central Oklahoma,Julie,Andersen,Graduate Assistant Soccer Coach,,,,https://bronchosports.com/sports/womens-soccer/coaches,"Official athletics staff page, read 2026-10-09",official_university,yes,2026-10-09,
MIAA_UNIVERSITY_OF_CENTRAL_OKLAHOMA_WSOC,University of Central Oklahoma,Lauren,Piper,Student Assistant Soccer Coach,,,,https://bronchosports.com/sports/womens-soccer/coaches,"Official athletics staff page, read 2026-10-09",official_university,yes,2026-10-09,
MIAA_UNIVERSITY_OF_NEBRASKA_AT_KEARNEY_WSOC,University of Nebraska at Kearney,Rob,Breton,Head Women's Soccer Coach,bretonr@unk.edu,(308) 865-8034,,https://lopers.com/sports/womens-soccer/coaches,"Official athletics staff page, read 2026-10-09",official_university,yes,2026-10-09,
MIAA_UNIVERSITY_OF_NEBRASKA_AT_KEARNEY_WSOC,University of Nebraska at Kearney,Gustavo,Guiterrez,Assistant Coach,gutierrezg@unk.edu,(308) 865-8034,,https://lopers.com/sports/womens-soccer/coaches,"Official athletics staff page, read 2026-10-09",official_university,yes,2026-10-09,
MIAA_UNIVERSITY_OF_NEBRASKA_AT_KEARNEY_WSOC,University of Nebraska at Kearney,Daniel,Jaimes,Volunteer Assistant Coach,jaimesd2@unk.edu,,,https://lopers.com/sports/womens-soccer/coaches,"Official athletics staff page, read 2026-10-09",official_university,yes,2026-10-09,
MIAA_WASHBURN_UNIVERSITY_WSOC,Washburn University,Davy,Phillips,Head Women's Soccer Coach,davy.phillips@washburn.edu,785-670-1756,,https://wusports.com/sports/womens-soccer/coaches,"Official athletics staff page, read 2026-10-09",official_university,yes,2026-10-09,
MIAA_WASHBURN_UNIVERSITY_WSOC,Washburn University,Jessica,Hillebert,Assistant Coach,jessica.hillebert@washburn.edu,785-670-1991,,https://wusports.com/sports/womens-soccer/coaches,"Official athletics staff page, read 2026-10-09",official_university,yes,2026-10-09,
MIAA_WASHBURN_UNIVERSITY_WSOC,Washburn University,Walker,Farrar,Assistant Coach,walker.farrar@washburn.edu,,,https://wusports.com/sports/womens-soccer/coaches,"Official athletics staff page, read 2026-10-09",official_university,yes,2026-10-09,
MEC_CONCORD_UNIVERSITY_WSOC,Concord University,Noah,Rhodes,Head Coach,njrhodes@concord.edu,,,https://cumountainlions.com/sports/womens-soccer/coaches,"Official athletics staff page, read 2026-10-09",official_university,yes,2026-10-09,
MEC_CONCORD_UNIVERSITY_WSOC,Concord University,Jason,Koster,Assistant Coach,,,,https://cumountainlions.com/sports/womens-soccer/coaches,"Official athletics staff page, read 2026-10-09",official_university,yes,2026-10-09,
MEC_DAVIS_AND_ELKINS_COLLEGE_WSOC,Davis & Elkins College,Keenan,Schaeffer,Head Women's Soccer Coach,schaefferk@dewv.edu,304-637-1404,,https://senatornation.com/sports/womens-soccer/coaches,"Official athletics staff page, read 2026-10-09",official_university,yes,2026-10-09,
MEC_DAVIS_AND_ELKINS_COLLEGE_WSOC,Davis & Elkins College,Harley,Kinney,Assistant Women's Soccer Coach,,,,https://senatornation.com/sports/womens-soccer/coaches,"Official athletics staff page, read 2026-10-09",official_university,yes,2026-10-09,
MEC_FAIRMONT_STATE_UNIVERSITY_WSOC,Fairmont State University,Alex,Zaroyan,Head Women's Soccer Coach,azaroyan@fairmontstate.edu,,,https://fightingfalcons.com/sports/womens-soccer/coaches,"Official athletics staff page, read 2026-10-09",official_university,yes,2026-10-09,
MEC_FAIRMONT_STATE_UNIVERSITY_WSOC,Fairmont State University,Emily,Gallagher,Assistant Women's Soccer Coach,emily.gallagher@fairmontstate.edu,,,https://fightingfalcons.com/sports/womens-soccer/coaches,"Official athletics staff page, read 2026-10-09",official_university,yes,2026-10-09,
MEC_FAIRMONT_STATE_UNIVERSITY_WSOC,Fairmont State University,Corinne,Grabow,Assistant Women's Soccer Coach,corinne.grabow@fairmontstate.edu,,,https://fightingfalcons.com/sports/womens-soccer/coaches,"Official athletics staff page, read 2026-10-09",official_university,yes,2026-10-09,
MEC_FROSTBURG_STATE_UNIVERSITY_WSOC,Frostburg State University,Brian,Parker,Head Women's Soccer Coach,bparker@frostburg.edu,(301) 687-4356,,https://frostburgsports.com/sports/womens-soccer/coaches,"Official athletics staff page, read 2026-10-09",official_university,yes,2026-10-09,
MEC_FROSTBURG_STATE_UNIVERSITY_WSOC,Frostburg State University,Bryant,Sheffield,Assistant Women's Soccer Coach,bsheffield@frostburg.edu,,,https://frostburgsports.com/sports/womens-soccer/coaches,"Official athletics staff page, read 2026-10-09",official_university,yes,2026-10-09,
MEC_POINT_PARK_UNIVERSITY_WSOC,Point Park University,Colin,Baker,Head Women's Soccer Coach,colin.baker@pointpark.edu,,,https://pointparksports.com/sports/womens-soccer/coaches,"Official athletics staff page, read 2026-10-09",official_university,yes,2026-10-09,
MEC_POINT_PARK_UNIVERSITY_WSOC,Point Park University,Lauren,Nylund,Assistant Women's Soccer Coach,,,,https://pointparksports.com/sports/womens-soccer/coaches,"Official athletics staff page, read 2026-10-09",official_university,yes,2026-10-09,
MEC_POINT_PARK_UNIVERSITY_WSOC,Point Park University,Kelsey,Salopek,Assistant Women's Soccer Coach,,,,https://pointparksports.com/sports/womens-soccer/coaches,"Official athletics staff page, read 2026-10-09",official_university,yes,2026-10-09,
MEC_POINT_PARK_UNIVERSITY_WSOC,Point Park University,Nick,Colicchie,Assistant Women's Soccer Coach/Goalkeepers,,,,https://pointparksports.com/sports/womens-soccer/coaches,"Official athletics staff page, read 2026-10-09",official_university,yes,2026-10-09,
MEC_SHAWNEE_STATE_UNIVERSITY_WSOC,Shawnee State University,Joe,McCauley,Head Coach,jmccauley@shawnee.edu,,,https://ssubears.com/sports/womens-soccer/coaches,"Official athletics staff page, read 2026-10-09",official_university,yes,2026-10-09,
MEC_SHAWNEE_STATE_UNIVERSITY_WSOC,Shawnee State University,Noah,Nichols,Assistant Coach,nnichols@shawnee.edu,,,https://ssubears.com/sports/womens-soccer/coaches,"Official athletics staff page, read 2026-10-09",official_university,yes,2026-10-09,
MEC_UNIVERSITY_OF_CHARLESTON_WSOC,University of Charleston,Sarah,Leiby-Gill,Head Coach,sarahleiby@ucwv.edu,304-357-4838,,https://ucgoldeneagles.com/sports/womens-soccer/coaches,"Official athletics staff page, read 2026-10-09",official_university,yes,2026-10-09,
MEC_UNIVERSITY_OF_CHARLESTON_WSOC,University of Charleston,Salma,Luevano,Assistant Coach,salmaluevano@ucwv.edu,,,https://ucgoldeneagles.com/sports/womens-soccer/coaches,"Official athletics staff page, read 2026-10-09",official_university,yes,2026-10-09,
MEC_UNIVERSITY_OF_CHARLESTON_WSOC,University of Charleston,Jim,Kirk,Assistant Coach,jameskirk@ucwv.edu,,,https://ucgoldeneagles.com/sports/womens-soccer/coaches,"Official athletics staff page, read 2026-10-09",official_university,yes,2026-10-09,
MEC_UNIVERSITY_OF_CHARLESTON_WSOC,University of Charleston,Eve,Frousiakis,Assistant Coach,evangeliquefrousi@ucwv.edu,,,https://ucgoldeneagles.com/sports/womens-soccer/coaches,"Official athletics staff page, read 2026-10-09",official_university,yes,2026-10-09,
MEC_UNIVERSITY_OF_CHARLESTON_WSOC,University of Charleston,Kate,Duffy,Student Coach,,,,https://ucgoldeneagles.com/sports/womens-soccer/coaches,"Official athletics staff page, read 2026-10-09",official_university,yes,2026-10-09,
MEC_WEST_LIBERTY_UNIVERSITY_WSOC,West Liberty University,Pete,McMenemy,Head Women's Soccer Coach,pmcmenemy@westliberty.edu,304-336-8236,,https://hilltoppersports.com/sports/womens-soccer/coaches,"Official athletics staff page, read 2026-10-09",official_university,yes,2026-10-09,
MEC_WEST_VIRGINIA_STATE_UNIVERSITY_WSOC,West Virginia State University,Jacob,Edwards,Head Coach | Women's Soccer,jacob.edwards@wvstateu.edu,304-766-5119,,https://wvsuyellowjackets.com/sports/womens-soccer/coaches,"Official athletics staff page, read 2026-10-09",official_university,yes,2026-10-09,
MEC_WEST_VIRGINIA_WESLEYAN_COLLEGE_WSOC,West Virginia Wesleyan College,Holden,Talton,Head Coach,talton.h@wvwc.edu,,,https://wesleyanbobcats.com/sports/womens-soccer/coaches,"Official athletics staff page, read 2026-10-09",official_university,yes,2026-10-09,
MEC_WEST_VIRGINIA_WESLEYAN_COLLEGE_WSOC,West Virginia Wesleyan College,Josephine,Mazza,Assistant Coach,mazza.j@wvwc.edu,,,https://wesleyanbobcats.com/sports/womens-soccer/coaches,"Official athletics staff page, read 2026-10-09",official_university,yes,2026-10-09,
MEC_WEST_VIRGINIA_WESLEYAN_COLLEGE_WSOC,West Virginia Wesleyan College,Kennedy,Samargo,Volunteer Assistant Coach,,,,https://wesleyanbobcats.com/sports/womens-soccer/coaches,"Official athletics staff page, read 2026-10-09",official_university,yes,2026-10-09,
MEC_WHEELING_UNIVERSITY_WSOC,Wheeling University,Jaclyn,Ketter,Head Women's Soccer Coach,jketter@wheeling.edu,304-222-2240,,https://wucardinals.com/sports/womens-soccer/coaches,"Official athletics staff page, read 2026-10-09",official_university,yes,2026-10-09,
MEC_WHEELING_UNIVERSITY_WSOC,Wheeling University,Scott,Dutton,Volunteer Assistant Women's Soccer Coach,,,,https://wucardinals.com/sports/womens-soccer/coaches,"Official athletics staff page, read 2026-10-09",official_university,yes,2026-10-09,
MEC_WHEELING_UNIVERSITY_WSOC,Wheeling University,Ana,Santos,Graduate Assistant Women's Soccer Coach,asantos330@cardinal.wheeling.edu,,,https://wucardinals.com/sports/womens-soccer/coaches,"Official athletics staff page, read 2026-10-09",official_university,yes,2026-10-09,
NEC_ADELPHI_UNIVERSITY_WSOC,Adelphi University,Brooke,DeRosa,Head Coach/Assistant Athletic Director,bderosa@adelphi.edu,(516) 877-4307,,https://aupanthers.com/sports/womens-soccer/coaches,"Official athletics staff page, read 2026-10-09",official_university,yes,2026-10-09,
NEC_ADELPHI_UNIVERSITY_WSOC,Adelphi University,Paul,Yarde,Assistant Coach,,(516) 877-4307,,https://aupanthers.com/sports/womens-soccer/coaches,"Official athletics staff page, read 2026-10-09",official_university,yes,2026-10-09,
NEC_ADELPHI_UNIVERSITY_WSOC,Adelphi University,Will,Frohnhoefer,Assistant Coach,wfrohnhoefer@adelphi.edu,(516) 877-4307,,https://aupanthers.com/sports/womens-soccer/coaches,"Official athletics staff page, read 2026-10-09",official_university,yes,2026-10-09,
NEC_ADELPHI_UNIVERSITY_WSOC,Adelphi University,Miquel Gasparin,Ferrando,Assistant Coach,mgasparinferrando@adelphi.edu,(516) 877-4307,,https://aupanthers.com/sports/womens-soccer/coaches,"Official athletics staff page, read 2026-10-09",official_university,yes,2026-10-09,
NEC_ADELPHI_UNIVERSITY_WSOC,Adelphi University,Sebastian,Zieba,Recruitment Coordinator/Assistant Coach,szieba@adelphi.edu,(516) 877-4307,,https://aupanthers.com/sports/womens-soccer/coaches,"Official athletics staff page, read 2026-10-09",official_university,yes,2026-10-09,
NEC_AMERICAN_INTERNATIONAL_COLLEGE_WSOC,American International College,Sam,Mitchell,Head Women's Soccer Coach,sam.mitchell@aic.edu,(413) 205-3975,,https://aicyellowjackets.com/sports/womens-soccer/coaches,"Official athletics staff page, read 2026-10-09",official_university,yes,2026-10-09,
NEC_AMERICAN_INTERNATIONAL_COLLEGE_WSOC,American International College,Bella,Mendoza,Assistant Women's Soccer Coach,isabella.mendoza@aic.edu,,,https://aicyellowjackets.com/sports/womens-soccer/coaches,"Official athletics staff page, read 2026-10-09",official_university,yes,2026-10-09,
NEC_AMERICAN_INTERNATIONAL_COLLEGE_WSOC,American International College,Nina,Cuccovia,Assistant Women's Soccer Coach,nina.cuccovia@aic.edu,,,https://aicyellowjackets.com/sports/womens-soccer/coaches,"Official athletics staff page, read 2026-10-09",official_university,yes,2026-10-09,
NEC_ASSUMPTION_UNIVERSITY_WSOC,Assumption University,Chip,Warner,Head Coach,al.warner@assumption.edu,(508) 767-7194,,https://assumptiongreyhounds.com/sports/womens-soccer/coaches,"Official athletics staff page, read 2026-10-09",official_university,yes,2026-10-09,
NEC_ASSUMPTION_UNIVERSITY_WSOC,Assumption University,Ron,Scarborough,Assistant Coach,r.scarborough@assumption.edu,,,https://assumptiongreyhounds.com/sports/womens-soccer/coaches,"Official athletics staff page, read 2026-10-09",official_university,yes,2026-10-09,
NEC_BENTLEY_UNIVERSITY_WSOC,Bentley University,Tim,Mason,Head Women's Soccer Coach,tmason@bentley.edu,781-891-2451,,https://bentleyfalcons.com/sports/womens-soccer/coaches,"Official athletics staff page, read 2026-10-09",official_university,yes,2026-10-09,
NEC_BENTLEY_UNIVERSITY_WSOC,Bentley University,Kat,Hassapis,Assistant Women's Soccer Coach,khassapis@bentley.edu,,,https://bentleyfalcons.com/sports/womens-soccer/coaches,"Official athletics staff page, read 2026-10-09",official_university,yes,2026-10-09,
NEC_FRANKLIN_PIERCE_UNIVERSITY_WSOC,Franklin Pierce University,Matt,Johnson,Director of Athletics / Head Women's Soccer Coach,johnsonma@franklinpierce.edu,(603) 899-4072,,https://fpuravens.com/sports/womens-soccer/coaches,"Official athletics staff page, read 2026-10-09",official_university,yes,2026-10-09,
NEC_FRANKLIN_PIERCE_UNIVERSITY_WSOC,Franklin Pierce University,Kevon,Isa,Associate Head Coach,isak@franklinpierce.edu,,,https://fpuravens.com/sports/womens-soccer/coaches,"Official athletics staff page, read 2026-10-09",official_university,yes,2026-10-09,
NEC_FRANKLIN_PIERCE_UNIVERSITY_WSOC,Franklin Pierce University,Nathalia Da,Silva,Assistant Coach,dasilvan@franklinpierce.edu,,,https://fpuravens.com/sports/womens-soccer/coaches,"Official athletics staff page, read 2026-10-09",official_university,yes,2026-10-09,
NEC_FRANKLIN_PIERCE_UNIVERSITY_WSOC,Franklin Pierce University,Olivia,Crespo,Assistant Coach,,,,https://fpuravens.com/sports/womens-soccer/coaches,"Official athletics staff page, read 2026-10-09",official_university,yes,2026-10-09,
NEC_PACE_UNIVERSITY_WSOC,Pace University,Brittany,Soto,Head Coach,bsoto@pace.edu,(914) 773-3283,,https://paceuathletics.com/sports/womens-soccer/coaches,"Official athletics staff page, read 2026-10-09",official_university,yes,2026-10-09,
NEC_PACE_UNIVERSITY_WSOC,Pace University,Taylor,Moyer,Graduate Assistant Coach,tm96155p@pace.edu,,,https://paceuathletics.com/sports/womens-soccer/coaches,"Official athletics staff page, read 2026-10-09",official_university,yes,2026-10-09,
NEC_SAINT_ANSELM_COLLEGE_WSOC,Saint Anselm College,Lee,Moyce,Head Coach,lmoyce@anselm.edu,603-641-7463,,https://saintanselmhawks.com/sports/womens-soccer/coaches,"Official athletics staff page, read 2026-10-09",official_university,yes,2026-10-09,
NEC_SAINT_ANSELM_COLLEGE_WSOC,Saint Anselm College,Taylor,Burgess,Assistant Coach,tburgess@anselm.edu,,,https://saintanselmhawks.com/sports/womens-soccer/coaches,"Official athletics staff page, read 2026-10-09",official_university,yes,2026-10-09,
NEC_SAINT_ANSELM_COLLEGE_WSOC,Saint Anselm College,Jeff,Bailey,Assistant Coach,jbailey@anselm.edu,603-641-7463,,https://saintanselmhawks.com/sports/womens-soccer/coaches,"Official athletics staff page, read 2026-10-09",official_university,yes,2026-10-09,
NEC_SAINT_MICHAEL_S_COLLEGE_WSOC,Saint Michael's College,Wendy,Elles,Head Coach,welles@smcvt.edu,802.654.2903,,https://smcathletics.com/sports/womens-soccer/coaches,"Official athletics staff page, read 2026-10-09",official_university,yes,2026-10-09,
NEC_SAINT_MICHAEL_S_COLLEGE_WSOC,Saint Michael's College,Jefferson,Hales,Assistant Coach,jhales@smcvt.edu,,,https://smcathletics.com/sports/womens-soccer/coaches,"Official athletics staff page, read 2026-10-09",official_university,yes,2026-10-09,
NEC_SAINT_MICHAEL_S_COLLEGE_WSOC,Saint Michael's College,Stewart,Wright,Assistant Coach,swright2@smcvt.edu,,,https://smcathletics.com/sports/womens-soccer/coaches,"Official athletics staff page, read 2026-10-09",official_university,yes,2026-10-09,
NEC_SAINT_MICHAEL_S_COLLEGE_WSOC,Saint Michael's College,Caitlyn,Fogel,Assistant Coach,cfogel@smcvt.edu,,,https://smcathletics.com/sports/womens-soccer/coaches,"Official athletics staff page, read 2026-10-09",official_university,yes,2026-10-09,
NEC_SOUTHERN_CONNECTICUT_STATE_UNIVERSITY_WSOC,Southern Connecticut State University,Adam,Cohen,Head Women's Soccer Coach,cohena3@southernct.edu,203-392-5759,,https://scsuowls.com/sports/womens-soccer/coaches,"Official athletics staff page, read 2026-10-09",official_university,yes,2026-10-09,
NEC_SOUTHERN_CONNECTICUT_STATE_UNIVERSITY_WSOC,Southern Connecticut State University,Chris,LeGates,Assistant Coach,legatesc1@southernct.edu,203-392-8842,,https://scsuowls.com/sports/womens-soccer/coaches,"Official athletics staff page, read 2026-10-09",official_university,yes,2026-10-09,
NEC_SOUTHERN_CONNECTICUT_STATE_UNIVERSITY_WSOC,Southern Connecticut State University,Roland,Joseph,Assistant Coach,,,,https://scsuowls.com/sports/womens-soccer/coaches,"Official athletics staff page, read 2026-10-09",official_university,yes,2026-10-09,
NEC_SOUTHERN_CONNECTICUT_STATE_UNIVERSITY_WSOC,Southern Connecticut State University,Aries,Bell,Assistant Coach,,,,https://scsuowls.com/sports/womens-soccer/coaches,"Official athletics staff page, read 2026-10-09",official_university,yes,2026-10-09,
NEC_SOUTHERN_CONNECTICUT_STATE_UNIVERSITY_WSOC,Southern Connecticut State University,Emily,Belval,Assistant Coach,,,,https://scsuowls.com/sports/womens-soccer/coaches,"Official athletics staff page, read 2026-10-09",official_university,yes,2026-10-09,
NEC_SOUTHERN_NEW_HAMPSHIRE_UNIVERSITY_WSOC,Southern New Hampshire University,Elie,Monteiro,Head Women's Soccer Coach,e.monteiro@snhu.edu,(603) 645-9641,,https://snhupenmen.com/sports/womens-soccer/coaches,"Official athletics staff page, read 2026-10-09",official_university,yes,2026-10-09,
NEC_SOUTHERN_NEW_HAMPSHIRE_UNIVERSITY_WSOC,Southern New Hampshire University,Jamie,Williams,Assistant Women's Soccer Coach,v.williams@snhu.edu,(603) 645-9684,,https://snhupenmen.com/sports/womens-soccer/coaches,"Official athletics staff page, read 2026-10-09",official_university,yes,2026-10-09,
NEC_SOUTHERN_NEW_HAMPSHIRE_UNIVERSITY_WSOC,Southern New Hampshire University,Shae,Roys,Assistant Women's Soccer Coach,s.roys@snhu.edu,,,https://snhupenmen.com/sports/womens-soccer/coaches,"Official athletics staff page, read 2026-10-09",official_university,yes,2026-10-09,
NSIC_AUGUSTANA_UNIVERSITY_WSOC,Augustana University,Brandon,Barkus,Head Coach,brandon.barkus@augie.edu,605-274-5468,,https://goaugie.com/sports/womens-soccer/coaches,"Official athletics staff page, read 2026-10-09",official_university,yes,2026-10-09,
NSIC_AUGUSTANA_UNIVERSITY_WSOC,Augustana University,Allison,Kempainen,Assistant Coach,allison.kempainen@augie.edu,605-274-4034,,https://goaugie.com/sports/womens-soccer/coaches,"Official athletics staff page, read 2026-10-09",official_university,yes,2026-10-09,
NSIC_AUGUSTANA_UNIVERSITY_WSOC,Augustana University,Zach,Bartels,Assistant Coach,,,,https://goaugie.com/sports/womens-soccer/coaches,"Official athletics staff page, read 2026-10-09",official_university,yes,2026-10-09,
NSIC_BEMIDJI_STATE_UNIVERSITY_WSOC,Bemidji State University,Jim,Stone,Head Coach,,(218) 755-3928,,https://bsubeavers.com/sports/womens-soccer/coaches,"Official athletics staff page, read 2026-10-09",official_university,yes,2026-10-09,
NSIC_BEMIDJI_STATE_UNIVERSITY_WSOC,Bemidji State University,Ryan,Raufus,Assistant Coach,,,,https://bsubeavers.com/sports/womens-soccer/coaches,"Official athletics staff page, read 2026-10-09",official_university,yes,2026-10-09,
NSIC_BEMIDJI_STATE_UNIVERSITY_WSOC,Bemidji State University,"Matthias ""T""",Steen,Assistant Coach | Director of Operations & Camps,beaver.soccer.recruiting@bemidjistate.edu,(218) 755-3928,,https://bsubeavers.com/sports/womens-soccer/coaches,"Official athletics staff page, read 2026-10-09",official_university,yes,2026-10-09,
NSIC_BEMIDJI_STATE_UNIVERSITY_WSOC,Bemidji State University,Alyssa,Thompson,Goalkeeper Coach,beaver.soccer.recruiting@bemidjistate.edu,,,https://bsubeavers.com/sports/womens-soccer/coaches,"Official athletics staff page, read 2026-10-09",official_university,yes,2026-10-09,
NSIC_BEMIDJI_STATE_UNIVERSITY_WSOC,Bemidji State University,Don,King,Goalkeeper Coach/Coordinator of GK Recruitment,beaver.soccer.recruiting@bemidjistate.edu,,,https://bsubeavers.com/sports/womens-soccer/coaches,"Official athletics staff page, read 2026-10-09",official_university,yes,2026-10-09,
NSIC_BEMIDJI_STATE_UNIVERSITY_WSOC,Bemidji State University,Julian,Licata,Volunteer Assistant Coach,beaver.soccer.recruiting@bemidjistate.edu,,,https://bsubeavers.com/sports/womens-soccer/coaches,"Official athletics staff page, read 2026-10-09",official_university,yes,2026-10-09,
NSIC_BEMIDJI_STATE_UNIVERSITY_WSOC,Bemidji State University,Joel,Stone,Volunteer Assistant Coach/Outstate Recruiter,,,,https://bsubeavers.com/sports/womens-soccer/coaches,"Official athletics staff page, read 2026-10-09",official_university,yes,2026-10-09,
NSIC_CONCORDIA_UNIVERSITY_ST_PAUL_WSOC,Concordia University–St. Paul,Steve,Bellis,Head Coach,bellis@csp.edu,651-641-8726,,https://cspbears.com/sports/womens-soccer/coaches,"Official athletics staff page, read 2026-10-09",official_university,yes,2026-10-09,
NSIC_CONCORDIA_UNIVERSITY_ST_PAUL_WSOC,Concordia University–St. Paul,Tom,Kleczewski,Assistant Coach,,,,https://cspbears.com/sports/womens-soccer/coaches,"Official athletics staff page, read 2026-10-09",official_university,yes,2026-10-09,
NSIC_CONCORDIA_UNIVERSITY_ST_PAUL_WSOC,Concordia University–St. Paul,Stuart,Trench,Assistant Coach,trench@csp.edu,,,https://cspbears.com/sports/womens-soccer/coaches,"Official athletics staff page, read 2026-10-09",official_university,yes,2026-10-09,
NSIC_MINNESOTA_STATE_UNIVERSITY_MOORHEAD_WSOC,Minnesota State University Moorhead,Scott,Forster,Head Soccer Coach,scott.forster@mnstate.edu,,,https://www.msumdragons.com/sports/womens-soccer/coaches,"Official athletics staff page, read 2026-10-09",official_university,yes,2026-10-09,
NSIC_MINNESOTA_STATE_UNIVERSITY_MOORHEAD_WSOC,Minnesota State University Moorhead,Richard,Pearce,Associate Head Soccer Coach,richard.pearce@mnstate.edu,,,https://www.msumdragons.com/sports/womens-soccer/coaches,"Official athletics staff page, read 2026-10-09",official_university,yes,2026-10-09,
NSIC_MINNESOTA_STATE_UNIVERSITY_MOORHEAD_WSOC,Minnesota State University Moorhead,Kaylin,Ricci,Assistant Soccer Coach,,,,https://www.msumdragons.com/sports/womens-soccer/coaches,"Official athletics staff page, read 2026-10-09",official_university,yes,2026-10-09,
NSIC_MINNESOTA_STATE_UNIVERSITY_MOORHEAD_WSOC,Minnesota State University Moorhead,Julia,Edelstein,Assistant Goalkeeper Coach,,,,https://www.msumdragons.com/sports/womens-soccer/coaches,"Official athletics staff page, read 2026-10-09",official_university,yes,2026-10-09,
NSIC_MINNESOTA_STATE_UNIVERSITY_MOORHEAD_WSOC,Minnesota State University Moorhead,Brando,Erazo,Performance Analyst,,,,https://www.msumdragons.com/sports/womens-soccer/coaches,"Official athletics staff page, read 2026-10-09",official_university,yes,2026-10-09,
NSIC_MINNESOTA_STATE_UNIVERSITY_MANKATO_WSOC,"Minnesota State University, Mankato",Brian,Bahl,Head Coach,brian.bahl@mnsu.edu,507.389.2671,,https://msumavericks.com/sports/womens-soccer/coaches,"Official athletics staff page, read 2026-10-09",official_university,yes,2026-10-09,
NSIC_MINNESOTA_STATE_UNIVERSITY_MANKATO_WSOC,"Minnesota State University, Mankato",Aaron,Tilsen,Associate Head Coach & Director of Recruiting/Scouting,aaron.tilsen@mnsu.edu,507.389.2619,,https://msumavericks.com/sports/womens-soccer/coaches,"Official athletics staff page, read 2026-10-09",official_university,yes,2026-10-09,
NSIC_MINNESOTA_STATE_UNIVERSITY_MANKATO_WSOC,"Minnesota State University, Mankato",Lizzy,Vetter,Assistant Coach & Director of Operations/Performance Analysis,elizabeth.vetter.2@mnsu.edu,507.389.2619,,https://msumavericks.com/sports/womens-soccer/coaches,"Official athletics staff page, read 2026-10-09",official_university,yes,2026-10-09,
NSIC_MINNESOTA_STATE_UNIVERSITY_MANKATO_WSOC,"Minnesota State University, Mankato",Cooper,Jones,"Assistant Coach, Soccer",cooper.jones@mnsu.edu,,,https://msumavericks.com/sports/womens-soccer/coaches,"Official athletics staff page, read 2026-10-09",official_university,yes,2026-10-09,
NSIC_MINNESOTA_STATE_UNIVERSITY_MANKATO_WSOC,"Minnesota State University, Mankato",Jenny,Vetter,"Volunteer Assistant Coach, Soccer",,,,https://msumavericks.com/sports/womens-soccer/coaches,"Official athletics staff page, read 2026-10-09",official_university,yes,2026-10-09,
NSIC_MINNESOTA_STATE_UNIVERSITY_MANKATO_WSOC,"Minnesota State University, Mankato",Ben,Jones,"Volunteer Assistant Coach, Women's Soccer",,,,https://msumavericks.com/sports/womens-soccer/coaches,"Official athletics staff page, read 2026-10-09",official_university,yes,2026-10-09,
NSIC_MINNESOTA_STATE_UNIVERSITY_MANKATO_WSOC,"Minnesota State University, Mankato",Courtney,Kovacs,Volunteer Assistant Coach - Soccer,,,,https://msumavericks.com/sports/womens-soccer/coaches,"Official athletics staff page, read 2026-10-09",official_university,yes,2026-10-09,
NSIC_MINOT_STATE_UNIVERSITY_WSOC,Minot State University,Adam,Daley,Assistant Coach,adam.daley@minotstateu.edu,,,https://msubeavers.com/sports/womens-soccer/coaches,"Official athletics staff page, read 2026-10-09",official_university,yes,2026-10-09,
NSIC_MINOT_STATE_UNIVERSITY_WSOC,Minot State University,Creighton,Bachmeier,Assistant Coach,creighton.bachmeier@minotstateu.edu,,,https://msubeavers.com/sports/womens-soccer/coaches,"Official athletics staff page, read 2026-10-09",official_university,yes,2026-10-09,
NSIC_MINOT_STATE_UNIVERSITY_WSOC,Minot State University,Erin,Rafferty,Goalkeepers Coach,erin.rafferty@ndus.edu,,,https://msubeavers.com/sports/womens-soccer/coaches,"Official athletics staff page, read 2026-10-09",official_university,yes,2026-10-09,
NSIC_MINOT_STATE_UNIVERSITY_WSOC,Minot State University,Millie,Gell,Graduate Assistant Coach,,,,https://msubeavers.com/sports/womens-soccer/coaches,"Official athletics staff page, read 2026-10-09",official_university,yes,2026-10-09,
NSIC_NORTHERN_STATE_UNIVERSITY_WSOC,Northern State University,Bob,Casper,Head Coach,bob.casper@northern.edu,605-626-3336,,https://nsuwolves.com/sports/womens-soccer/coaches,"Official athletics staff page, read 2026-10-09",official_university,yes,2026-10-09,
NSIC_NORTHERN_STATE_UNIVERSITY_WSOC,Northern State University,Matthew,James,Assistant Coach,matthew.james@northern.edu,605-626-3336,,https://nsuwolves.com/sports/womens-soccer/coaches,"Official athletics staff page, read 2026-10-09",official_university,yes,2026-10-09,
NSIC_NORTHERN_STATE_UNIVERSITY_WSOC,Northern State University,Chelvan,Arunasalam,Volunteer Assistant Coach [Goalkeepers],chelvan.arunasalam@northern.edu,,,https://nsuwolves.com/sports/womens-soccer/coaches,"Official athletics staff page, read 2026-10-09",official_university,yes,2026-10-09,
NSIC_NORTHERN_STATE_UNIVERSITY_WSOC,Northern State University,Anastasios,Daskalakis,Graduate Assistant Coach,,605-626-3336,,https://nsuwolves.com/sports/womens-soccer/coaches,"Official athletics staff page, read 2026-10-09",official_university,yes,2026-10-09,
NSIC_SOUTHWEST_MINNESOTA_STATE_UNIVERSITY_WSOC,Southwest Minnesota State University,Clay,Glasgow,Head Women's Soccer Coach,clayson.glasgow@smsu.edu,507-537-6648,,https://smsumustangs.com/sports/womens-soccer/coaches,"Official athletics staff page, read 2026-10-09",official_university,yes,2026-10-09,
NSIC_SOUTHWEST_MINNESOTA_STATE_UNIVERSITY_WSOC,Southwest Minnesota State University,David,Juarez,Assistant Soccer Coach,david.juarez@smsu.edu,507-537-6561,,https://smsumustangs.com/sports/womens-soccer/coaches,"Official athletics staff page, read 2026-10-09",official_university,yes,2026-10-09,
NSIC_SOUTHWEST_MINNESOTA_STATE_UNIVERSITY_WSOC,Southwest Minnesota State University,Becky,Wilkins,Assistant Soccer Coach,becky.wilkins@my.smsu.edu,,,https://smsumustangs.com/sports/womens-soccer/coaches,"Official athletics staff page, read 2026-10-09",official_university,yes,2026-10-09,
NSIC_SOUTHWEST_MINNESOTA_STATE_UNIVERSITY_WSOC,Southwest Minnesota State University,Edison,Peralta,Volunteer Assistant Coach,,,,https://smsumustangs.com/sports/womens-soccer/coaches,"Official athletics staff page, read 2026-10-09",official_university,yes,2026-10-09,
NSIC_ST_CLOUD_STATE_UNIVERSITY_WSOC,St. Cloud State University,Maggie,Sherman,Women's Soccer Head Coach,maggie.sherman@stcloudstate.edu,,,https://scsuhuskies.com/sports/womens-soccer/coaches,"Official athletics staff page, read 2026-10-09",official_university,yes,2026-10-09,
NSIC_ST_CLOUD_STATE_UNIVERSITY_WSOC,St. Cloud State University,Sean,Steele,Assistant Coach,sean.steele@stcloudstate.edu,,,https://scsuhuskies.com/sports/womens-soccer/coaches,"Official athletics staff page, read 2026-10-09",official_university,yes,2026-10-09,
NSIC_ST_CLOUD_STATE_UNIVERSITY_WSOC,St. Cloud State University,Damien,Klug,Volunteer Assistant Coach,,,,https://scsuhuskies.com/sports/womens-soccer/coaches,"Official athletics staff page, read 2026-10-09",official_university,yes,2026-10-09,
NSIC_UNIVERSITY_OF_MINNESOTA_CROOKSTON_WSOC,University of Minnesota Crookston,Danny,Burstein,Head Soccer Coach,burstein@umn.edu,218-281-8420,,https://goldeneaglesports.com/sports/womens-soccer/coaches,"Official athletics staff page, read 2026-10-09",official_university,yes,2026-10-09,
NSIC_UNIVERSITY_OF_MINNESOTA_CROOKSTON_WSOC,University of Minnesota Crookston,Breezie,Davis,Assistant Soccer Coach,breezied@umn.edu,,,https://goldeneaglesports.com/sports/womens-soccer/coaches,"Official athletics staff page, read 2026-10-09",official_university,yes,2026-10-09,
NSIC_UNIVERSITY_OF_MINNESOTA_DULUTH_WSOC,University of Minnesota Duluth,Greg,Cane,Head Coach,gcane1@d.umn.edu,218-726-6229,,https://umdbulldogs.com/sports/womens-soccer/coaches,"Official athletics staff page, read 2026-10-09",official_university,yes,2026-10-09,
NSIC_UNIVERSITY_OF_MINNESOTA_DULUTH_WSOC,University of Minnesota Duluth,Sidney,Burrell,Assistant Coach,sburrell@d.umn.edu,218-726-8514,,https://umdbulldogs.com/sports/womens-soccer/coaches,"Official athletics staff page, read 2026-10-09",official_university,yes,2026-10-09,
NSIC_UNIVERSITY_OF_MINNESOTA_DULUTH_WSOC,University of Minnesota Duluth,Ginger,Flohaug,Assistant Coach / Goalkeeper Coach,,,,https://umdbulldogs.com/sports/womens-soccer/coaches,"Official athletics staff page, read 2026-10-09",official_university,yes,2026-10-09,
NSIC_UNIVERSITY_OF_SIOUX_FALLS_WSOC,University of Sioux Falls,Andy,Janssen,Head Coach,andy.janssen@usiouxfalls.edu,,,https://usfcougars.com/sports/womens-soccer/coaches,"Official athletics staff page, read 2026-10-09",official_university,yes,2026-10-09,
NSIC_UNIVERSITY_OF_SIOUX_FALLS_WSOC,University of Sioux Falls,John,Moening,Assistant Coach,john.moening@usiouxfalls.edu,,,https://usfcougars.com/sports/womens-soccer/coaches,"Official athletics staff page, read 2026-10-09",official_university,yes,2026-10-09,
NSIC_UNIVERSITY_OF_SIOUX_FALLS_WSOC,University of Sioux Falls,Gabe,Wortman,Assistant Coach,,,,https://usfcougars.com/sports/womens-soccer/coaches,"Official athletics staff page, read 2026-10-09",official_university,yes,2026-10-09,
NSIC_WAYNE_STATE_COLLEGE_WSOC,Wayne State College,Emily,Hester,Head Women's Soccer Coach,emheste1@wsc.edu,,,https://wscwildcats.com/sports/womens-soccer/coaches,"Official athletics staff page, read 2026-10-09",official_university,yes,2026-10-09,
NSIC_WAYNE_STATE_COLLEGE_WSOC,Wayne State College,Chris,McNaughton,Assistant Women's Soccer Coach,chmcnau1@wsc.edu,,,https://wscwildcats.com/sports/womens-soccer/coaches,"Official athletics staff page, read 2026-10-09",official_university,yes,2026-10-09,
NSIC_WAYNE_STATE_COLLEGE_WSOC,Wayne State College,Parker,Trivette,Graduate Assistant Women's Soccer Coach,patriv01@wsc.edu,,,https://wscwildcats.com/sports/womens-soccer/coaches,"Official athletics staff page, read 2026-10-09",official_university,yes,2026-10-09,
NSIC_WINONA_STATE_UNIVERSITY_WSOC,Winona State University,Delaney,Marier,Head Women's Soccer Coach,wsoccer@winona.edu,,,https://winonastatewarriors.com/sports/womens-soccer/coaches,"Official athletics staff page, read 2026-10-09",official_university,yes,2026-10-09,
NSIC_WINONA_STATE_UNIVERSITY_WSOC,Winona State University,Matthew,Cross,Assistant Women's Soccer Coach,wsoccer@winona.edu,,,https://winonastatewarriors.com/sports/womens-soccer/coaches,"Official athletics staff page, read 2026-10-09",official_university,yes,2026-10-09,
PACWEST_CHAMINADE_UNIVERSITY_OF_HONOLULU_WSOC,Chaminade University of Honolulu,Michelle,Richardson,Head Coach,wsoccer@chaminade.edu,808-739-7434,,https://goswords.com/sports/womens-soccer/coaches,"Official athletics staff page, read 2026-10-09",official_university,yes,2026-10-09,
PACWEST_CHAMINADE_UNIVERSITY_OF_HONOLULU_WSOC,Chaminade University of Honolulu,Conor,Whittaker,Assistant Coach,wsoccer@chaminade.edu,,,https://goswords.com/sports/womens-soccer/coaches,"Official athletics staff page, read 2026-10-09",official_university,yes,2026-10-09,
PACWEST_CHAMINADE_UNIVERSITY_OF_HONOLULU_WSOC,Chaminade University of Honolulu,Savannah,Miranda,Assistant Coach,,,,https://goswords.com/sports/womens-soccer/coaches,"Official athletics staff page, read 2026-10-09",official_university,yes,2026-10-09,
PACWEST_CHAMINADE_UNIVERSITY_OF_HONOLULU_WSOC,Chaminade University of Honolulu,La'akea,Gonsalves,Assistant Coach,,,,https://goswords.com/sports/womens-soccer/coaches,"Official athletics staff page, read 2026-10-09",official_university,yes,2026-10-09,
PACWEST_CONCORDIA_UNIVERSITY_IRVINE_WSOC,Concordia University–Irvine,Chris,Gould,Head Coach,chris.gould@cui.edu,949-214-3236,,https://cuigoldeneagles.com/sports/womens-soccer/coaches,"Official athletics staff page, read 2026-10-09",official_university,yes,2026-10-09,
PACWEST_CONCORDIA_UNIVERSITY_IRVINE_WSOC,Concordia University–Irvine,Miguel,Mendoza,Assistant Coach,miguel.mendoza1@cui.edu,,,https://cuigoldeneagles.com/sports/womens-soccer/coaches,"Official athletics staff page, read 2026-10-09",official_university,yes,2026-10-09,
PACWEST_CONCORDIA_UNIVERSITY_IRVINE_WSOC,Concordia University–Irvine,Bryan,Ortiz,Volunteer Assistant,,,,https://cuigoldeneagles.com/sports/womens-soccer/coaches,"Official athletics staff page, read 2026-10-09",official_university,yes,2026-10-09,
PACWEST_DOMINICAN_UNIVERSITY_OF_CALIFORNIA_WSOC,Dominican University of California,Kelly,Coffey,Head Coach,kelly.coffey@dominican.edu,,,https://dominicanathletics.com/sports/womens-soccer/coaches,"Official athletics staff page, read 2026-10-09",official_university,yes,2026-10-09,
PACWEST_DOMINICAN_UNIVERSITY_OF_CALIFORNIA_WSOC,Dominican University of California,Kellis,Johnson,Assistant Head Coach/Goalkeepers Coach,kellis.johnson@dominican.edu,,,https://dominicanathletics.com/sports/womens-soccer/coaches,"Official athletics staff page, read 2026-10-09",official_university,yes,2026-10-09,
PACWEST_DOMINICAN_UNIVERSITY_OF_CALIFORNIA_WSOC,Dominican University of California,Ralph,Montes,Assistant Coach,,,,https://dominicanathletics.com/sports/womens-soccer/coaches,"Official athletics staff page, read 2026-10-09",official_university,yes,2026-10-09,
PACWEST_DOMINICAN_UNIVERSITY_OF_CALIFORNIA_WSOC,Dominican University of California,Isaiah,Schwerin,Assistant Coach,,,,https://dominicanathletics.com/sports/womens-soccer/coaches,"Official athletics staff page, read 2026-10-09",official_university,yes,2026-10-09,
PACWEST_DOMINICAN_UNIVERSITY_OF_CALIFORNIA_WSOC,Dominican University of California,Jenna,Pevenage,Assistant Coach,,,,https://dominicanathletics.com/sports/womens-soccer/coaches,"Official athletics staff page, read 2026-10-09",official_university,yes,2026-10-09,
PACWEST_DOMINICAN_UNIVERSITY_OF_CALIFORNIA_WSOC,Dominican University of California,Megan,Clapinski,Assistant Coach,,,,https://dominicanathletics.com/sports/womens-soccer/coaches,"Official athletics staff page, read 2026-10-09",official_university,yes,2026-10-09,
PACWEST_HAWAI_I_PACIFIC_UNIVERSITY_WSOC,Hawai'i Pacific University,Connor,Artigue,Head Women's Soccer Coach,cartigue@hpu.edu,,,https://hpusharks.com/sports/womens-soccer/coaches,"Official athletics staff page, read 2026-10-09",official_university,yes,2026-10-09,
PACWEST_HAWAI_I_PACIFIC_UNIVERSITY_WSOC,Hawai'i Pacific University,Sarah,Inafuku,Assistant Coach & Director of Operations,sinafuku@hpu.edu,,,https://hpusharks.com/sports/womens-soccer/coaches,"Official athletics staff page, read 2026-10-09",official_university,yes,2026-10-09,
PACWEST_HAWAI_I_PACIFIC_UNIVERSITY_WSOC,Hawai'i Pacific University,Noelani,Bio,Assistant Coach,,,,https://hpusharks.com/sports/womens-soccer/coaches,"Official athletics staff page, read 2026-10-09",official_university,yes,2026-10-09,
PACWEST_JESSUP_UNIVERSITY_WSOC,Jessup University,Amsalu,Fantahun,Head Coach,afantahun@jessup.edu,(916) 577-7462,,https://jessupathletics.com/sports/womens-soccer/coaches,"Official athletics staff page, read 2026-10-09",official_university,yes,2026-10-09,
PACWEST_JESSUP_UNIVERSITY_WSOC,Jessup University,Jason,Drury,Assistant Coach,jdrury@jessup.edu,,,https://jessupathletics.com/sports/womens-soccer/coaches,"Official athletics staff page, read 2026-10-09",official_university,yes,2026-10-09,
PACWEST_JESSUP_UNIVERSITY_WSOC,Jessup University,Yvette,Giraudo,Assistant Coach,ygiraudo@jessup.edu,,,https://jessupathletics.com/sports/womens-soccer/coaches,"Official athletics staff page, read 2026-10-09",official_university,yes,2026-10-09,
PACWEST_JESSUP_UNIVERSITY_WSOC,Jessup University,Noah,Braun,Volunteer Assistant,nbraun@jessup.edu,,,https://jessupathletics.com/sports/womens-soccer/coaches,"Official athletics staff page, read 2026-10-09",official_university,yes,2026-10-09,
PACWEST_POINT_LOMA_NAZARENE_UNIVERSITY_WSOC,Point Loma Nazarene University,Kristi,Kiely,Head Coach,kkiely@pointloma.edu,619-849-7005,,https://plnusealions.com/sports/womens-soccer/coaches,"Official athletics staff page, read 2026-10-09",official_university,yes,2026-10-09,
PACWEST_POINT_LOMA_NAZARENE_UNIVERSITY_WSOC,Point Loma Nazarene University,Tanner,Wolf,Assistant Coach,twolf@pointloma.edu,619-849-2915,,https://plnusealions.com/sports/womens-soccer/coaches,"Official athletics staff page, read 2026-10-09",official_university,yes,2026-10-09,
PACWEST_POINT_LOMA_NAZARENE_UNIVERSITY_WSOC,Point Loma Nazarene University,Mark,Yeeles,Assistant Coach,myeeles@pointloma.edu,619-849-2915,,https://plnusealions.com/sports/womens-soccer/coaches,"Official athletics staff page, read 2026-10-09",official_university,yes,2026-10-09,
PACWEST_POINT_LOMA_NAZARENE_UNIVERSITY_WSOC,Point Loma Nazarene University,Duarte,Andrade,Goalkeeper Coach,,619-849-2327,,https://plnusealions.com/sports/womens-soccer/coaches,"Official athletics staff page, read 2026-10-09",official_university,yes,2026-10-09,
PACWEST_POINT_LOMA_NAZARENE_UNIVERSITY_WSOC,Point Loma Nazarene University,Julia,Pinnell,Assistant Coach,,,,https://plnusealions.com/sports/womens-soccer/coaches,"Official athletics staff page, read 2026-10-09",official_university,yes,2026-10-09,
PACWEST_VANGUARD_UNIVERSITY_WSOC,Vanguard University,Emily,Reynolds,Head Coach,wsoccer@vanguard.edu,,,https://vanguardlions.com/sports/womens-soccer/coaches,"Official athletics staff page, read 2026-10-09",official_university,yes,2026-10-09,
PACWEST_VANGUARD_UNIVERSITY_WSOC,Vanguard University,Noanne,Rosse,Assistant Coach,wsoccer@vanguard.edu,,,https://vanguardlions.com/sports/womens-soccer/coaches,"Official athletics staff page, read 2026-10-09",official_university,yes,2026-10-09,
PACWEST_VANGUARD_UNIVERSITY_WSOC,Vanguard University,Alex,Figueroa,Assistant Coach,,,,https://vanguardlions.com/sports/womens-soccer/coaches,"Official athletics staff page, read 2026-10-09",official_university,yes,2026-10-09,
PACWEST_WESTMONT_COLLEGE_WSOC,Westmont College,Lauren,Matthias,Women's Soccer Head Coach,womenssoccer@westmont.edu,,,https://athletics.westmont.edu/sports/womens-soccer/coaches,"Official athletics staff page, read 2026-10-09",official_university,yes,2026-10-09,
PACWEST_WESTMONT_COLLEGE_WSOC,Westmont College,Emmy,Meyring,Women's Soccer Assistant Coach,womenssoccer@westmont.edu,,,https://athletics.westmont.edu/sports/womens-soccer/coaches,"Official athletics staff page, read 2026-10-09",official_university,yes,2026-10-09,
PACWEST_WESTMONT_COLLEGE_WSOC,Westmont College,Dan,Ribbens,Women's Soccer Assistant Coach,,,,https://athletics.westmont.edu/sports/womens-soccer/coaches,"Official athletics staff page, read 2026-10-09",official_university,yes,2026-10-09,
PACWEST_WESTMONT_COLLEGE_WSOC,Westmont College,J.P.,Verhees,Women's Soccer Assistant Coach,,,,https://athletics.westmont.edu/sports/womens-soccer/coaches,"Official athletics staff page, read 2026-10-09",official_university,yes,2026-10-09,
PACWEST_WESTMONT_COLLEGE_WSOC,Westmont College,Gabi,Young,Women's Soccer Assistant Coach,,,,https://athletics.westmont.edu/sports/womens-soccer/coaches,"Official athletics staff page, read 2026-10-09",official_university,yes,2026-10-09,
PACWEST_WESTMONT_COLLEGE_WSOC,Westmont College,Amelia,Villa,Women's Soccer Assistant Coach,,,,https://athletics.westmont.edu/sports/womens-soccer/coaches,"Official athletics staff page, read 2026-10-09",official_university,yes,2026-10-09,
PBC_CLAYTON_STATE_UNIVERSITY_WSOC,Clayton State University,Ricky,Clarke,Head Women's Soccer Coach,rickyclarke@clayton.edu,(678) 466-4678,,https://claytonstatesports.com/sports/womens-soccer/coaches,"Official athletics staff page, read 2026-10-09",official_university,yes,2026-10-09,
PBC_CLAYTON_STATE_UNIVERSITY_WSOC,Clayton State University,Miah,Hipp,Assistant Coach,miahhipp@clayton.edu,,,https://claytonstatesports.com/sports/womens-soccer/coaches,"Official athletics staff page, read 2026-10-09",official_university,yes,2026-10-09,
PBC_CLAYTON_STATE_UNIVERSITY_WSOC,Clayton State University,Mei,Hayashizaki,Assistant Coach (Goalkeepers),,,,https://claytonstatesports.com/sports/womens-soccer/coaches,"Official athletics staff page, read 2026-10-09",official_university,yes,2026-10-09,
PBC_COLUMBUS_STATE_UNIVERSITY_WSOC,Columbus State University,Jay,Entlich,Head Women's Soccer Coach,entlich_jay@columbusstate.edu,706-464-6341,,https://csucougars.com/sports/womens-soccer/coaches,"Official athletics staff page, read 2026-10-09",official_university,yes,2026-10-09,
PBC_COLUMBUS_STATE_UNIVERSITY_WSOC,Columbus State University,Erik,Krivitsky,Assistant Women's Soccer Coach,krivitsky_erik@columbusstate.edu,270-501-0082,,https://csucougars.com/sports/womens-soccer/coaches,"Official athletics staff page, read 2026-10-09",official_university,yes,2026-10-09,
PBC_COLUMBUS_STATE_UNIVERSITY_WSOC,Columbus State University,Jackie,DeNova,Graduate Assistant Coach,denova_jackie@columbusstate.edu,,,https://csucougars.com/sports/womens-soccer/coaches,"Official athletics staff page, read 2026-10-09",official_university,yes,2026-10-09,
PBC_FLAGLER_COLLEGE_WSOC,Flagler College,Ashley,Martin,Head Coach,amartin@flagler.edu,(904) 819-6473,,https://flaglerathletics.com/sports/womens-soccer/coaches,"Official athletics staff page, read 2026-10-09",official_university,yes,2026-10-09,
PBC_FLAGLER_COLLEGE_WSOC,Flagler College,Teddy,West,Assistant Women's Soccer Coach,twest@flagler.edu,,,https://flaglerathletics.com/sports/womens-soccer/coaches,"Official athletics staff page, read 2026-10-09",official_university,yes,2026-10-09,
PBC_FLAGLER_COLLEGE_WSOC,Flagler College,Danny,Miller,Assistant Women's Soccer Coach,,,,https://flaglerathletics.com/sports/womens-soccer/coaches,"Official athletics staff page, read 2026-10-09",official_university,yes,2026-10-09,
PBC_FLAGLER_COLLEGE_WSOC,Flagler College,Andrea,Fernandez,Volunteer Assistant Coach,,,,https://flaglerathletics.com/sports/womens-soccer/coaches,"Official athletics staff page, read 2026-10-09",official_university,yes,2026-10-09,
PBC_GEORGIA_SOUTHWESTERN_STATE_UNIVERSITY_WSOC,Georgia Southwestern State University,Jacob,Crawford,Head Coach,jacob.crawford@gsw.edu,(229) 931-2936,,https://gswcanes.com/sports/womens-soccer/coaches,"Official athletics staff page, read 2026-10-09",official_university,yes,2026-10-09,
PBC_GEORGIA_SOUTHWESTERN_STATE_UNIVERSITY_WSOC,Georgia Southwestern State University,Khyyn,Fernander,Assistant Coach,khyyn.fernander@gsw.edu,(229) 931-4215,,https://gswcanes.com/sports/womens-soccer/coaches,"Official athletics staff page, read 2026-10-09",official_university,yes,2026-10-09,
PBC_GEORGIA_SOUTHWESTERN_STATE_UNIVERSITY_WSOC,Georgia Southwestern State University,Oneil,Lewis,Assistant Coach,,,,https://gswcanes.com/sports/womens-soccer/coaches,"Official athletics staff page, read 2026-10-09",official_university,yes,2026-10-09,
PBC_LANDER_UNIVERSITY_WSOC,Lander University,Chris,Ayer,Head Women's Soccer Coach,cayer@lander.edu,864-388-8694,,https://landerbearcats.com/sports/womens-soccer/coaches,"Official athletics staff page, read 2026-10-09",official_university,yes,2026-10-09,
PBC_LANDER_UNIVERSITY_WSOC,Lander University,Jason,Madvig,Associate Head Coach,cmadvig@lander.edu,,,https://landerbearcats.com/sports/womens-soccer/coaches,"Official athletics staff page, read 2026-10-09",official_university,yes,2026-10-09,
PBC_LANDER_UNIVERSITY_WSOC,Lander University,Van,Taylor,Assistant Coach,vtaylor@lander.edu,864-388-8291,,https://landerbearcats.com/sports/womens-soccer/coaches,"Official athletics staff page, read 2026-10-09",official_university,yes,2026-10-09,
PBC_MIDDLE_GEORGIA_STATE_UNIVERSITY_WSOC,Middle Georgia State University,Vinny,Gill,Head Women's Soccer Coach,vincent.gill@mga.edu,478-934-3409,,https://mgaknights.com/sports/womens-soccer/coaches,"Official athletics staff page, read 2026-10-09",official_university,yes,2026-10-09,
PBC_MIDDLE_GEORGIA_STATE_UNIVERSITY_WSOC,Middle Georgia State University,Gabby,Wells,Assistant Women's Soccer Coach,,,,https://mgaknights.com/sports/womens-soccer/coaches,"Official athletics staff page, read 2026-10-09",official_university,yes,2026-10-09,
PBC_MIDDLE_GEORGIA_STATE_UNIVERSITY_WSOC,Middle Georgia State University,Annaliese,Agler,Student Assistant Coach,,,,https://mgaknights.com/sports/womens-soccer/coaches,"Official athletics staff page, read 2026-10-09",official_university,yes,2026-10-09,
PBC_UNIVERSITY_OF_NORTH_GEORGIA_WSOC,University of North Georgia,Kayley,Ralton,Head Women's Soccer Coach,kayley.ralton@ung.edu,706-867-2798,,https://ungathletics.com/sports/womens-soccer/coaches,"Official athletics staff page, read 2026-10-09",official_university,yes,2026-10-09,
PBC_UNIVERSITY_OF_NORTH_GEORGIA_WSOC,University of North Georgia,Jean-Pierre,Merlet,Assistant Women's Soccer Coach,jean-pierre.merlet@ung.edu,706-867-2798,,https://ungathletics.com/sports/womens-soccer/coaches,"Official athletics staff page, read 2026-10-09",official_university,yes,2026-10-09,
PBC_UNIVERSITY_OF_SOUTH_CAROLINA_AIKEN_WSOC,University of South Carolina Aiken,Adam,Kleman,Head Women's Soccer Coach,adam.kleman@usca.edu,,,https://pacersports.com/sports/womens-soccer/coaches,"Official athletics staff page, read 2026-10-09",official_university,yes,2026-10-09,
PBC_UNIVERSITY_OF_SOUTH_CAROLINA_AIKEN_WSOC,University of South Carolina Aiken,Kinsie,Mitchell,Assistant Women's Soccer Coach,kinsie.mitchell@usca.edu,,,https://pacersports.com/sports/womens-soccer/coaches,"Official athletics staff page, read 2026-10-09",official_university,yes,2026-10-09,
PBC_UNIVERSITY_OF_SOUTH_CAROLINA_BEAUFORT_WSOC,University of South Carolina Beaufort,Gary,Boughton,Head Women's Soccer Coach,boughton@uscb.edu,843.208.8069,,https://uscbathletics.com/sports/womens-soccer/coaches,"Official athletics staff page, read 2026-10-09",official_university,yes,2026-10-09,
PBC_UNIVERSITY_OF_SOUTH_CAROLINA_BEAUFORT_WSOC,University of South Carolina Beaufort,Dan,Huff,Assistant Women's Soccer Coach,dhuff@uscb.edu,843.208.8074,,https://uscbathletics.com/sports/womens-soccer/coaches,"Official athletics staff page, read 2026-10-09",official_university,yes,2026-10-09,
PBC_UNIVERSITY_OF_SOUTH_CAROLINA_BEAUFORT_WSOC,University of South Carolina Beaufort,Nathan,Huff,Assistant Coach,,,,https://uscbathletics.com/sports/womens-soccer/coaches,"Official athletics staff page, read 2026-10-09",official_university,yes,2026-10-09,
PBC_UNIVERSITY_OF_SOUTH_CAROLINA_BEAUFORT_WSOC,University of South Carolina Beaufort,Dianne,Wilson,Volunteer Assistant Coach,,,,https://uscbathletics.com/sports/womens-soccer/coaches,"Official athletics staff page, read 2026-10-09",official_university,yes,2026-10-09,
PSAC_COMMONWEALTH_UNIVERSITY_BLOOMSBURG_WSOC,Commonwealth University-Bloomsburg,Matt,Haney,Head Coach,mhaney@bloomu.edu,570-389-5471,,https://bloomsburgathletics.com/sports/womens-soccer/coaches,"Official athletics staff page, read 2026-10-09",official_university,yes,2026-10-09,
PSAC_COMMONWEALTH_UNIVERSITY_BLOOMSBURG_WSOC,Commonwealth University-Bloomsburg,Faith,Diffenbacher,Graduate Assistant Coach,stgawsoc@bloomu.edu,,,https://bloomsburgathletics.com/sports/womens-soccer/coaches,"Official athletics staff page, read 2026-10-09",official_university,yes,2026-10-09,
PSAC_COMMONWEALTH_UNIVERSITY_LOCK_HAVEN_WSOC,Commonwealth University-Lock Haven,Jesse,Urquhart,Head Coach,jurquhart@lockhaven.edu,570-484-2459,,https://www.lockhavenathletics.com/sports/womens-soccer/coaches,"Official athletics staff page, read 2026-10-09",official_university,yes,2026-10-09,
PSAC_COMMONWEALTH_UNIVERSITY_MANSFIELD_WSOC,Commonwealth University-Mansfield,Spencer,Reinford,Head Coach,sreinford@mansfield.edu,(570) 662-4455,,https://gomounties.com/sports/womens-soccer/coaches,"Official athletics staff page, read 2026-10-09",official_university,yes,2026-10-09,
PSAC_COMMONWEALTH_UNIVERSITY_MANSFIELD_WSOC,Commonwealth University-Mansfield,Erik,Berggren,Assistant Coach,eberggren@mansfield.edu,,,https://gomounties.com/sports/womens-soccer/coaches,"Official athletics staff page, read 2026-10-09",official_university,yes,2026-10-09,
PSAC_EAST_STROUDSBURG_UNIVERSITY_OF_PENNSYLVANIA_WSOC,East Stroudsburg University of Pennsylvania,Tayler,Jamison,Head Coach,tjamison1@esu.edu,(570) 422-3225,,https://esuwarriors.com/sports/womens-soccer/coaches,"Official athletics staff page, read 2026-10-09",official_university,yes,2026-10-09,
PSAC_EAST_STROUDSBURG_UNIVERSITY_OF_PENNSYLVANIA_WSOC,East Stroudsburg University of Pennsylvania,Avery,Francis,Assistant Coach,afrancis3@esu.edu,,,https://esuwarriors.com/sports/womens-soccer/coaches,"Official athletics staff page, read 2026-10-09",official_university,yes,2026-10-09,
PSAC_GANNON_UNIVERSITY_WSOC,Gannon University,Colin,Petersen,Head Women's Soccer Coach,petersen001@gannon.edu,(814) 871-7230,,https://gannonsports.com/sports/womens-soccer/coaches,"Official athletics staff page, read 2026-10-09",official_university,yes,2026-10-09,
PSAC_GANNON_UNIVERSITY_WSOC,Gannon University,Lia,Petersen,Assistant Women's Soccer Coach,petersen005@gannon.edu,(814) 871-7811,,https://gannonsports.com/sports/womens-soccer/coaches,"Official athletics staff page, read 2026-10-09",official_university,yes,2026-10-09,
PSAC_GANNON_UNIVERSITY_WSOC,Gannon University,Becks,Young,Assistant Women's and Men's Soccer Coach,young105@gannon.edu,(814) 871-5350,,https://gannonsports.com/sports/womens-soccer/coaches,"Official athletics staff page, read 2026-10-09",official_university,yes,2026-10-09,
PSAC_INDIANA_UNIVERSITY_OF_PENNSYLVANIA_WSOC,Indiana University of Pennsylvania,Kernell,Borneo,Head Coach,kborneo@iup.edu,304.290.2610,,https://iupathletics.com/sports/womens-soccer/coaches,"Official athletics staff page, read 2026-10-09",official_university,yes,2026-10-09,
PSAC_KUTZTOWN_UNIVERSITY_OF_PENNSYLVANIA_WSOC,Kutztown University of Pennsylvania,Erik,Burstein,Head Women's Soccer Coach,burstein@kutztown.edu,610-683-1522,,https://kubears.com/sports/womens-soccer/coaches,"Official athletics staff page, read 2026-10-09",official_university,yes,2026-10-09,
PSAC_KUTZTOWN_UNIVERSITY_OF_PENNSYLVANIA_WSOC,Kutztown University of Pennsylvania,Maddy,Reed,Assistant Coach,mreed@kutztown.edu,610-683-1386,,https://kubears.com/sports/womens-soccer/coaches,"Official athletics staff page, read 2026-10-09",official_university,yes,2026-10-09,
PSAC_MILLERSVILLE_UNIVERSITY_OF_PENNSYLVANIA_WSOC,Millersville University of Pennsylvania,Matt,Procopio,Head Coach,mprocopio@millersville.edu,717-871-7674,,https://millersvilleathletics.com/sports/womens-soccer/coaches,"Official athletics staff page, read 2026-10-09",official_university,yes,2026-10-09,
PSAC_MILLERSVILLE_UNIVERSITY_OF_PENNSYLVANIA_WSOC,Millersville University of Pennsylvania,Josue,Bosque,Assistant Coach,,,,https://millersvilleathletics.com/sports/womens-soccer/coaches,"Official athletics staff page, read 2026-10-09",official_university,yes,2026-10-09,
PSAC_MILLERSVILLE_UNIVERSITY_OF_PENNSYLVANIA_WSOC,Millersville University of Pennsylvania,Chaning,Shahan,Volunteer Assistant,,,,https://millersvilleathletics.com/sports/womens-soccer/coaches,"Official athletics staff page, read 2026-10-09",official_university,yes,2026-10-09,
PSAC_MILLERSVILLE_UNIVERSITY_OF_PENNSYLVANIA_WSOC,Millersville University of Pennsylvania,Luiza,Bueno,Volunteer Assistant,,,,https://millersvilleathletics.com/sports/womens-soccer/coaches,"Official athletics staff page, read 2026-10-09",official_university,yes,2026-10-09,
PSAC_PENNSYLVANIA_WESTERN_UNIVERSITY_CALIFORNIA_PENNWES_WSOC,Pennsylvania Western University – California (PennWest California),Pete,Curtis,Head Women's Soccer Coach,curtis@pennwest.edu,724.938.1695,,https://calvulcans.com/sports/womens-soccer/coaches,"Official athletics staff page, read 2026-10-09",official_university,yes,2026-10-09,
PSAC_PENNSYLVANIA_WESTERN_UNIVERSITY_CALIFORNIA_PENNWES_WSOC,Pennsylvania Western University – California (PennWest California),Samantha,Gribowicz,Assistant Women's Soccer Coach,gribowicz@pennwest.edu,,,https://calvulcans.com/sports/womens-soccer/coaches,"Official athletics staff page, read 2026-10-09",official_university,yes,2026-10-09,
PSAC_PENNSYLVANIA_WESTERN_UNIVERSITY_CLARION_PENNWEST_C_WSOC,Pennsylvania Western University – Clarion (PennWest Clarion),Jason,Edwards,Head Coach,edwards_j@pennwest.edu,814-393-2376,,https://clariongoldeneagles.com/sports/womens-soccer/coaches,"Official athletics staff page, read 2026-10-09",official_university,yes,2026-10-09,
PSAC_PENNSYLVANIA_WESTERN_UNIVERSITY_CLARION_PENNWEST_C_WSOC,Pennsylvania Western University – Clarion (PennWest Clarion),Jocelyn,Santo,Assistant Coach,,,,https://clariongoldeneagles.com/sports/womens-soccer/coaches,"Official athletics staff page, read 2026-10-09",official_university,yes,2026-10-09,
PSAC_PENNSYLVANIA_WESTERN_UNIVERSITY_EDINBORO_PENNWEST_WSOC,Pennsylvania Western University – Edinboro (PennWest Edinboro),Gary,Kagiavas,Head Women's Soccer Coach,gkagiavas@pennwest.edu,814-732-1876,,https://gofightingscots.com/sports/womens-soccer/coaches,"Official athletics staff page, read 2026-10-09",official_university,yes,2026-10-09,
PSAC_PENNSYLVANIA_WESTERN_UNIVERSITY_EDINBORO_PENNWEST_WSOC,Pennsylvania Western University – Edinboro (PennWest Edinboro),Jamie,Sallie,Assistant Women's Soccer Coach,jsallie@pennwest.edu,814-732-1877,,https://gofightingscots.com/sports/womens-soccer/coaches,"Official athletics staff page, read 2026-10-09",official_university,yes,2026-10-09,
PSAC_PENNSYLVANIA_WESTERN_UNIVERSITY_EDINBORO_PENNWEST_WSOC,Pennsylvania Western University – Edinboro (PennWest Edinboro),KJ,Sabotchick,Volunteer Assistant / Goalkeeper Coach,,,,https://gofightingscots.com/sports/womens-soccer/coaches,"Official athletics staff page, read 2026-10-09",official_university,yes,2026-10-09,
PSAC_SETON_HILL_UNIVERSITY_WSOC,Seton Hill University,Riley,Butler,Head Coach,rbutler@setonhill.edu,904-563-3385,,https://athletics.setonhill.edu/sports/womens-soccer/coaches,"Official athletics staff page, read 2026-10-09",official_university,yes,2026-10-09,
PSAC_SETON_HILL_UNIVERSITY_WSOC,Seton Hill University,Kodie,Johnson,Assistant Coach,kkjohnson@setonhill.edu,,,https://athletics.setonhill.edu/sports/womens-soccer/coaches,"Official athletics staff page, read 2026-10-09",official_university,yes,2026-10-09,
PSAC_SHEPHERD_UNIVERSITY_WSOC,Shepherd University,Bob,Meals,Head Women's Soccer Coach,rmeals@shepherd.edu,,,https://shepherdrams.com/sports/womens-soccer/coaches,"Official athletics staff page, read 2026-10-09",official_university,yes,2026-10-09,
PSAC_SHEPHERD_UNIVERSITY_WSOC,Shepherd University,Jacob,Deuel,Assistant Women's Soccer Coach,jdeuel@shepherd.edu,,,https://shepherdrams.com/sports/womens-soccer/coaches,"Official athletics staff page, read 2026-10-09",official_university,yes,2026-10-09,
PSAC_SHIPPENSBURG_UNIVERSITY_OF_PENNSYLVANIA_WSOC,Shippensburg University of Pennsylvania,Rob,Fulton,Head Coach,rwfult@ship.edu,717-477-1740,,https://shipraiders.com/sports/womens-soccer/coaches,"Official athletics staff page, read 2026-10-09",official_university,yes,2026-10-09,
PSAC_SHIPPENSBURG_UNIVERSITY_OF_PENNSYLVANIA_WSOC,Shippensburg University of Pennsylvania,Dr. Jen,Clements,Assistant Coach,jaclem@ship.edu,717-477-1280,,https://shipraiders.com/sports/womens-soccer/coaches,"Official athletics staff page, read 2026-10-09",official_university,yes,2026-10-09,
PSAC_SHIPPENSBURG_UNIVERSITY_OF_PENNSYLVANIA_WSOC,Shippensburg University of Pennsylvania,Dr. Jared,Dailey,Volunteer Assistant,jmdailey@ship.edu,717-477-1740,,https://shipraiders.com/sports/womens-soccer/coaches,"Official athletics staff page, read 2026-10-09",official_university,yes,2026-10-09,
PSAC_SLIPPERY_ROCK_UNIVERSITY_OF_PENNSYLVANIA_WSOC,Slippery Rock University of Pennsylvania,Noreen,Herlihy,Head Coach,noreen.herlihy@sru.edu,724.738.2946,,https://rockathletics.com/sports/womens-soccer/coaches,"Official athletics staff page, read 2026-10-09",official_university,yes,2026-10-09,
PSAC_SLIPPERY_ROCK_UNIVERSITY_OF_PENNSYLVANIA_WSOC,Slippery Rock University of Pennsylvania,Nicole,Krueger,Assistant Coach,nicole.krueger@sru.edu,,,https://rockathletics.com/sports/womens-soccer/coaches,"Official athletics staff page, read 2026-10-09",official_university,yes,2026-10-09,
PSAC_UNIVERSITY_OF_PITTSBURGH_AT_JOHNSTOWN_WSOC,University of Pittsburgh at Johnstown,Aideen,O'Donoghue,Head Women's Soccer Coach,aro82@pitt.edu,(814) 269-7174,,https://pittjohnstownathletics.com/sports/womens-soccer/coaches,"Official athletics staff page, read 2026-10-09",official_university,yes,2026-10-09,
PSAC_UNIVERSITY_OF_PITTSBURGH_AT_JOHNSTOWN_WSOC,University of Pittsburgh at Johnstown,Oleg,Aminov,Assistant Women's Soccer Coach,,,,https://pittjohnstownathletics.com/sports/womens-soccer/coaches,"Official athletics staff page, read 2026-10-09",official_university,yes,2026-10-09,
PSAC_UNIVERSITY_OF_PITTSBURGH_AT_JOHNSTOWN_WSOC,University of Pittsburgh at Johnstown,Savanna,Marsh,Assistant Women's Soccer Coach,,,,https://pittjohnstownathletics.com/sports/womens-soccer/coaches,"Official athletics staff page, read 2026-10-09",official_university,yes,2026-10-09,
PSAC_WEST_CHESTER_UNIVERSITY_WSOC,West Chester University,Betty Ann Kempf,Townsley,Head Coach,,610-436-6903,,https://wcupagoldenrams.com/sports/womens-soccer/coaches,"Official athletics staff page, read 2026-10-09",official_university,yes,2026-10-09,
PSAC_WEST_CHESTER_UNIVERSITY_WSOC,West Chester University,Scarlett,Walsh,Assistant Coach,womenssoccerrecruiting@wcupa.edu,,,https://wcupagoldenrams.com/sports/womens-soccer/coaches,"Official athletics staff page, read 2026-10-09",official_university,yes,2026-10-09,
PSAC_WEST_CHESTER_UNIVERSITY_WSOC,West Chester University,Takiyah,Thomas,Assistant Coach,,,,https://wcupagoldenrams.com/sports/womens-soccer/coaches,"Official athletics staff page, read 2026-10-09",official_university,yes,2026-10-09,
RMAC_ADAMS_STATE_UNIVERSITY_WSOC,Adams State University,Victoria,Bonilla,Women's Soccer Interim Head Coach,vbonilla@adams.edu,5054011002,,https://asugrizzlies.com/sports/womens-soccer/coaches,"Official athletics staff page, read 2026-10-09",official_university,yes,2026-10-09,
RMAC_ADAMS_STATE_UNIVERSITY_WSOC,Adams State University,Dmitri,Fong,Assistant Women's Soccer Coach,,,,https://asugrizzlies.com/sports/womens-soccer/coaches,"Official athletics staff page, read 2026-10-09",official_university,yes,2026-10-09,
RMAC_BLACK_HILLS_STATE_UNIVERSITY_WSOC,Black Hills State University,John,Hutchison,Head Coach,john.hutchison@bhsu.edu,,,https://bhsuathletics.com/sports/womens-soccer/coaches,"Official athletics staff page, read 2026-10-09",official_university,yes,2026-10-09,
RMAC_BLACK_HILLS_STATE_UNIVERSITY_WSOC,Black Hills State University,Connor,Campbell,Assistant Coach,connor.campbell@bhsu.edu,,,https://bhsuathletics.com/sports/womens-soccer/coaches,"Official athletics staff page, read 2026-10-09",official_university,yes,2026-10-09,
RMAC_BLACK_HILLS_STATE_UNIVERSITY_WSOC,Black Hills State University,Taylor,McKindley,Assistant Coach,taylor.mckindley@yellowjackets.bhsu.edu,,,https://bhsuathletics.com/sports/womens-soccer/coaches,"Official athletics staff page, read 2026-10-09",official_university,yes,2026-10-09,
RMAC_COLORADO_MESA_UNIVERSITY_WSOC,Colorado Mesa University,Jody,Lingafeldt,Head Women's Soccer Coach,jlingafeldt@coloradomesa.edu,278 248-2278,,https://cmumavericks.com/sports/womens-soccer/coaches,"Official athletics staff page, read 2026-10-09",official_university,yes,2026-10-09,
RMAC_COLORADO_MESA_UNIVERSITY_WSOC,Colorado Mesa University,Felix,Maurer,Assistant Women's Soccer Coach,fpmaurer@coloradomesa.edu,147 248-2147,,https://cmumavericks.com/sports/womens-soccer/coaches,"Official athletics staff page, read 2026-10-09",official_university,yes,2026-10-09,
RMAC_COLORADO_MESA_UNIVERSITY_WSOC,Colorado Mesa University,Bonnie,Young,Volunteer Assistant Women's Soccer Coach,,,,https://cmumavericks.com/sports/womens-soccer/coaches,"Official athletics staff page, read 2026-10-09",official_university,yes,2026-10-09,
RMAC_COLORADO_SCHOOL_OF_MINES_WSOC,Colorado School of Mines,Kevin,Fickes,Head Coach,kfickes@mines.edu,303-273-3151,,https://minesathletics.com/sports/womens-soccer/coaches,"Official athletics staff page, read 2026-10-09",official_university,yes,2026-10-09,
RMAC_COLORADO_SCHOOL_OF_MINES_WSOC,Colorado School of Mines,Shannon,DeVoe,Assistant Coach,smcdonne@mines.edu,303-384-2539,,https://minesathletics.com/sports/womens-soccer/coaches,"Official athletics staff page, read 2026-10-09",official_university,yes,2026-10-09,
RMAC_COLORADO_SCHOOL_OF_MINES_WSOC,Colorado School of Mines,Brett,O'Connor,Goalkeeper Coach,,,,https://minesathletics.com/sports/womens-soccer/coaches,"Official athletics staff page, read 2026-10-09",official_university,yes,2026-10-09,
RMAC_COLORADO_SCHOOL_OF_MINES_WSOC,Colorado School of Mines,Emily,Townsend,Volunteer Assistant Coach,,,,https://minesathletics.com/sports/womens-soccer/coaches,"Official athletics staff page, read 2026-10-09",official_university,yes,2026-10-09,
RMAC_COLORADO_STATE_UNIVERSITY_PUEBLO_WSOC,Colorado State University–Pueblo,Paul-David,Seldis,Goalkeeper Coach,,,,https://gothunderwolves.com/sports/womens-soccer/coaches,"Official athletics staff page, read 2026-10-09",official_university,yes,2026-10-09,
RMAC_FORT_LEWIS_COLLEGE_WSOC,Fort Lewis College,Damian,Clarke,Head Women's Soccer Coach,clarke_d@fortlewis.edu,,,https://goskyhawks.com/sports/womens-soccer/coaches,"Official athletics staff page, read 2026-10-09",official_university,yes,2026-10-09,
RMAC_FORT_LEWIS_COLLEGE_WSOC,Fort Lewis College,Hope,Fredrick,Associate Head Coach,hesiffert@fortlewis.edu,,,https://goskyhawks.com/sports/womens-soccer/coaches,"Official athletics staff page, read 2026-10-09",official_university,yes,2026-10-09,
RMAC_FORT_LEWIS_COLLEGE_WSOC,Fort Lewis College,Hayley,Hollenga,Assistant Coach,hnhollenga@fortlewis.edu,,,https://goskyhawks.com/sports/womens-soccer/coaches,"Official athletics staff page, read 2026-10-09",official_university,yes,2026-10-09,
RMAC_FORT_LEWIS_COLLEGE_WSOC,Fort Lewis College,Janet,Mosher,Volunteer Assistant Coach,,,,https://goskyhawks.com/sports/womens-soccer/coaches,"Official athletics staff page, read 2026-10-09",official_university,yes,2026-10-09,
RMAC_METROPOLITAN_STATE_UNIVERSITY_OF_DENVER_WSOC,Metropolitan State University of Denver,Katie,Hooker,Head Coach,kahooker@msudenver.edu,303-913-9745,,https://roadrunnersathletics.com/sports/womens-soccer/coaches,"Official athletics staff page, read 2026-10-09",official_university,yes,2026-10-09,
RMAC_METROPOLITAN_STATE_UNIVERSITY_OF_DENVER_WSOC,Metropolitan State University of Denver,Andrew,Sanchez,Assistant Coach,ansanchez@msudenver.edu,,,https://roadrunnersathletics.com/sports/womens-soccer/coaches,"Official athletics staff page, read 2026-10-09",official_university,yes,2026-10-09,
RMAC_METROPOLITAN_STATE_UNIVERSITY_OF_DENVER_WSOC,Metropolitan State University of Denver,Kristin,Dedycker,Part-Time Assistant Coach,,,,https://roadrunnersathletics.com/sports/womens-soccer/coaches,"Official athletics staff page, read 2026-10-09",official_university,yes,2026-10-09,
RMAC_METROPOLITAN_STATE_UNIVERSITY_OF_DENVER_WSOC,Metropolitan State University of Denver,Jeff,Hooker,Volunteer Assistant Coach,,,,https://roadrunnersathletics.com/sports/womens-soccer/coaches,"Official athletics staff page, read 2026-10-09",official_university,yes,2026-10-09,
RMAC_REGIS_UNIVERSITY_WSOC,Regis University,Jeff,Frykholm,Head Women's Soccer Coach,jfrykholm@regis.edu,,,https://regisrangers.com/sports/womens-soccer/coaches,"Official athletics staff page, read 2026-10-09",official_university,yes,2026-10-09,
RMAC_REGIS_UNIVERSITY_WSOC,Regis University,Luke,Meadows,Assistant Women's Soccer Coach,lmeadows@regis.edu,(203) 606-4291,,https://regisrangers.com/sports/womens-soccer/coaches,"Official athletics staff page, read 2026-10-09",official_university,yes,2026-10-09,
RMAC_REGIS_UNIVERSITY_WSOC,Regis University,Dani,Hansen,Volunteer Goalkeepers Coach,,,,https://regisrangers.com/sports/womens-soccer/coaches,"Official athletics staff page, read 2026-10-09",official_university,yes,2026-10-09,
RMAC_REGIS_UNIVERSITY_WSOC,Regis University,Josh,Dworsky,Volunteer Assistant Coach,,,,https://regisrangers.com/sports/womens-soccer/coaches,"Official athletics staff page, read 2026-10-09",official_university,yes,2026-10-09,
RMAC_UNIVERSITY_OF_COLORADO_COLORADO_SPRINGS_WSOC,University of Colorado Colorado Springs,J. B.,Belzer,Head Women's Soccer Coach,jbelzer@uccs.edu,,,https://gomountainlions.com/sports/womens-soccer/coaches,"Official athletics staff page, read 2026-10-09",official_university,yes,2026-10-09,
RMAC_UNIVERSITY_OF_COLORADO_COLORADO_SPRINGS_WSOC,University of Colorado Colorado Springs,Justin,Stones,Associate Head Women's Soccer Coach,jstones@uccs.edu,,,https://gomountainlions.com/sports/womens-soccer/coaches,"Official athletics staff page, read 2026-10-09",official_university,yes,2026-10-09,
RMAC_UNIVERSITY_OF_COLORADO_COLORADO_SPRINGS_WSOC,University of Colorado Colorado Springs,Jade,Kinsey,Volunteer Assistant Coach,jkinsey3@uccs.edu,,,https://gomountainlions.com/sports/womens-soccer/coaches,"Official athletics staff page, read 2026-10-09",official_university,yes,2026-10-09,
RMAC_UNIVERSITY_OF_COLORADO_COLORADO_SPRINGS_WSOC,University of Colorado Colorado Springs,Anne,Louthan,Volunteer Assistant Coach,alouthan@uccs.edu,,,https://gomountainlions.com/sports/womens-soccer/coaches,"Official athletics staff page, read 2026-10-09",official_university,yes,2026-10-09,
RMAC_WESTERN_COLORADO_UNIVERSITY_WSOC,Western Colorado University,Joshua,Alcala,Head Women's Soccer Coach,soccer@western.edu,970-943-2082,,https://gomountaineers.com/sports/womens-soccer/coaches,"Official athletics staff page, read 2026-10-09",official_university,yes,2026-10-09,
RMAC_WESTERN_COLORADO_UNIVERSITY_WSOC,Western Colorado University,Ernesto,Hidalgo,Assistant Women's Soccer Coach,ehidalgo@western.edu,,,https://gomountaineers.com/sports/womens-soccer/coaches,"Official athletics staff page, read 2026-10-09",official_university,yes,2026-10-09,
RMAC_WESTERN_COLORADO_UNIVERSITY_WSOC,Western Colorado University,Cianna,Thomas,Women's Soccer Graduate Assistant Coach,,,,https://gomountaineers.com/sports/womens-soccer/coaches,"Official athletics staff page, read 2026-10-09",official_university,yes,2026-10-09,
RMAC_WESTERN_COLORADO_UNIVERSITY_WSOC,Western Colorado University,Aubree,Orosco,Women's Soccer Graduate Assistant Coach,,,,https://gomountaineers.com/sports/womens-soccer/coaches,"Official athletics staff page, read 2026-10-09",official_university,yes,2026-10-09,
SAC_ANDERSON_UNIVERSITY_WSOC,Anderson University,Sarah,Jacobs,Head Coach,sjacobs@andersonuniversity.edu,(864) 231-2012,,https://autrojans.com/sports/womens-soccer/coaches,"Official athletics staff page, read 2026-10-09",official_university,yes,2026-10-09,
SAC_ANDERSON_UNIVERSITY_WSOC,Anderson University,Francisco,Costa,Assistant Coach,fcosta@andersonuniversity.edu,,,https://autrojans.com/sports/womens-soccer/coaches,"Official athletics staff page, read 2026-10-09",official_university,yes,2026-10-09,
SAC_ANDERSON_UNIVERSITY_WSOC,Anderson University,Carly,Keuffer,Assistant Coach - Defense,c.keuffer1@andersonuniversity.edu,,,https://autrojans.com/sports/womens-soccer/coaches,"Official athletics staff page, read 2026-10-09",official_university,yes,2026-10-09,
SAC_LENOIR_RHYNE_UNIVERSITY_WSOC,Lenoir–Rhyne University,Justin,Maullin,Head Women's Soccer Coach,justin.maullin@lr.edu,,,https://lrbears.com/sports/womens-soccer/coaches,"Official athletics staff page, read 2026-10-09",official_university,yes,2026-10-09,
SAC_LENOIR_RHYNE_UNIVERSITY_WSOC,Lenoir–Rhyne University,Holly,Zador,Associate Head Coach,holly.zador@lr.edu,,,https://lrbears.com/sports/womens-soccer/coaches,"Official athletics staff page, read 2026-10-09",official_university,yes,2026-10-09,
SAC_LENOIR_RHYNE_UNIVERSITY_WSOC,Lenoir–Rhyne University,Ian,McMichael,Volunteer Assistant Coach,,,,https://lrbears.com/sports/womens-soccer/coaches,"Official athletics staff page, read 2026-10-09",official_university,yes,2026-10-09,
SAC_LENOIR_RHYNE_UNIVERSITY_WSOC,Lenoir–Rhyne University,Lexi,Pitman,Volunteer Assistant Coach,,,,https://lrbears.com/sports/womens-soccer/coaches,"Official athletics staff page, read 2026-10-09",official_university,yes,2026-10-09,
SAC_LINCOLN_MEMORIAL_UNIVERSITY_WSOC,Lincoln Memorial University,Tasha,Flynn,Head Coach,tasha.flynn@lmunet.edu,423.869.6482,,https://lmurailsplitters.com/sports/womens-soccer/coaches,"Official athletics staff page, read 2026-10-09",official_university,yes,2026-10-09,
SAC_LINCOLN_MEMORIAL_UNIVERSITY_WSOC,Lincoln Memorial University,Megan,Snider,Assistant Coach,megan.snider@lmunet.edu,,,https://lmurailsplitters.com/sports/womens-soccer/coaches,"Official athletics staff page, read 2026-10-09",official_university,yes,2026-10-09,
SAC_NEWBERRY_COLLEGE_WSOC,Newberry College,Deedee,Alexander,Head Coach,diana.alexander@newberry.edu,(803) 321-5656,,https://newberrywolves.com/sports/womens-soccer/coaches,"Official athletics staff page, read 2026-10-09",official_university,yes,2026-10-09,
SAC_NEWBERRY_COLLEGE_WSOC,Newberry College,Daniel,Villalobos,Assistant Coach,daniel.villalobos@newberry.edu,,,https://newberrywolves.com/sports/womens-soccer/coaches,"Official athletics staff page, read 2026-10-09",official_university,yes,2026-10-09,
SAC_NEWBERRY_COLLEGE_WSOC,Newberry College,Allison,Traub,Goalkeeper Coach,allison.traub@newberry.edu,,,https://newberrywolves.com/sports/womens-soccer/coaches,"Official athletics staff page, read 2026-10-09",official_university,yes,2026-10-09,
SAC_WINGATE_UNIVERSITY_WSOC,Wingate University,Katie,Mitchell,Head Women's Soccer Coach,k.mitchell@wingate.edu,,,https://wingatebulldogs.com/sports/womens-soccer/coaches,"Official athletics staff page, read 2026-10-09",official_university,yes,2026-10-09,
SAC_WINGATE_UNIVERSITY_WSOC,Wingate University,Michael,Korman,Women's Soccer Assistant Coach & Goalkeepers Coach,m.korman@wingate.edu,,,https://wingatebulldogs.com/sports/womens-soccer/coaches,"Official athletics staff page, read 2026-10-09",official_university,yes,2026-10-09,
SAC_WINGATE_UNIVERSITY_WSOC,Wingate University,Lundon,Danford,Women's Soccer Graduate Assistant Coach,lu.danford911@wingate.edu,,,https://wingatebulldogs.com/sports/womens-soccer/coaches,"Official athletics staff page, read 2026-10-09",official_university,yes,2026-10-09,
SSC_BARRY_UNIVERSITY_WSOC,Barry University,Jay,Harris,Head Coach,jaharris@barry.edu,305-899-3372,,https://gobarrybucs.com/sports/womens-soccer/coaches,"Official athletics staff page, read 2026-10-09",official_university,yes,2026-10-09,
SSC_BARRY_UNIVERSITY_WSOC,Barry University,Gonzalo,Rudolf,Assistant Coach,grudolf@barry.edu,305-899-3598,,https://gobarrybucs.com/sports/womens-soccer/coaches,"Official athletics staff page, read 2026-10-09",official_university,yes,2026-10-09,
SSC_BARRY_UNIVERSITY_WSOC,Barry University,Jesus,Rondon,Volunteer Assistant Coach,jrondon@barry.edu,,,https://gobarrybucs.com/sports/womens-soccer/coaches,"Official athletics staff page, read 2026-10-09",official_university,yes,2026-10-09,
SSC_BARRY_UNIVERSITY_WSOC,Barry University,Cynthia,Flores,Volunteer Assistant Coach,,,,https://gobarrybucs.com/sports/womens-soccer/coaches,"Official athletics staff page, read 2026-10-09",official_university,yes,2026-10-09,
SSC_BARRY_UNIVERSITY_WSOC,Barry University,Iza,Ruiz,Volunteer Assistant Coach,,,,https://gobarrybucs.com/sports/womens-soccer/coaches,"Official athletics staff page, read 2026-10-09",official_university,yes,2026-10-09,
SSC_ECKERD_COLLEGE_WSOC,Eckerd College,Riley,Casey,Assistant Coach,caseyr@eckerd.edu,,,https://eckerdtritons.com/sports/womens-soccer/coaches,"Official athletics staff page, read 2026-10-09",official_university,yes,2026-10-09,
SSC_ECKERD_COLLEGE_WSOC,Eckerd College,Joe,Linley,Assistant Coach,,,,https://eckerdtritons.com/sports/womens-soccer/coaches,"Official athletics staff page, read 2026-10-09",official_university,yes,2026-10-09,
SSC_EMBRY_RIDDLE_AERONAUTICAL_UNIVERSITY_WSOC,Embry–Riddle Aeronautical University,Liam,McIlhatton,Head Coach,mcilh6f5@erau.edu,386-323-5012,,https://erauathletics.com/sports/womens-soccer/coaches,"Official athletics staff page, read 2026-10-09",official_university,yes,2026-10-09,
SSC_EMBRY_RIDDLE_AERONAUTICAL_UNIVERSITY_WSOC,Embry–Riddle Aeronautical University,Maddie,Cunningham,Assistant Coach,cunninm1@erau.edu,386-323-5018,,https://erauathletics.com/sports/womens-soccer/coaches,"Official athletics staff page, read 2026-10-09",official_university,yes,2026-10-09,
SSC_EMBRY_RIDDLE_AERONAUTICAL_UNIVERSITY_WSOC,Embry–Riddle Aeronautical University,Alma,Olesen,Graduate Assistant Coach,,,,https://erauathletics.com/sports/womens-soccer/coaches,"Official athletics staff page, read 2026-10-09",official_university,yes,2026-10-09,
SSC_EMBRY_RIDDLE_AERONAUTICAL_UNIVERSITY_WSOC,Embry–Riddle Aeronautical University,Rachel,Phillips,Graduate Assistant Coach,,,,https://erauathletics.com/sports/womens-soccer/coaches,"Official athletics staff page, read 2026-10-09",official_university,yes,2026-10-09,
SSC_FLORIDA_INSTITUTE_OF_TECHNOLOGY_WSOC,Florida Institute of Technology,Katy,Freels,Head Coach,kfreels@fit.edu,(321) 674-7415,,https://floridatechsports.com/sports/womens-soccer/coaches,"Official athletics staff page, read 2026-10-09",official_university,yes,2026-10-09,
SSC_FLORIDA_INSTITUTE_OF_TECHNOLOGY_WSOC,Florida Institute of Technology,Scott,Wilson,Associate Head Coach,swilson@fit.edu,(321) 674-7415,,https://floridatechsports.com/sports/womens-soccer/coaches,"Official athletics staff page, read 2026-10-09",official_university,yes,2026-10-09,
SSC_LYNN_UNIVERSITY_WSOC,Lynn University,John,Markey,"Head Coach, Women's Soccer",jmarkey@lynn.edu,(561) 237-7626,,https://lynnfightingknights.com/sports/womens-soccer/coaches,"Official athletics staff page, read 2026-10-09",official_university,yes,2026-10-09,
SSC_LYNN_UNIVERSITY_WSOC,Lynn University,Sawyer,Hall,"Assistant Coach, Women's Soccer",sahall@lynn.edu,,,https://lynnfightingknights.com/sports/womens-soccer/coaches,"Official athletics staff page, read 2026-10-09",official_university,yes,2026-10-09,
SSC_LYNN_UNIVERSITY_WSOC,Lynn University,Kelly,Giddes,"Volunteer Assistant Coach, Women's Soccer",,,,https://lynnfightingknights.com/sports/womens-soccer/coaches,"Official athletics staff page, read 2026-10-09",official_university,yes,2026-10-09,
SSC_LYNN_UNIVERSITY_WSOC,Lynn University,Leonardo,Soriano,"Volunteer Assistant Coach, Women's Soccer",,,,https://lynnfightingknights.com/sports/womens-soccer/coaches,"Official athletics staff page, read 2026-10-09",official_university,yes,2026-10-09,
SSC_NOVA_SOUTHEASTERN_UNIVERSITY_WSOC,Nova Southeastern University,Stephen,Burgess,Interim Women's Soccer Head Coach,sburgess@nova.edu,,,https://nsusharks.com/sports/womens-soccer/coaches,"Official athletics staff page, read 2026-10-09",official_university,yes,2026-10-09,
SSC_NOVA_SOUTHEASTERN_UNIVERSITY_WSOC,Nova Southeastern University,Agustin,Iusem,Graduate Assistant Women's Soccer Coach,ai521@nova.edu,,,https://nsusharks.com/sports/womens-soccer/coaches,"Official athletics staff page, read 2026-10-09",official_university,yes,2026-10-09,
SSC_PALM_BEACH_ATLANTIC_UNIVERSITY_WSOC,Palm Beach Atlantic University,Stephanie,Cradduck,Head Women's Soccer Coach,stephanie_cradduck@pba.edu,561-803-2526,,https://pbasailfish.com/sports/womens-soccer/coaches,"Official athletics staff page, read 2026-10-09",official_university,yes,2026-10-09,
SSC_PALM_BEACH_ATLANTIC_UNIVERSITY_WSOC,Palm Beach Atlantic University,Matteo,Scarduzio,Goalkeeper Coach,matteo_scarduzio@pba.edu,,,https://pbasailfish.com/sports/womens-soccer/coaches,"Official athletics staff page, read 2026-10-09",official_university,yes,2026-10-09,
SSC_ROLLINS_COLLEGE_WSOC,Rollins College,Alicia,Schuck,Head Coach,aschuck@rollins.edu,407-646-2142,,https://rollinssports.com/sports/womens-soccer/coaches,"Official athletics staff page, read 2026-10-09",official_university,yes,2026-10-09,
SSC_ROLLINS_COLLEGE_WSOC,Rollins College,Laszlo van,Straelen,Assistant Coach/Recruiting Coordinator,lvanstraelen@rollins.edu,,,https://rollinssports.com/sports/womens-soccer/coaches,"Official athletics staff page, read 2026-10-09",official_university,yes,2026-10-09,
SSC_ROLLINS_COLLEGE_WSOC,Rollins College,Alex,Mathias,Assistant Coach,amathias@rollins.edu,,,https://rollinssports.com/sports/womens-soccer/coaches,"Official athletics staff page, read 2026-10-09",official_university,yes,2026-10-09,
SSC_SAINT_LEO_UNIVERSITY_WSOC,Saint Leo University,Alex,Greco,Head Coach,alexander.greco@saintleo.edu,,,https://saintleolions.com/sports/womens-soccer/coaches,"Official athletics staff page, read 2026-10-09",official_university,yes,2026-10-09,
SSC_SAINT_LEO_UNIVERSITY_WSOC,Saint Leo University,Geraldine,Alvarez,Assistant Coach,geraldinejulieth.a@email.saintleo.edu,(352) 588-8560,,https://saintleolions.com/sports/womens-soccer/coaches,"Official athletics staff page, read 2026-10-09",official_university,yes,2026-10-09,
SSC_SAINT_LEO_UNIVERSITY_WSOC,Saint Leo University,Alex,Collighan,Assistant Coach,alexandra.colligha@email.saintleo.edu,(352) 588-8233,,https://saintleolions.com/sports/womens-soccer/coaches,"Official athletics staff page, read 2026-10-09",official_university,yes,2026-10-09,
SSC_SAINT_LEO_UNIVERSITY_WSOC,Saint Leo University,Yannis,Sapim,Assistant Coach,yannis.sapim@email.saintleo.edu,(352) 588-7351,,https://saintleolions.com/sports/womens-soccer/coaches,"Official athletics staff page, read 2026-10-09",official_university,yes,2026-10-09,
SSC_SAINT_LEO_UNIVERSITY_WSOC,Saint Leo University,Hannah,Harbich-Kuster,Assistant Coach,hannah.harbich-kus@email.saintleo.edu,(352) 588-8584,,https://saintleolions.com/sports/womens-soccer/coaches,"Official athletics staff page, read 2026-10-09",official_university,yes,2026-10-09,
