sport,gender,division,school_name,state,logo_url,source_url,source_name,source_type,verified,notes
soccer,women,D1,Abilene Christian,Texas,https://thumb.wikimedia.org/wikipedia/commons/thumb/2/26/Abilene_Christian_Wildcats_Wordmark.png/250px-Abilene_Christian_Wildcats_Wordmark.png?utm_source=en.wikipedia.org&utm_campaign=api&utm_content=thumbnail,https://en.wikipedia.org/wiki/Abilene_Christian_Wildcats,Wikipedia athletics page lead image (logo),other,no,
soccer,women,D1,Air Force,Colorado,https://thumb.wikimedia.org/wikipedia/commons/thumb/d/dc/Air_Force_Falcons_logo.svg/250px-Air_Force_Falcons_logo.svg.png?utm_source=en.wikipedia.org&utm_campaign=api&utm_content=thumbnail,https://en.wikipedia.org/wiki/Air_Force_Falcons,Wikipedia athletics page lead image (logo),other,no,
soccer,women,D1,Akron,Ohio,https://thumb.wikimedia.org/wikipedia/commons/thumb/0/01/Akron_Zips_logo_2022.svg/250px-Akron_Zips_logo_2022.svg.png?utm_source=en.wikipedia.org&utm_campaign=api&utm_content=thumbnail,https://en.wikipedia.org/wiki/Akron_Zips,Wikipedia athletics page lead image (logo),other,no,
soccer,women,D1,Alabama,Alabama,https://thumb.wikimedia.org/wikipedia/commons/thumb/1/12/Alabama_Athletics_logo.svg/250px-Alabama_Athletics_logo.svg.png?utm_source=en.wikipedia.org&utm_campaign=api&utm_content=thumbnail,https://en.wikipedia.org/wiki/Alabama_Crimson_Tide,Wikipedia athletics page lead image (logo),other,no,
soccer,women,D1,Alabama A&M,Alabama,https://thumb.wikimedia.org/wikipedia/commons/thumb/b/b3/Alabama_A%26M_Bulldogs_logo.svg/250px-Alabama_A%26M_Bulldogs_logo.svg.png?utm_source=en.wikipedia.org&utm_campaign=imageinfo&utm_content=thumbnail,https://en.wikipedia.org/wiki/Alabama_A%26M_Bulldogs_and_Lady_Bulldogs,Wikipedia athletics page lead image (logo),other,no,
soccer,women,D1,Alabama State,Alabama,https://thumb.wikimedia.org/wikipedia/commons/thumb/b/b0/Alabama_State_ASU_Wordmark.png/250px-Alabama_State_ASU_Wordmark.png?utm_source=en.wikipedia.org&utm_campaign=imageinfo&utm_content=thumbnail,https://en.wikipedia.org/wiki/Alabama_State_Hornets_and_Lady_Hornets,Wikipedia athletics page lead image (logo),other,no,
soccer,women,D1,Albany,New York,https://thumb.wikimedia.org/wikipedia/en/thumb/c/c7/UAlbany_Great_Danes_logo.svg/250px-UAlbany_Great_Danes_logo.svg.png?utm_source=en.wikipedia.org&utm_campaign=imageinfo&utm_content=thumbnail,https://en.wikipedia.org/wiki/Albany_Great_Danes,Wikipedia athletics page lead image (logo),other,no,
soccer,women,D1,Alcorn State,Mississippi,https://thumb.wikimedia.org/wikipedia/commons/thumb/f/fa/Alcorn_asu_wordmark_purple_2004.png/250px-Alcorn_asu_wordmark_purple_2004.png?utm_source=en.wikipedia.org&utm_campaign=api&utm_content=thumbnail,https://en.wikipedia.org/wiki/Alcorn_State_Braves_and_Lady_Braves,Wikipedia athletics page lead image (logo),other,no,
soccer,women,D1,American,District of Columbia,https://thumb.wikimedia.org/wikipedia/commons/thumb/f/f3/American_Eagles_logo.svg/250px-American_Eagles_logo.svg.png?utm_source=en.wikipedia.org&utm_campaign=api&utm_content=thumbnail,https://en.wikipedia.org/wiki/American_Eagles,Wikipedia athletics page lead image (logo),other,no,
soccer,women,D1,Appalachian State,North Carolina,https://thumb.wikimedia.org/wikipedia/commons/thumb/a/a9/Appalachian_State_Mountaineers_logo.svg/250px-Appalachian_State_Mountaineers_logo.svg.png?utm_source=en.wikipedia.org&utm_campaign=api&utm_content=thumbnail,https://en.wikipedia.org/wiki/Appalachian_State_Mountaineers,Wikipedia athletics page lead image (logo),other,no,
soccer,women,D1,Arizona,Arizona,https://thumb.wikimedia.org/wikipedia/commons/thumb/3/34/Arizona_Wildcats_logo.svg/250px-Arizona_Wildcats_logo.svg.png?utm_source=en.wikipedia.org&utm_campaign=api&utm_content=thumbnail,https://en.wikipedia.org/wiki/Arizona_Wildcats,Wikipedia athletics page lead image (logo),other,no,
soccer,women,D1,Arizona State,Arizona,https://thumb.wikimedia.org/wikipedia/commons/thumb/6/6c/Arizona_State_Athletics_wordmark.svg/250px-Arizona_State_Athletics_wordmark.svg.png?utm_source=en.wikipedia.org&utm_campaign=imageinfo&utm_content=thumbnail,https://en.wikipedia.org/wiki/Arizona_State_Sun_Devils,Wikipedia athletics page lead image (logo),other,no,
soccer,women,D1,Arkansas,Arkansas,https://thumb.wikimedia.org/wikipedia/en/thumb/3/30/Arkansas_razorbacks_logo.png/250px-Arkansas_razorbacks_logo.png?utm_source=en.wikipedia.org&utm_campaign=imageinfo&utm_content=thumbnail,https://en.wikipedia.org/wiki/Arkansas_Razorbacks,Wikipedia athletics page lead image (logo),other,no,
soccer,women,D1,Arkansas State,Arkansas,https://thumb.wikimedia.org/wikipedia/commons/thumb/8/8f/Arkansas_State_Red_Wolves_wordmark.svg/250px-Arkansas_State_Red_Wolves_wordmark.svg.png?utm_source=en.wikipedia.org&utm_campaign=api&utm_content=thumbnail,https://en.wikipedia.org/wiki/Arkansas_State_Red_Wolves,Wikipedia athletics page lead image (logo),other,no,
soccer,women,D1,Arkansas–Pine Bluff,Arkansas,https://thumb.wikimedia.org/wikipedia/commons/thumb/8/89/Arkansas%E2%80%93Pine_Bluff_Golden_Lions_wordmark.svg/250px-Arkansas%E2%80%93Pine_Bluff_Golden_Lions_wordmark.svg.png?utm_source=en.wikipedia.org&utm_campaign=api&utm_content=thumbnail,https://en.wikipedia.org/wiki/Arkansas%E2%80%93Pine_Bluff_Golden_Lions,Wikipedia athletics page lead image (logo),other,no,
soccer,women,D1,Army,New York,https://thumb.wikimedia.org/wikipedia/commons/thumb/0/01/Army_West_Point_logo.svg/250px-Army_West_Point_logo.svg.png?utm_source=en.wikipedia.org&utm_campaign=api&utm_content=thumbnail,https://en.wikipedia.org/wiki/Army_Black_Knights,Wikipedia athletics page lead image (logo),other,no,
soccer,women,D1,Auburn,Alabama,https://thumb.wikimedia.org/wikipedia/commons/thumb/1/15/Auburn_Tigers_logo.svg/250px-Auburn_Tigers_logo.svg.png?utm_source=en.wikipedia.org&utm_campaign=api&utm_content=thumbnail,https://en.wikipedia.org/wiki/Auburn_Tigers,Wikipedia athletics page lead image (logo),other,no,
soccer,women,D1,Austin Peay,Tennessee,https://thumb.wikimedia.org/wikipedia/en/thumb/a/a8/Austin_Peay_Governors_logo.svg/250px-Austin_Peay_Governors_logo.svg.png?utm_source=en.wikipedia.org&utm_campaign=imageinfo&utm_content=thumbnail,https://en.wikipedia.org/wiki/Austin_Peay_Governors,Wikipedia athletics page lead image (logo),other,no,
soccer,women,D1,Ball State,Indiana,https://thumb.wikimedia.org/wikipedia/en/thumb/e/e4/Ball_State_Cardinals_logo.svg/250px-Ball_State_Cardinals_logo.svg.png?utm_source=en.wikipedia.org&utm_campaign=imageinfo&utm_content=thumbnail,https://en.wikipedia.org/wiki/Ball_State_Cardinals,Wikipedia athletics page lead image (logo),other,no,
soccer,women,D1,Baylor,Texas,https://thumb.wikimedia.org/wikipedia/commons/thumb/c/c4/Baylor_Athletics_logo.svg/250px-Baylor_Athletics_logo.svg.png?utm_source=en.wikipedia.org&utm_campaign=api&utm_content=thumbnail,https://en.wikipedia.org/wiki/Baylor_Bears,Wikipedia athletics page lead image (logo),other,no,
soccer,women,D1,Bellarmine,Kentucky,https://thumb.wikimedia.org/wikipedia/commons/thumb/6/67/Bellarmine_athletics_logo.png/250px-Bellarmine_athletics_logo.png?utm_source=en.wikipedia.org&utm_campaign=imageinfo&utm_content=thumbnail,https://en.wikipedia.org/wiki/Bellarmine_Knights,Wikipedia athletics page lead image (logo),other,no,
soccer,women,D1,Belmont,Tennessee,https://thumb.wikimedia.org/wikipedia/commons/thumb/f/fb/Belmont_Bruins_wordmark.svg/250px-Belmont_Bruins_wordmark.svg.png?utm_source=en.wikipedia.org&utm_campaign=api&utm_content=thumbnail,https://en.wikipedia.org/wiki/Belmont_Bruins,Wikipedia athletics page lead image (logo),other,no,
soccer,women,D1,Binghamton,New York,https://thumb.wikimedia.org/wikipedia/commons/thumb/f/f9/Binghamton_Bearcats_Wordmark.png/250px-Binghamton_Bearcats_Wordmark.png?utm_source=en.wikipedia.org&utm_campaign=imageinfo&utm_content=thumbnail,https://en.wikipedia.org/wiki/Binghamton_Bearcats,Wikipedia athletics page lead image (logo),other,no,
soccer,women,D1,Boise State,Idaho,https://thumb.wikimedia.org/wikipedia/commons/thumb/a/a9/Boise_State_Broncos_wordmark.svg/250px-Boise_State_Broncos_wordmark.svg.png?utm_source=en.wikipedia.org&utm_campaign=imageinfo&utm_content=thumbnail,https://en.wikipedia.org/wiki/Boise_State_Broncos,Wikipedia athletics page lead image (logo),other,no,
soccer,women,D1,Boston College,Massachusetts,https://thumb.wikimedia.org/wikipedia/en/thumb/9/96/Boston_College_Eagles_logo.svg/250px-Boston_College_Eagles_logo.svg.png?utm_source=en.wikipedia.org&utm_campaign=imageinfo&utm_content=thumbnail,https://en.wikipedia.org/wiki/Boston_College_Eagles,Wikipedia athletics page lead image (logo),other,no,
soccer,women,D1,Boston University,Massachusetts,https://thumb.wikimedia.org/wikipedia/commons/thumb/3/3c/Boston_terriers_wordmark_2015.png/250px-Boston_terriers_wordmark_2015.png?utm_source=en.wikipedia.org&utm_campaign=api&utm_content=thumbnail,https://en.wikipedia.org/wiki/Boston_University_Terriers,Wikipedia athletics page lead image (logo),other,no,
soccer,women,D1,Bowling Green,Ohio,https://thumb.wikimedia.org/wikipedia/en/thumb/2/2b/Bowling_Green_Falcons_logo.svg/250px-Bowling_Green_Falcons_logo.svg.png?utm_source=en.wikipedia.org&utm_campaign=imageinfo&utm_content=thumbnail,https://en.wikipedia.org/wiki/Bowling_Green_Falcons,Wikipedia athletics page lead image (logo),other,no,
soccer,women,D1,Brown,Rhode Island,https://thumb.wikimedia.org/wikipedia/commons/thumb/4/4b/Brown_Bears_Athletics_Logo.png/250px-Brown_Bears_Athletics_Logo.png?utm_source=en.wikipedia.org&utm_campaign=api&utm_content=thumbnail,https://en.wikipedia.org/wiki/Brown_Bears,Wikipedia athletics page lead image (logo),other,no,
soccer,women,D1,Bryant,Rhode Island,https://thumb.wikimedia.org/wikipedia/en/thumb/c/ca/Bryant_Bulldogs_logo.svg/250px-Bryant_Bulldogs_logo.svg.png?utm_source=en.wikipedia.org&utm_campaign=imageinfo&utm_content=thumbnail,https://en.wikipedia.org/wiki/Bryant_Bulldogs,Wikipedia athletics page lead image (logo),other,no,
soccer,women,D1,Bucknell,Pennsylvania,https://thumb.wikimedia.org/wikipedia/en/thumb/3/3a/Bucknell_Bison_logo.svg/250px-Bucknell_Bison_logo.svg.png?utm_source=en.wikipedia.org&utm_campaign=imageinfo&utm_content=thumbnail,https://en.wikipedia.org/wiki/Bucknell_Bison,Wikipedia athletics page lead image (logo),other,no,
soccer,women,D1,Buffalo,New York,https://thumb.wikimedia.org/wikipedia/en/thumb/5/5e/Buffalo_Bulls_Athletic_Logo.svg/250px-Buffalo_Bulls_Athletic_Logo.svg.png?utm_source=en.wikipedia.org&utm_campaign=imageinfo&utm_content=thumbnail,https://en.wikipedia.org/wiki/Buffalo_Bulls,Wikipedia athletics page lead image (logo),other,no,
soccer,women,D1,Butler,Indiana,https://thumb.wikimedia.org/wikipedia/en/thumb/0/06/Butler_Bulldogs_logo.svg/250px-Butler_Bulldogs_logo.svg.png?utm_source=en.wikipedia.org&utm_campaign=imageinfo&utm_content=thumbnail,https://en.wikipedia.org/wiki/Butler_Bulldogs,Wikipedia athletics page lead image (logo),other,no,
soccer,women,D1,BYU,Utah,https://thumb.wikimedia.org/wikipedia/commons/thumb/a/a7/BYU_Stretch_Y_Logo.png/250px-BYU_Stretch_Y_Logo.png?utm_source=en.wikipedia.org&utm_campaign=api&utm_content=thumbnail,https://en.wikipedia.org/wiki/BYU_Cougars,Wikipedia athletics page lead image (logo),other,no,
soccer,women,D1,Cal Poly,California,https://thumb.wikimedia.org/wikipedia/commons/thumb/0/0e/Cal_Poly_Mustangs_logo.svg/250px-Cal_Poly_Mustangs_logo.svg.png?utm_source=en.wikipedia.org&utm_campaign=api&utm_content=thumbnail,https://en.wikipedia.org/wiki/Cal_Poly_Mustangs,Wikipedia athletics page lead image (logo),other,no,
soccer,women,D1,Cal State Bakersfield,California,https://thumb.wikimedia.org/wikipedia/en/thumb/c/cc/Cal_State_Bakersfield_Roadrunners_logo.svg/250px-Cal_State_Bakersfield_Roadrunners_logo.svg.png?utm_source=en.wikipedia.org&utm_campaign=imageinfo&utm_content=thumbnail,https://en.wikipedia.org/wiki/Cal_State_Bakersfield_Roadrunners,Wikipedia athletics page lead image (logo),other,no,
soccer,women,D1,Cal State Fullerton,California,https://thumb.wikimedia.org/wikipedia/commons/thumb/0/0e/Cal_State_Fullerton_Titans_logo.svg/250px-Cal_State_Fullerton_Titans_logo.svg.png?utm_source=en.wikipedia.org&utm_campaign=imageinfo&utm_content=thumbnail,https://en.wikipedia.org/wiki/Cal_State_Fullerton_Titans,Wikipedia athletics page lead image (logo),other,no,
soccer,women,D1,California,California,https://thumb.wikimedia.org/wikipedia/commons/thumb/8/8b/California_Golden_Bears_logo.svg/250px-California_Golden_Bears_logo.svg.png?utm_source=en.wikipedia.org&utm_campaign=api&utm_content=thumbnail,https://en.wikipedia.org/wiki/California_Golden_Bears,Wikipedia athletics page lead image (logo),other,no,
soccer,women,D1,California Baptist,California,https://thumb.wikimedia.org/wikipedia/commons/thumb/6/69/California_Baptist_Lancers_wordmark.svg/250px-California_Baptist_Lancers_wordmark.svg.png?utm_source=en.wikipedia.org&utm_campaign=api&utm_content=thumbnail,https://en.wikipedia.org/wiki/California_Baptist_Lancers,Wikipedia athletics page lead image (logo),other,no,
soccer,women,D1,Campbell,North Carolina,https://thumb.wikimedia.org/wikipedia/commons/thumb/6/6c/Camel_fighting_camels_wordmark.png/250px-Camel_fighting_camels_wordmark.png?utm_source=en.wikipedia.org&utm_campaign=api&utm_content=thumbnail,https://en.wikipedia.org/wiki/Campbell_Fighting_Camels,Wikipedia athletics page lead image (logo),other,no,
soccer,women,D1,Canisius,New York,https://thumb.wikimedia.org/wikipedia/commons/thumb/8/81/Canisius_Athletics_wordmark.png/250px-Canisius_Athletics_wordmark.png?utm_source=en.wikipedia.org&utm_campaign=api&utm_content=thumbnail,https://en.wikipedia.org/wiki/Canisius_Golden_Griffins,Wikipedia athletics page lead image (logo),other,no,
soccer,women,D1,Central Arkansas,Arkansas,https://thumb.wikimedia.org/wikipedia/commons/thumb/6/60/Central_Arkansas_Athletics_wordmark.svg/250px-Central_Arkansas_Athletics_wordmark.svg.png?utm_source=en.wikipedia.org&utm_campaign=api&utm_content=thumbnail,https://en.wikipedia.org/wiki/Central_Arkansas_Bears_and_Sugar_Bears,Wikipedia athletics page lead image (logo),other,no,
soccer,women,D1,Central Connecticut,Connecticut,https://thumb.wikimedia.org/wikipedia/en/thumb/9/90/Central_Connecticut_Blue_Devils_logo.svg/250px-Central_Connecticut_Blue_Devils_logo.svg.png?utm_source=en.wikipedia.org&utm_campaign=imageinfo&utm_content=thumbnail,https://en.wikipedia.org/wiki/Central_Connecticut_Blue_Devils,Wikipedia athletics page lead image (logo),other,no,
soccer,women,D1,Central Michigan,Michigan,https://thumb.wikimedia.org/wikipedia/commons/thumb/2/2a/Central_Michigan_Chippewas_logo.svg/250px-Central_Michigan_Chippewas_logo.svg.png?utm_source=en.wikipedia.org&utm_campaign=api&utm_content=thumbnail,https://en.wikipedia.org/wiki/Central_Michigan_Chippewas,Wikipedia athletics page lead image (logo),other,no,
soccer,women,D1,Charleston,South Carolina,https://thumb.wikimedia.org/wikipedia/commons/thumb/0/05/College_of_Charleston_Cougars_logo.svg/250px-College_of_Charleston_Cougars_logo.svg.png?utm_source=en.wikipedia.org&utm_campaign=api&utm_content=thumbnail,https://en.wikipedia.org/wiki/Charleston_Cougars,Wikipedia athletics page lead image (logo),other,no,
soccer,women,D1,Charleston Southern,South Carolina,https://thumb.wikimedia.org/wikipedia/en/thumb/8/86/Charleston_Southern_Buccaneers_logo.svg/250px-Charleston_Southern_Buccaneers_logo.svg.png?utm_source=en.wikipedia.org&utm_campaign=imageinfo&utm_content=thumbnail,https://en.wikipedia.org/wiki/Charleston_Southern_Buccaneers,Wikipedia athletics page lead image (logo),other,no,
soccer,women,D1,Charlotte,North Carolina,https://thumb.wikimedia.org/wikipedia/commons/thumb/8/8b/Charlotte49ers_alt_logo.png/250px-Charlotte49ers_alt_logo.png?utm_source=en.wikipedia.org&utm_campaign=api&utm_content=thumbnail,https://en.wikipedia.org/wiki/Charlotte_49ers,Wikipedia athletics page lead image (logo),other,no,
soccer,women,D1,Chattanooga,Tennessee,https://thumb.wikimedia.org/wikipedia/commons/thumb/5/5d/Chattanooga_Mocs_logo.svg/250px-Chattanooga_Mocs_logo.svg.png?utm_source=en.wikipedia.org&utm_campaign=api&utm_content=thumbnail,https://en.wikipedia.org/wiki/Chattanooga_Mocs,Wikipedia athletics page lead image (logo),other,no,
soccer,women,D1,Chicago State,Illinois,https://thumb.wikimedia.org/wikipedia/commons/thumb/5/5c/Chicago_State_Athletics_wordmark.png/250px-Chicago_State_Athletics_wordmark.png?utm_source=en.wikipedia.org&utm_campaign=api&utm_content=thumbnail,https://en.wikipedia.org/wiki/Chicago_State_Cougars,Wikipedia athletics page lead image (logo),other,no,
soccer,women,D1,Cincinnati,Ohio,https://thumb.wikimedia.org/wikipedia/commons/thumb/2/2c/Cincinnati_Bearcats_logo.svg/250px-Cincinnati_Bearcats_logo.svg.png?utm_source=en.wikipedia.org&utm_campaign=imageinfo&utm_content=thumbnail,https://en.wikipedia.org/wiki/Cincinnati_Bearcats,Wikipedia athletics page lead image (logo),other,no,
soccer,women,D1,Clemson,South Carolina,https://thumb.wikimedia.org/wikipedia/commons/thumb/7/72/Clemson_Tigers_logo.svg/250px-Clemson_Tigers_logo.svg.png?utm_source=en.wikipedia.org&utm_campaign=api&utm_content=thumbnail,https://en.wikipedia.org/wiki/Clemson_Tigers,Wikipedia athletics page lead image (logo),other,no,
soccer,women,D1,Cleveland State,Ohio,https://thumb.wikimedia.org/wikipedia/commons/thumb/4/4d/Cleveland_st_vikings_wordmark_2007.png/250px-Cleveland_st_vikings_wordmark_2007.png?utm_source=en.wikipedia.org&utm_campaign=api&utm_content=thumbnail,https://en.wikipedia.org/wiki/Cleveland_State_Vikings,Wikipedia athletics page lead image (logo),other,no,
soccer,women,D1,Coastal Carolina,South Carolina,https://thumb.wikimedia.org/wikipedia/commons/thumb/9/9f/Coastal_Carolina_Chanticleers_wordmark.svg/250px-Coastal_Carolina_Chanticleers_wordmark.svg.png?utm_source=en.wikipedia.org&utm_campaign=api&utm_content=thumbnail,https://en.wikipedia.org/wiki/Coastal_Carolina_Chanticleers,Wikipedia athletics page lead image (logo),other,no,
soccer,women,D1,Colgate,New York,https://thumb.wikimedia.org/wikipedia/commons/thumb/8/84/Colgate_Raiders_%282020%29_logo.svg/250px-Colgate_Raiders_%282020%29_logo.svg.png?utm_source=en.wikipedia.org&utm_campaign=api&utm_content=thumbnail,https://en.wikipedia.org/wiki/Colgate_Raiders,Wikipedia athletics page lead image (logo),other,no,
soccer,women,D1,Colorado,Colorado,https://thumb.wikimedia.org/wikipedia/en/thumb/d/d3/Colorado_Buffaloes_logo.svg/250px-Colorado_Buffaloes_logo.svg.png?utm_source=en.wikipedia.org&utm_campaign=imageinfo&utm_content=thumbnail,https://en.wikipedia.org/wiki/Colorado_Buffaloes,Wikipedia athletics page lead image (logo),other,no,
soccer,women,D1,Colorado College,Colorado,https://thumb.wikimedia.org/wikipedia/en/thumb/f/ff/Colorado_College_Tigers_logo.svg/250px-Colorado_College_Tigers_logo.svg.png?utm_source=en.wikipedia.org&utm_campaign=imageinfo&utm_content=thumbnail,https://en.wikipedia.org/wiki/Colorado_College_Tigers,Wikipedia athletics page lead image (logo),other,no,
soccer,women,D1,Colorado State,Colorado,https://thumb.wikimedia.org/wikipedia/commons/thumb/b/b7/Colorado_State_Rams_wordmark.svg/250px-Colorado_State_Rams_wordmark.svg.png?utm_source=en.wikipedia.org&utm_campaign=api&utm_content=thumbnail,https://en.wikipedia.org/wiki/Colorado_State_Rams,Wikipedia athletics page lead image (logo),other,no,
soccer,women,D1,Columbia,New York,https://thumb.wikimedia.org/wikipedia/en/thumb/5/5f/Columbia_Lions_logo.svg/250px-Columbia_Lions_logo.svg.png?utm_source=en.wikipedia.org&utm_campaign=imageinfo&utm_content=thumbnail,https://en.wikipedia.org/wiki/Columbia_Lions,Wikipedia athletics page lead image (logo),other,no,
soccer,women,D1,Cornell,New York,https://thumb.wikimedia.org/wikipedia/en/thumb/9/9b/Cornell_Big_Red_logo.svg/250px-Cornell_Big_Red_logo.svg.png?utm_source=en.wikipedia.org&utm_campaign=imageinfo&utm_content=thumbnail,https://en.wikipedia.org/wiki/Cornell_Big_Red,Wikipedia athletics page lead image (logo),other,no,
soccer,women,D1,Creighton,Nebraska,https://thumb.wikimedia.org/wikipedia/en/thumb/6/6f/Creighton_Bluejays_logo.svg/250px-Creighton_Bluejays_logo.svg.png?utm_source=en.wikipedia.org&utm_campaign=imageinfo&utm_content=thumbnail,https://en.wikipedia.org/wiki/Creighton_Bluejays,Wikipedia athletics page lead image (logo),other,no,
soccer,women,D1,Dartmouth,New Hampshire,https://thumb.wikimedia.org/wikipedia/commons/thumb/a/af/Dartmouth_College_Big_Green_logo.svg/250px-Dartmouth_College_Big_Green_logo.svg.png?utm_source=en.wikipedia.org&utm_campaign=api&utm_content=thumbnail,https://en.wikipedia.org/wiki/Dartmouth_Big_Green,Wikipedia athletics page lead image (logo),other,no,
soccer,women,D1,Davidson,North Carolina,https://thumb.wikimedia.org/wikipedia/commons/thumb/3/36/Davidson_Wildcats_logo.png/250px-Davidson_Wildcats_logo.png?utm_source=en.wikipedia.org&utm_campaign=api&utm_content=thumbnail,https://en.wikipedia.org/wiki/Davidson_Wildcats,Wikipedia athletics page lead image (logo),other,no,
soccer,women,D1,Dayton,Ohio,https://thumb.wikimedia.org/wikipedia/commons/thumb/d/d0/Dayton_Flyers_logo.svg/250px-Dayton_Flyers_logo.svg.png?utm_source=en.wikipedia.org&utm_campaign=api&utm_content=thumbnail,https://en.wikipedia.org/wiki/Dayton_Flyers,Wikipedia athletics page lead image (logo),other,no,
soccer,women,D1,Delaware,Delaware,https://thumb.wikimedia.org/wikipedia/commons/thumb/7/73/Delaware_Blue_Hens_wordmark.svg/250px-Delaware_Blue_Hens_wordmark.svg.png?utm_source=en.wikipedia.org&utm_campaign=api&utm_content=thumbnail,https://en.wikipedia.org/wiki/Delaware_Fightin'_Blue_Hens,Wikipedia athletics page lead image (logo),other,no,
soccer,women,D1,Delaware State,Delaware,https://thumb.wikimedia.org/wikipedia/commons/thumb/0/08/Delaware_State_Hornets_wordmark.svg/250px-Delaware_State_Hornets_wordmark.svg.png?utm_source=en.wikipedia.org&utm_campaign=api&utm_content=thumbnail,https://en.wikipedia.org/wiki/Delaware_State_Hornets,Wikipedia athletics page lead image (logo),other,no,
soccer,women,D1,Denver,Colorado,https://thumb.wikimedia.org/wikipedia/commons/thumb/3/33/Denver_Pioneers_Athletics_logo.svg/250px-Denver_Pioneers_Athletics_logo.svg.png?utm_source=en.wikipedia.org&utm_campaign=api&utm_content=thumbnail,https://en.wikipedia.org/wiki/Denver_Pioneers,Wikipedia athletics page lead image (logo),other,no,
soccer,women,D1,DePaul,Illinois,https://thumb.wikimedia.org/wikipedia/commons/thumb/1/1b/DePaul_Athletics_Logo_NEW2025.png/250px-DePaul_Athletics_Logo_NEW2025.png?utm_source=en.wikipedia.org&utm_campaign=api&utm_content=thumbnail,https://en.wikipedia.org/wiki/DePaul_Blue_Demons,Wikipedia athletics page lead image (logo),other,no,
soccer,women,D1,Detroit Mercy,Michigan,https://thumb.wikimedia.org/wikipedia/commons/thumb/c/c1/Detroit_titans_wordmark_2008.png/250px-Detroit_titans_wordmark_2008.png?utm_source=en.wikipedia.org&utm_campaign=api&utm_content=thumbnail,https://en.wikipedia.org/wiki/Detroit_Mercy_Titans,Wikipedia athletics page lead image (logo),other,no,
soccer,women,D1,Drake,Iowa,https://thumb.wikimedia.org/wikipedia/commons/thumb/c/c9/Drake_bulldogs_wmark_2011.png/250px-Drake_bulldogs_wmark_2011.png?utm_source=en.wikipedia.org&utm_campaign=api&utm_content=thumbnail,https://en.wikipedia.org/wiki/Drake_Bulldogs,Wikipedia athletics page lead image (logo),other,no,
soccer,women,D1,Drexel,Pennsylvania,https://thumb.wikimedia.org/wikipedia/commons/thumb/3/3c/Drexe_dragons_wordmark_2012.png/250px-Drexe_dragons_wordmark_2012.png?utm_source=en.wikipedia.org&utm_campaign=api&utm_content=thumbnail,https://en.wikipedia.org/wiki/Drexel_Dragons,Wikipedia athletics page lead image (logo),other,no,
soccer,women,D1,Duke,North Carolina,https://thumb.wikimedia.org/wikipedia/commons/thumb/e/e1/Duke_Athletics_logo.svg/250px-Duke_Athletics_logo.svg.png?utm_source=en.wikipedia.org&utm_campaign=api&utm_content=thumbnail,https://en.wikipedia.org/wiki/Duke_Blue_Devils,Wikipedia athletics page lead image (logo),other,no,
soccer,women,D1,Duquesne,Pennsylvania,https://thumb.wikimedia.org/wikipedia/commons/thumb/a/ab/Duquesne_dukes_wordmark_2019.png/250px-Duquesne_dukes_wordmark_2019.png?utm_source=en.wikipedia.org&utm_campaign=imageinfo&utm_content=thumbnail,https://en.wikipedia.org/wiki/Duquesne_Dukes,Wikipedia athletics page lead image (logo),other,no,
soccer,women,D1,East Carolina,North Carolina,https://thumb.wikimedia.org/wikipedia/en/thumb/c/c7/East_Carolina_Pirates_logo.svg/250px-East_Carolina_Pirates_logo.svg.png?utm_source=en.wikipedia.org&utm_campaign=imageinfo&utm_content=thumbnail,https://en.wikipedia.org/wiki/East_Carolina_Pirates,Wikipedia athletics page lead image (logo),other,no,
soccer,women,D1,East Tennessee State,Tennessee,https://thumb.wikimedia.org/wikipedia/commons/thumb/a/ab/East_Tennessee_State_Buccaneers_logo.svg/250px-East_Tennessee_State_Buccaneers_logo.svg.png?utm_source=en.wikipedia.org&utm_campaign=api&utm_content=thumbnail,https://en.wikipedia.org/wiki/East_Tennessee_State_Buccaneers,Wikipedia athletics page lead image (logo),other,no,
soccer,women,D1,Eastern Illinois,Illinois,https://thumb.wikimedia.org/wikipedia/commons/thumb/4/48/Eastern_Illinois_Panthers_wordmark.svg/250px-Eastern_Illinois_Panthers_wordmark.svg.png?utm_source=en.wikipedia.org&utm_campaign=api&utm_content=thumbnail,https://en.wikipedia.org/wiki/Eastern_Illinois_Panthers,Wikipedia athletics page lead image (logo),other,no,
soccer,women,D1,Eastern Kentucky,Kentucky,https://thumb.wikimedia.org/wikipedia/commons/thumb/b/b1/Eastern_Kentucky_Colonels_logo.svg/250px-Eastern_Kentucky_Colonels_logo.svg.png?utm_source=en.wikipedia.org&utm_campaign=api&utm_content=thumbnail,https://en.wikipedia.org/wiki/Eastern_Kentucky_Colonels,Wikipedia athletics page lead image (logo),other,no,
soccer,women,D1,Eastern Michigan,Michigan,https://thumb.wikimedia.org/wikipedia/commons/thumb/c/c1/Eastern_Michigan_Eagles_logo.svg/250px-Eastern_Michigan_Eagles_logo.svg.png?utm_source=en.wikipedia.org&utm_campaign=api&utm_content=thumbnail,https://en.wikipedia.org/wiki/Eastern_Michigan_Eagles,Wikipedia athletics page lead image (logo),other,no,
soccer,women,D1,Eastern Washington,Washington,https://thumb.wikimedia.org/wikipedia/en/thumb/8/80/Eastern_Washington_Eagles_logo.svg/250px-Eastern_Washington_Eagles_logo.svg.png?utm_source=en.wikipedia.org&utm_campaign=imageinfo&utm_content=thumbnail,https://en.wikipedia.org/wiki/Eastern_Washington_Eagles,Wikipedia athletics page lead image (logo),other,no,
soccer,women,D1,Elon,North Carolina,https://thumb.wikimedia.org/wikipedia/commons/thumb/f/f1/Elon_athletics_wordmark26.png/250px-Elon_athletics_wordmark26.png?utm_source=en.wikipedia.org&utm_campaign=imageinfo&utm_content=thumbnail,https://en.wikipedia.org/wiki/Elon_Phoenix,Wikipedia athletics page lead image (logo),other,no,
soccer,women,D1,Evansville,Indiana,https://thumb.wikimedia.org/wikipedia/commons/thumb/5/5b/Evansville_Athletics_logo.svg/250px-Evansville_Athletics_logo.svg.png?utm_source=en.wikipedia.org&utm_campaign=api&utm_content=thumbnail,https://en.wikipedia.org/wiki/Evansville_Purple_Aces,Wikipedia athletics page lead image (logo),other,no,
soccer,women,D1,Fairfield,Connecticut,https://thumb.wikimedia.org/wikipedia/commons/thumb/0/0f/Fairfield_Stags_logo.svg/250px-Fairfield_Stags_logo.svg.png?utm_source=en.wikipedia.org&utm_campaign=api&utm_content=thumbnail,https://en.wikipedia.org/wiki/Fairfield_Stags,Wikipedia athletics page lead image (logo),other,no,
soccer,women,D1,FIU,Florida,https://thumb.wikimedia.org/wikipedia/commons/thumb/f/f3/FIU_primary_Panther_head_logo_adopted_2022.png/250px-FIU_primary_Panther_head_logo_adopted_2022.png?utm_source=en.wikipedia.org&utm_campaign=api&utm_content=thumbnail,https://en.wikipedia.org/wiki/FIU_Panthers,Wikipedia athletics page lead image (logo),other,no,
soccer,women,D1,Florida,Florida,https://thumb.wikimedia.org/wikipedia/en/thumb/1/14/Florida_Gators_gator_logo.svg/250px-Florida_Gators_gator_logo.svg.png?utm_source=en.wikipedia.org&utm_campaign=imageinfo&utm_content=thumbnail,https://en.wikipedia.org/wiki/Florida_Gators,Wikipedia athletics page lead image (logo),other,no,
soccer,women,D1,Florida Atlantic,Florida,https://thumb.wikimedia.org/wikipedia/commons/thumb/f/f9/Florida_Atlantic_Owls_wordmark.svg/250px-Florida_Atlantic_Owls_wordmark.svg.png?utm_source=en.wikipedia.org&utm_campaign=api&utm_content=thumbnail,https://en.wikipedia.org/wiki/Florida_Atlantic_Owls,Wikipedia athletics page lead image (logo),other,no,
soccer,women,D1,Florida Gulf Coast,Florida,https://thumb.wikimedia.org/wikipedia/commons/thumb/1/1a/Fgcu_athletics_wmark.png/250px-Fgcu_athletics_wmark.png?utm_source=en.wikipedia.org&utm_campaign=api&utm_content=thumbnail,https://en.wikipedia.org/wiki/Florida_Gulf_Coast_Eagles,Wikipedia athletics page lead image (logo),other,no,
soccer,women,D1,Florida State,Florida,https://thumb.wikimedia.org/wikipedia/commons/thumb/2/20/Florida_State_Athletics_wordmark.svg/250px-Florida_State_Athletics_wordmark.svg.png?utm_source=en.wikipedia.org&utm_campaign=imageinfo&utm_content=thumbnail,https://en.wikipedia.org/wiki/Florida_State_Seminoles,Wikipedia athletics page lead image (logo),other,no,
soccer,women,D1,Fordham,New York,https://thumb.wikimedia.org/wikipedia/commons/thumb/c/ca/Fordham_athletics_logo26.png/250px-Fordham_athletics_logo26.png?utm_source=en.wikipedia.org&utm_campaign=api&utm_content=thumbnail,https://en.wikipedia.org/wiki/Fordham_Rams,Wikipedia athletics page lead image (logo),other,no,
soccer,women,D1,Fresno State,California,https://thumb.wikimedia.org/wikipedia/en/thumb/7/7c/Fresno_State_Bulldogs_logo.svg/250px-Fresno_State_Bulldogs_logo.svg.png?utm_source=en.wikipedia.org&utm_campaign=imageinfo&utm_content=thumbnail,https://en.wikipedia.org/wiki/Fresno_State_Bulldogs,Wikipedia athletics page lead image (logo),other,no,
soccer,women,D1,Furman,South Carolina,https://thumb.wikimedia.org/wikipedia/commons/thumb/a/aa/Furman_Paladins_logo.svg/250px-Furman_Paladins_logo.svg.png?utm_source=en.wikipedia.org&utm_campaign=api&utm_content=thumbnail,https://en.wikipedia.org/wiki/Furman_Paladins,Wikipedia athletics page lead image (logo),other,no,
soccer,women,D1,Gardner–Webb,North Carolina,https://thumb.wikimedia.org/wikipedia/commons/thumb/4/4a/Gardnerwebb_wordmark_2022.png/250px-Gardnerwebb_wordmark_2022.png?utm_source=en.wikipedia.org&utm_campaign=imageinfo&utm_content=thumbnail,https://en.wikipedia.org/wiki/Gardner%E2%80%93Webb_Runnin'_Bulldogs,Wikipedia athletics page lead image (logo),other,no,
soccer,women,D1,George Mason,Virginia,https://thumb.wikimedia.org/wikipedia/commons/thumb/9/99/Georgemason_athletics_logo.png/250px-Georgemason_athletics_logo.png?utm_source=en.wikipedia.org&utm_campaign=api&utm_content=thumbnail,https://en.wikipedia.org/wiki/George_Mason_Patriots,Wikipedia athletics page lead image (logo),other,no,
soccer,women,D1,George Washington,District of Columbia,https://thumb.wikimedia.org/wikipedia/commons/thumb/1/12/George_Washington_Athletics_logo.svg/250px-George_Washington_Athletics_logo.svg.png?utm_source=en.wikipedia.org&utm_campaign=api&utm_content=thumbnail,https://en.wikipedia.org/wiki/George_Washington_Revolutionaries,Wikipedia athletics page lead image (logo),other,no,
soccer,women,D1,Georgetown,District of Columbia,https://thumb.wikimedia.org/wikipedia/commons/thumb/9/9f/Georgetown_Hoyas_logo.svg/250px-Georgetown_Hoyas_logo.svg.png?utm_source=en.wikipedia.org&utm_campaign=api&utm_content=thumbnail,https://en.wikipedia.org/wiki/Georgetown_Hoyas,Wikipedia athletics page lead image (logo),other,no,
soccer,women,D1,Georgia,Georgia,https://thumb.wikimedia.org/wikipedia/commons/thumb/8/80/Georgia_Athletics_logo.svg/250px-Georgia_Athletics_logo.svg.png?utm_source=en.wikipedia.org&utm_campaign=api&utm_content=thumbnail,https://en.wikipedia.org/wiki/Georgia_Bulldogs,Wikipedia athletics page lead image (logo),other,no,
soccer,women,D1,Georgia Southern,Georgia,https://thumb.wikimedia.org/wikipedia/en/thumb/2/2a/Georgia_Southern_Eagles_logo.svg/250px-Georgia_Southern_Eagles_logo.svg.png?utm_source=en.wikipedia.org&utm_campaign=imageinfo&utm_content=thumbnail,https://en.wikipedia.org/wiki/Georgia_Southern_Eagles,Wikipedia athletics page lead image (logo),other,no,
soccer,women,D1,Georgia State,Georgia,https://thumb.wikimedia.org/wikipedia/en/thumb/3/3b/Georgia_State_Athletics_logo.svg/250px-Georgia_State_Athletics_logo.svg.png?utm_source=en.wikipedia.org&utm_campaign=imageinfo&utm_content=thumbnail,https://en.wikipedia.org/wiki/Georgia_State_Panthers,Wikipedia athletics page lead image (logo),other,no,
soccer,women,D1,Gonzaga,Washington,https://thumb.wikimedia.org/wikipedia/commons/thumb/b/bf/Gonzaga_Bulldogs_wordmark.svg/250px-Gonzaga_Bulldogs_wordmark.svg.png?utm_source=en.wikipedia.org&utm_campaign=api&utm_content=thumbnail,https://en.wikipedia.org/wiki/Gonzaga_Bulldogs,Wikipedia athletics page lead image (logo),other,no,
soccer,women,D1,Grambling State,Louisiana,https://thumb.wikimedia.org/wikipedia/commons/thumb/1/1b/Grambling_State_Tigers_logo.svg/250px-Grambling_State_Tigers_logo.svg.png?utm_source=en.wikipedia.org&utm_campaign=api&utm_content=thumbnail,https://en.wikipedia.org/wiki/Grambling_State_Tigers,Wikipedia athletics page lead image (logo),other,no,
soccer,women,D1,Grand Canyon,Arizona,https://thumb.wikimedia.org/wikipedia/commons/thumb/b/b6/Grand_Canyon_University_2023_Logo_Update.svg/250px-Grand_Canyon_University_2023_Logo_Update.svg.png?utm_source=en.wikipedia.org&utm_campaign=api&utm_content=thumbnail,https://en.wikipedia.org/wiki/Grand_Canyon_Antelopes,Wikipedia athletics page lead image (logo),other,no,
soccer,women,D1,Green Bay,Wisconsin,https://thumb.wikimedia.org/wikipedia/commons/thumb/3/38/Gb_phoenix_main_logo_2022.png/250px-Gb_phoenix_main_logo_2022.png?utm_source=en.wikipedia.org&utm_campaign=api&utm_content=thumbnail,https://en.wikipedia.org/wiki/Green_Bay_Phoenix,Wikipedia athletics page lead image (logo),other,no,
soccer,women,D1,Hampton,Virginia,https://thumb.wikimedia.org/wikipedia/en/thumb/7/71/Hampton_pirates_athletics_logo.png/250px-Hampton_pirates_athletics_logo.png?utm_source=en.wikipedia.org&utm_campaign=imageinfo&utm_content=thumbnail,https://en.wikipedia.org/wiki/Hampton_Pirates_and_Lady_Pirates,Wikipedia athletics page lead image (logo),other,no,
soccer,women,D1,Harvard,Massachusetts,https://thumb.wikimedia.org/wikipedia/commons/thumb/b/b7/Harvard_Crimson_logo_2020.svg/250px-Harvard_Crimson_logo_2020.svg.png?utm_source=en.wikipedia.org&utm_campaign=api&utm_content=thumbnail,https://en.wikipedia.org/wiki/Harvard_Crimson,Wikipedia athletics page lead image (logo),other,no,
soccer,women,D1,Hawaii,Hawaii,https://thumb.wikimedia.org/wikipedia/commons/thumb/d/de/Hawaii_Warriors_logo.svg/250px-Hawaii_Warriors_logo.svg.png?utm_source=en.wikipedia.org&utm_campaign=api&utm_content=thumbnail,https://en.wikipedia.org/wiki/Hawaii_Rainbow_Warriors_and_Rainbow_Wahine,Wikipedia athletics page lead image (logo),other,no,
soccer,women,D1,High Point,North Carolina,https://thumb.wikimedia.org/wikipedia/commons/thumb/2/2c/High_Point_Panthers_logo.svg/250px-High_Point_Panthers_logo.svg.png?utm_source=en.wikipedia.org&utm_campaign=api&utm_content=thumbnail,https://en.wikipedia.org/wiki/High_Point_Panthers,Wikipedia athletics page lead image (logo),other,no,
soccer,women,D1,Hofstra,New York,https://thumb.wikimedia.org/wikipedia/en/thumb/1/14/Hofstra_athletics_logo25.png/250px-Hofstra_athletics_logo25.png?utm_source=en.wikipedia.org&utm_campaign=imageinfo&utm_content=thumbnail,https://en.wikipedia.org/wiki/Hofstra_Pride,Wikipedia athletics page lead image (logo),other,no,
soccer,women,D1,Holy Cross,Massachusetts,https://thumb.wikimedia.org/wikipedia/commons/thumb/f/f5/Holy_Cross_Crusaders_logo.svg/250px-Holy_Cross_Crusaders_logo.svg.png?utm_source=en.wikipedia.org&utm_campaign=api&utm_content=thumbnail,https://en.wikipedia.org/wiki/Holy_Cross_Crusaders,Wikipedia athletics page lead image (logo),other,no,
soccer,women,D1,Houston,Texas,https://thumb.wikimedia.org/wikipedia/commons/thumb/e/e8/Houston_Cougars_primary_logo.svg/250px-Houston_Cougars_primary_logo.svg.png?utm_source=en.wikipedia.org&utm_campaign=api&utm_content=thumbnail,https://en.wikipedia.org/wiki/Houston_Cougars,Wikipedia athletics page lead image (logo),other,no,
soccer,women,D1,Houston Christian,Texas,https://thumb.wikimedia.org/wikipedia/en/thumb/b/b8/Houston_Baptist_Huskies_logo.svg/250px-Houston_Baptist_Huskies_logo.svg.png?utm_source=en.wikipedia.org&utm_campaign=imageinfo&utm_content=thumbnail,https://en.wikipedia.org/wiki/Houston_Christian_Huskies,Wikipedia athletics page lead image (logo),other,no,
soccer,women,D1,Howard,District of Columbia,https://thumb.wikimedia.org/wikipedia/commons/thumb/c/cb/Howard_Bison_wordmark.svg/250px-Howard_Bison_wordmark.svg.png?utm_source=en.wikipedia.org&utm_campaign=api&utm_content=thumbnail,https://en.wikipedia.org/wiki/Howard_Bison,Wikipedia athletics page lead image (logo),other,no,
soccer,women,D1,Idaho,Idaho,https://thumb.wikimedia.org/wikipedia/commons/thumb/0/03/Idaho_Vandals_logo.svg/250px-Idaho_Vandals_logo.svg.png?utm_source=en.wikipedia.org&utm_campaign=api&utm_content=thumbnail,https://en.wikipedia.org/wiki/Idaho_Vandals,Wikipedia athletics page lead image (logo),other,no,
soccer,women,D1,Idaho State,Idaho,https://thumb.wikimedia.org/wikipedia/en/thumb/5/51/Idaho_State_Bengals_logo.png/250px-Idaho_State_Bengals_logo.png?utm_source=en.wikipedia.org&utm_campaign=imageinfo&utm_content=thumbnail,https://en.wikipedia.org/wiki/Idaho_State_Bengals,Wikipedia athletics page lead image (logo),other,no,
soccer,women,D1,Illinois,Illinois,https://thumb.wikimedia.org/wikipedia/commons/thumb/9/91/Illinois_Fighting_Illini_logo.svg/250px-Illinois_Fighting_Illini_logo.svg.png?utm_source=en.wikipedia.org&utm_campaign=imageinfo&utm_content=thumbnail,https://en.wikipedia.org/wiki/Illinois_Fighting_Illini,Wikipedia athletics page lead image (logo),other,no,
soccer,women,D1,Illinois State,Illinois,https://thumb.wikimedia.org/wikipedia/commons/thumb/4/4c/Illinois_State_Redbirds_Wordmark.png/250px-Illinois_State_Redbirds_Wordmark.png?utm_source=en.wikipedia.org&utm_campaign=api&utm_content=thumbnail,https://en.wikipedia.org/wiki/Illinois_State_Redbirds,Wikipedia athletics page lead image (logo),other,no,
soccer,women,D1,Incarnate Word,Texas,https://thumb.wikimedia.org/wikipedia/en/thumb/e/ea/Incarnate_Word_Cardinals_logo.svg/250px-Incarnate_Word_Cardinals_logo.svg.png?utm_source=en.wikipedia.org&utm_campaign=imageinfo&utm_content=thumbnail,https://en.wikipedia.org/wiki/Incarnate_Word_Cardinals,Wikipedia athletics page lead image (logo),other,no,
soccer,women,D1,Indiana,Indiana,https://thumb.wikimedia.org/wikipedia/commons/thumb/4/47/Indiana_Hoosiers_logo.svg/250px-Indiana_Hoosiers_logo.svg.png?utm_source=en.wikipedia.org&utm_campaign=api&utm_content=thumbnail,https://en.wikipedia.org/wiki/Indiana_Hoosiers,Wikipedia athletics page lead image (logo),other,no,
soccer,women,D1,Indiana State,Indiana,https://thumb.wikimedia.org/wikipedia/commons/thumb/7/7f/Indiana_State_Sycamores_logo.svg/250px-Indiana_State_Sycamores_logo.svg.png?utm_source=en.wikipedia.org&utm_campaign=api&utm_content=thumbnail,https://en.wikipedia.org/wiki/Indiana_State_Sycamores,Wikipedia athletics page lead image (logo),other,no,
soccer,women,D1,Iona,New York,https://thumb.wikimedia.org/wikipedia/en/thumb/1/19/Iona_Gaels_logo.svg/250px-Iona_Gaels_logo.svg.png?utm_source=en.wikipedia.org&utm_campaign=imageinfo&utm_content=thumbnail,https://en.wikipedia.org/wiki/Iona_Gaels,Wikipedia athletics page lead image (logo),other,no,
soccer,women,D1,Iowa,Iowa,https://thumb.wikimedia.org/wikipedia/en/thumb/7/7b/Iowa_Hawkeyes_logo.svg/250px-Iowa_Hawkeyes_logo.svg.png?utm_source=en.wikipedia.org&utm_campaign=imageinfo&utm_content=thumbnail,https://en.wikipedia.org/wiki/Iowa_Hawkeyes,Wikipedia athletics page lead image (logo),other,no,
soccer,women,D1,Iowa State,Iowa,https://thumb.wikimedia.org/wikipedia/commons/thumb/f/f9/Iowa_State_Cyclones_logo.svg/250px-Iowa_State_Cyclones_logo.svg.png?utm_source=en.wikipedia.org&utm_campaign=api&utm_content=thumbnail,https://en.wikipedia.org/wiki/Iowa_State_Cyclones,Wikipedia athletics page lead image (logo),other,no,
soccer,women,D1,IU Indy,Indiana,https://thumb.wikimedia.org/wikipedia/en/thumb/2/27/IU_indy_jaguars_logo.png/250px-IU_indy_jaguars_logo.png?utm_source=en.wikipedia.org&utm_campaign=imageinfo&utm_content=thumbnail,https://en.wikipedia.org/wiki/IU_Indy_Jaguars,Wikipedia athletics page lead image (logo),other,no,
soccer,women,D1,Jackson State,Mississippi,https://thumb.wikimedia.org/wikipedia/commons/thumb/3/3c/Jackson_State_athletics_logo.svg/250px-Jackson_State_athletics_logo.svg.png?utm_source=en.wikipedia.org&utm_campaign=api&utm_content=thumbnail,https://en.wikipedia.org/wiki/Jackson_State_Tigers_and_Lady_Tigers,Wikipedia athletics page lead image (logo),other,no,
soccer,women,D1,Jacksonville,Florida,https://thumb.wikimedia.org/wikipedia/commons/thumb/e/e3/Jacksonville_Dolphins_logo_2018.svg/250px-Jacksonville_Dolphins_logo_2018.svg.png?utm_source=en.wikipedia.org&utm_campaign=api&utm_content=thumbnail,https://en.wikipedia.org/wiki/Jacksonville_Dolphins,Wikipedia athletics page lead image (logo),other,no,
soccer,women,D1,Jacksonville State,Alabama,https://thumb.wikimedia.org/wikipedia/commons/thumb/7/77/Jacksonville_State_Gamecocks_wordmark.svg/250px-Jacksonville_State_Gamecocks_wordmark.svg.png?utm_source=en.wikipedia.org&utm_campaign=api&utm_content=thumbnail,https://en.wikipedia.org/wiki/Jacksonville_State_Gamecocks,Wikipedia athletics page lead image (logo),other,no,
soccer,women,D1,James Madison,Virginia,https://thumb.wikimedia.org/wikipedia/commons/thumb/6/6d/James_Madison_University_Athletics_logo.svg/250px-James_Madison_University_Athletics_logo.svg.png?utm_source=en.wikipedia.org&utm_campaign=api&utm_content=thumbnail,https://en.wikipedia.org/wiki/James_Madison_Dukes,Wikipedia athletics page lead image (logo),other,no,
soccer,women,D1,Kansas,Kansas,https://thumb.wikimedia.org/wikipedia/commons/thumb/9/90/Kansas_Jayhawks_1946_logo.svg/250px-Kansas_Jayhawks_1946_logo.svg.png?utm_source=en.wikipedia.org&utm_campaign=api&utm_content=thumbnail,https://en.wikipedia.org/wiki/Kansas_Jayhawks,Wikipedia athletics page lead image (logo),other,no,
soccer,women,D1,Kansas City,Missouri,https://thumb.wikimedia.org/wikipedia/en/thumb/7/75/Kansas_City_Roos_logo.svg/250px-Kansas_City_Roos_logo.svg.png?utm_source=en.wikipedia.org&utm_campaign=imageinfo&utm_content=thumbnail,https://en.wikipedia.org/wiki/Kansas_City_Roos,Wikipedia athletics page lead image (logo),other,no,
soccer,women,D1,Kansas State,Kansas,https://thumb.wikimedia.org/wikipedia/en/thumb/e/e5/Kansas_State_Wildcats_logo.svg/250px-Kansas_State_Wildcats_logo.svg.png?utm_source=en.wikipedia.org&utm_campaign=imageinfo&utm_content=thumbnail,https://en.wikipedia.org/wiki/Kansas_State_Wildcats,Wikipedia athletics page lead image (logo),other,no,
soccer,women,D1,Kennesaw State,Georgia,https://thumb.wikimedia.org/wikipedia/commons/thumb/6/63/Kennesaw_State_Owls_logo.svg/250px-Kennesaw_State_Owls_logo.svg.png?utm_source=en.wikipedia.org&utm_campaign=api&utm_content=thumbnail,https://en.wikipedia.org/wiki/Kennesaw_State_Owls,Wikipedia athletics page lead image (logo),other,no,
soccer,women,D1,Kent State,Ohio,https://thumb.wikimedia.org/wikipedia/commons/thumb/a/a9/Kent_State_University_logo.svg/250px-Kent_State_University_logo.svg.png?utm_source=en.wikipedia.org&utm_campaign=imageinfo&utm_content=thumbnail,https://en.wikipedia.org/wiki/Kent_State_Golden_Flashes,Wikipedia athletics page lead image (logo),other,no,
soccer,women,D1,Kentucky,Kentucky,https://thumb.wikimedia.org/wikipedia/commons/thumb/b/b6/Kentucky_Wildcats_logo.svg/250px-Kentucky_Wildcats_logo.svg.png?utm_source=en.wikipedia.org&utm_campaign=api&utm_content=thumbnail,https://en.wikipedia.org/wiki/Kentucky_Wildcats,Wikipedia athletics page lead image (logo),other,no,
soccer,women,D1,La Salle,Pennsylvania,https://thumb.wikimedia.org/wikipedia/commons/thumb/1/1e/La_Salle_Explorers_primary_logo.svg/250px-La_Salle_Explorers_primary_logo.svg.png?utm_source=en.wikipedia.org&utm_campaign=api&utm_content=thumbnail,https://en.wikipedia.org/wiki/La_Salle_Explorers,Wikipedia athletics page lead image (logo),other,no,
soccer,women,D1,Lafayette,Pennsylvania,https://thumb.wikimedia.org/wikipedia/commons/thumb/f/f5/Lafayette_Leopards_wordmark.png/250px-Lafayette_Leopards_wordmark.png?utm_source=en.wikipedia.org&utm_campaign=api&utm_content=thumbnail,https://en.wikipedia.org/wiki/Lafayette_Leopards,Wikipedia athletics page lead image (logo),other,no,
soccer,women,D1,Lamar,Texas,https://thumb.wikimedia.org/wikipedia/en/thumb/7/7a/Lamar_Cardinals_logo.svg/250px-Lamar_Cardinals_logo.svg.png?utm_source=en.wikipedia.org&utm_campaign=imageinfo&utm_content=thumbnail,https://en.wikipedia.org/wiki/Lamar_Cardinals_and_Lady_Cardinals,Wikipedia athletics page lead image (logo),other,no,
soccer,women,D1,Le Moyne,New York,https://thumb.wikimedia.org/wikipedia/en/thumb/4/4a/Commons-logo.svg/250px-Commons-logo.svg.png?utm_source=en.wikipedia.org&utm_campaign=imageinfo&utm_content=thumbnail,https://en.wikipedia.org/wiki/Le_Moyne_Dolphins,Wikipedia athletics page lead image (logo),other,no,
soccer,women,D1,Lehigh,Pennsylvania,https://thumb.wikimedia.org/wikipedia/commons/thumb/4/4a/Lehigh_Mountain_Hawks_wordmark_Lehigh_flat.svg/250px-Lehigh_Mountain_Hawks_wordmark_Lehigh_flat.svg.png?utm_source=en.wikipedia.org&utm_campaign=imageinfo&utm_content=thumbnail,https://en.wikipedia.org/wiki/Lehigh_Mountain_Hawks,Wikipedia athletics page lead image (logo),other,no,
soccer,women,D1,Liberty,Virginia,https://thumb.wikimedia.org/wikipedia/en/thumb/8/80/Liberty_Flames_logo.svg/250px-Liberty_Flames_logo.svg.png?utm_source=en.wikipedia.org&utm_campaign=imageinfo&utm_content=thumbnail,https://en.wikipedia.org/wiki/Liberty_Flames_and_Lady_Flames,Wikipedia athletics page lead image (logo),other,no,
soccer,women,D1,Lindenwood,Missouri,https://thumb.wikimedia.org/wikipedia/commons/thumb/8/8f/Lindenwood_Athletics_wordmark.svg/250px-Lindenwood_Athletics_wordmark.svg.png?utm_source=en.wikipedia.org&utm_campaign=imageinfo&utm_content=thumbnail,https://en.wikipedia.org/wiki/Lindenwood_Lions,Wikipedia athletics page lead image (logo),other,no,
soccer,women,D1,Lipscomb,Tennessee,https://thumb.wikimedia.org/wikipedia/commons/thumb/4/42/Lipscomb_athletics_wordmark.svg/250px-Lipscomb_athletics_wordmark.svg.png?utm_source=en.wikipedia.org&utm_campaign=imageinfo&utm_content=thumbnail,https://en.wikipedia.org/wiki/Lipscomb_Bisons,Wikipedia athletics page lead image (logo),other,no,
soccer,women,D1,Little Rock,Arkansas,https://thumb.wikimedia.org/wikipedia/en/thumb/d/d0/Little_Rock_Trojans_logo.svg/250px-Little_Rock_Trojans_logo.svg.png?utm_source=en.wikipedia.org&utm_campaign=imageinfo&utm_content=thumbnail,https://en.wikipedia.org/wiki/Little_Rock_Trojans,Wikipedia athletics page lead image (logo),other,no,
soccer,women,D1,LIU,New York,https://thumb.wikimedia.org/wikipedia/commons/thumb/6/6a/Long_Island_Sharks_wordmark_LIU.svg/250px-Long_Island_Sharks_wordmark_LIU.svg.png?utm_source=en.wikipedia.org&utm_campaign=api&utm_content=thumbnail,https://en.wikipedia.org/wiki/LIU_Sharks,Wikipedia athletics page lead image (logo),other,no,
soccer,women,D1,Longwood,Virginia,https://thumb.wikimedia.org/wikipedia/en/thumb/5/5f/Longwood_Lancers_logo.svg/250px-Longwood_Lancers_logo.svg.png?utm_source=en.wikipedia.org&utm_campaign=imageinfo&utm_content=thumbnail,https://en.wikipedia.org/wiki/Longwood_Lancers,Wikipedia athletics page lead image (logo),other,no,
soccer,women,D1,Louisiana,Louisiana,https://thumb.wikimedia.org/wikipedia/commons/thumb/f/f0/Louisiana_Ragin%27_Cajuns_wordmark.svg/250px-Louisiana_Ragin%27_Cajuns_wordmark.svg.png?utm_source=en.wikipedia.org&utm_campaign=imageinfo&utm_content=thumbnail,https://en.wikipedia.org/wiki/Louisiana_Ragin'_Cajuns,Wikipedia athletics page lead image (logo),other,no,
soccer,women,D1,Louisiana Tech,Louisiana,https://thumb.wikimedia.org/wikipedia/en/thumb/8/86/Louisiana_Tech_Athletics_logo.svg/250px-Louisiana_Tech_Athletics_logo.svg.png?utm_source=en.wikipedia.org&utm_campaign=api&utm_content=thumbnail,https://en.wikipedia.org/wiki/Louisiana_Tech_Bulldogs_and_Lady_Techsters,Wikipedia athletics page lead image (logo),other,no,
soccer,women,D1,Louisiana–Monroe,Louisiana,https://thumb.wikimedia.org/wikipedia/en/thumb/c/c9/Louisiana-Monroe_Warhawks_logo.svg/250px-Louisiana-Monroe_Warhawks_logo.svg.png?utm_source=en.wikipedia.org&utm_campaign=imageinfo&utm_content=thumbnail,https://en.wikipedia.org/wiki/Louisiana%E2%80%93Monroe_Warhawks,Wikipedia athletics page lead image (logo),other,no,
soccer,women,D1,Louisville,Kentucky,https://thumb.wikimedia.org/wikipedia/en/thumb/5/59/Louisville_Cardinals_logo.svg/250px-Louisville_Cardinals_logo.svg.png?utm_source=en.wikipedia.org&utm_campaign=imageinfo&utm_content=thumbnail,https://en.wikipedia.org/wiki/Louisville_Cardinals,Wikipedia athletics page lead image (logo),other,no,
soccer,women,D1,Loyola Chicago,Illinois,https://thumb.wikimedia.org/wikipedia/commons/thumb/5/55/Loyola_chicago_wordmark_2019.png/250px-Loyola_chicago_wordmark_2019.png?utm_source=en.wikipedia.org&utm_campaign=api&utm_content=thumbnail,https://en.wikipedia.org/wiki/Loyola_Ramblers,Wikipedia athletics page lead image (logo),other,no,
soccer,women,D1,Loyola (MD),Maryland,https://thumb.wikimedia.org/wikipedia/commons/thumb/4/4a/Loyola_Greyhounds_logo.svg/250px-Loyola_Greyhounds_logo.svg.png?utm_source=en.wikipedia.org&utm_campaign=api&utm_content=thumbnail,https://en.wikipedia.org/wiki/Loyola_Greyhounds,Wikipedia athletics page lead image (logo),other,no,
soccer,women,D1,Loyola Marymount,California,https://thumb.wikimedia.org/wikipedia/commons/thumb/6/62/LMU_Lions_logo.svg/250px-LMU_Lions_logo.svg.png?utm_source=en.wikipedia.org&utm_campaign=api&utm_content=thumbnail,https://en.wikipedia.org/wiki/Loyola_Marymount_Lions,Wikipedia athletics page lead image (logo),other,no,
soccer,women,D1,LSU,Louisiana,https://thumb.wikimedia.org/wikipedia/commons/thumb/4/4a/LSU_Athletics_logo.svg/250px-LSU_Athletics_logo.svg.png?utm_source=en.wikipedia.org&utm_campaign=imageinfo&utm_content=thumbnail,https://en.wikipedia.org/wiki/LSU_Tigers_and_Lady_Tigers,Wikipedia athletics page lead image (logo),other,no,
soccer,women,D1,Maine,Maine,https://thumb.wikimedia.org/wikipedia/en/thumb/d/d3/Maine_Black_Bears_logo.svg/250px-Maine_Black_Bears_logo.svg.png?utm_source=en.wikipedia.org&utm_campaign=imageinfo&utm_content=thumbnail,https://en.wikipedia.org/wiki/Maine_Black_Bears,Wikipedia athletics page lead image (logo),other,no,
soccer,women,D1,Manhattan,New York,https://thumb.wikimedia.org/wikipedia/commons/thumb/0/06/Manhattan_Jaspers_logo.svg/250px-Manhattan_Jaspers_logo.svg.png?utm_source=en.wikipedia.org&utm_campaign=api&utm_content=thumbnail,https://en.wikipedia.org/wiki/Manhattan_Jaspers,Wikipedia athletics page lead image (logo),other,no,
soccer,women,D1,Marist,New York,https://thumb.wikimedia.org/wikipedia/en/thumb/5/5b/Marist_Red_Foxes_logo.svg/250px-Marist_Red_Foxes_logo.svg.png?utm_source=en.wikipedia.org&utm_campaign=imageinfo&utm_content=thumbnail,https://en.wikipedia.org/wiki/Marist_Red_Foxes,Wikipedia athletics page lead image (logo),other,no,
soccer,women,D1,Marquette,Wisconsin,https://thumb.wikimedia.org/wikipedia/commons/thumb/e/e8/Marquette_Golden_Eagles_logo.svg/250px-Marquette_Golden_Eagles_logo.svg.png?utm_source=en.wikipedia.org&utm_campaign=api&utm_content=thumbnail,https://en.wikipedia.org/wiki/Marquette_Golden_Eagles,Wikipedia athletics page lead image (logo),other,no,
soccer,women,D1,Marshall,West Virginia,https://thumb.wikimedia.org/wikipedia/commons/thumb/4/4f/Marshall_Thundering_Herd_logo.svg/250px-Marshall_Thundering_Herd_logo.svg.png?utm_source=en.wikipedia.org&utm_campaign=api&utm_content=thumbnail,https://en.wikipedia.org/wiki/Marshall_Thundering_Herd,Wikipedia athletics page lead image (logo),other,no,
soccer,women,D1,Maryland,Maryland,https://thumb.wikimedia.org/wikipedia/commons/thumb/a/a6/Maryland_Terrapins_logo.svg/250px-Maryland_Terrapins_logo.svg.png?utm_source=en.wikipedia.org&utm_campaign=api&utm_content=thumbnail,https://en.wikipedia.org/wiki/Maryland_Terrapins,Wikipedia athletics page lead image (logo),other,no,
soccer,women,D1,McNeese,Louisiana,https://thumb.wikimedia.org/wikipedia/en/thumb/f/f7/McNeese_State_Athletics_logo.svg/250px-McNeese_State_Athletics_logo.svg.png?utm_source=en.wikipedia.org&utm_campaign=imageinfo&utm_content=thumbnail,https://en.wikipedia.org/wiki/McNeese_Cowboys_and_Cowgirls,Wikipedia athletics page lead image (logo),other,no,
soccer,women,D1,Memphis,Tennessee,https://thumb.wikimedia.org/wikipedia/en/thumb/4/45/Memphis_Tigers_logo.svg/250px-Memphis_Tigers_logo.svg.png?utm_source=en.wikipedia.org&utm_campaign=imageinfo&utm_content=thumbnail,https://en.wikipedia.org/wiki/Memphis_Tigers,Wikipedia athletics page lead image (logo),other,no,
soccer,women,D1,Mercer,Georgia,https://thumb.wikimedia.org/wikipedia/commons/thumb/1/14/Mercer_Bears_wordmark.svg/250px-Mercer_Bears_wordmark.svg.png?utm_source=en.wikipedia.org&utm_campaign=api&utm_content=thumbnail,https://en.wikipedia.org/wiki/Mercer_Bears,Wikipedia athletics page lead image (logo),other,no,
soccer,women,D1,Mercyhurst,Pennsylvania,https://thumb.wikimedia.org/wikipedia/commons/thumb/6/69/Mercyhurst_univ_wordmark_2012.png/250px-Mercyhurst_univ_wordmark_2012.png?utm_source=en.wikipedia.org&utm_campaign=imageinfo&utm_content=thumbnail,https://en.wikipedia.org/wiki/Mercyhurst_Lakers,Wikipedia athletics page lead image (logo),other,no,
soccer,women,D1,Merrimack,Massachusetts,https://thumb.wikimedia.org/wikipedia/commons/thumb/2/26/Merrimack_Warriors_Wordmark.png/250px-Merrimack_Warriors_Wordmark.png?utm_source=en.wikipedia.org&utm_campaign=imageinfo&utm_content=thumbnail,https://en.wikipedia.org/wiki/Merrimack_Warriors,Wikipedia athletics page lead image (logo),other,no,
soccer,women,D1,Miami (FL),Florida,https://thumb.wikimedia.org/wikipedia/commons/thumb/e/e9/Miami_Hurricanes_logo.svg/250px-Miami_Hurricanes_logo.svg.png?utm_source=en.wikipedia.org&utm_campaign=api&utm_content=thumbnail,https://en.wikipedia.org/wiki/Miami_Hurricanes,Wikipedia athletics page lead image (logo),other,no,
soccer,women,D1,Miami (OH),Ohio,https://thumb.wikimedia.org/wikipedia/commons/thumb/b/b4/Miami_Redhawks_logo.svg/250px-Miami_Redhawks_logo.svg.png?utm_source=en.wikipedia.org&utm_campaign=api&utm_content=thumbnail,https://en.wikipedia.org/wiki/Miami_RedHawks,Wikipedia athletics page lead image (logo),other,no,
soccer,women,D1,Michigan,Michigan,https://thumb.wikimedia.org/wikipedia/commons/thumb/f/fb/Michigan_Wolverines_logo.svg/250px-Michigan_Wolverines_logo.svg.png?utm_source=en.wikipedia.org&utm_campaign=api&utm_content=thumbnail,https://en.wikipedia.org/wiki/Michigan_Wolverines,Wikipedia athletics page lead image (logo),other,no,
soccer,women,D1,Michigan State,Michigan,https://thumb.wikimedia.org/wikipedia/en/thumb/a/a7/Michigan_State_Athletics_logo.svg/250px-Michigan_State_Athletics_logo.svg.png?utm_source=en.wikipedia.org&utm_campaign=imageinfo&utm_content=thumbnail,https://en.wikipedia.org/wiki/Michigan_State_Spartans,Wikipedia athletics page lead image (logo),other,no,
soccer,women,D1,Milwaukee,Wisconsin,https://thumb.wikimedia.org/wikipedia/en/thumb/0/00/Milwaukee_panthers_main_logo.png/250px-Milwaukee_panthers_main_logo.png?utm_source=en.wikipedia.org&utm_campaign=imageinfo&utm_content=thumbnail,https://en.wikipedia.org/wiki/Milwaukee_Panthers,Wikipedia athletics page lead image (logo),other,no,
soccer,women,D1,Minnesota,Minnesota,https://thumb.wikimedia.org/wikipedia/commons/thumb/f/f9/Minnesota_Golden_Gophers_logo.svg/250px-Minnesota_Golden_Gophers_logo.svg.png?utm_source=en.wikipedia.org&utm_campaign=api&utm_content=thumbnail,https://en.wikipedia.org/wiki/Minnesota_Golden_Gophers,Wikipedia athletics page lead image (logo),other,no,
soccer,women,D1,Mississippi State,Mississippi,https://thumb.wikimedia.org/wikipedia/commons/thumb/1/18/Mississippi_State_Bulldogs_script_logo.svg/250px-Mississippi_State_Bulldogs_script_logo.svg.png?utm_source=en.wikipedia.org&utm_campaign=api&utm_content=thumbnail,https://en.wikipedia.org/wiki/Mississippi_State_Bulldogs,Wikipedia athletics page lead image (logo),other,no,
soccer,women,D1,Missouri,Missouri,https://thumb.wikimedia.org/wikipedia/en/thumb/2/2c/Missouri_Tigers_logo.svg/250px-Missouri_Tigers_logo.svg.png?utm_source=en.wikipedia.org&utm_campaign=imageinfo&utm_content=thumbnail,https://en.wikipedia.org/wiki/Missouri_Tigers,Wikipedia athletics page lead image (logo),other,no,
soccer,women,D1,Missouri State,Missouri,https://thumb.wikimedia.org/wikipedia/en/thumb/4/4e/Missouri_State_Athletics_logo.svg/250px-Missouri_State_Athletics_logo.svg.png?utm_source=en.wikipedia.org&utm_campaign=imageinfo&utm_content=thumbnail,https://en.wikipedia.org/wiki/Missouri_State_Bears_and_Lady_Bears,Wikipedia athletics page lead image (logo),other,no,
soccer,women,D1,Montana,Montana,https://thumb.wikimedia.org/wikipedia/commons/thumb/3/3b/Montana_Griz_logo.svg/250px-Montana_Griz_logo.svg.png?utm_source=en.wikipedia.org&utm_campaign=api&utm_content=thumbnail,https://en.wikipedia.org/wiki/Montana_Grizzlies_and_Lady_Griz,Wikipedia athletics page lead image (logo),other,no,
soccer,women,D1,Morehead State,Kentucky,https://thumb.wikimedia.org/wikipedia/en/thumb/1/12/Morehead_State_Eagles_logo.svg/250px-Morehead_State_Eagles_logo.svg.png?utm_source=en.wikipedia.org&utm_campaign=imageinfo&utm_content=thumbnail,https://en.wikipedia.org/wiki/Morehead_State_Eagles,Wikipedia athletics page lead image (logo),other,no,
soccer,women,D1,Murray State,Kentucky,https://thumb.wikimedia.org/wikipedia/en/thumb/c/c9/Murray_State_Racers_logo.svg/250px-Murray_State_Racers_logo.svg.png?utm_source=en.wikipedia.org&utm_campaign=imageinfo&utm_content=thumbnail,https://en.wikipedia.org/wiki/Murray_State_Racers,Wikipedia athletics page lead image (logo),other,no,
soccer,women,D1,Navy,Maryland,https://thumb.wikimedia.org/wikipedia/commons/thumb/a/a5/Navy_Athletics_logo.svg/250px-Navy_Athletics_logo.svg.png?utm_source=en.wikipedia.org&utm_campaign=api&utm_content=thumbnail,https://en.wikipedia.org/wiki/Navy_Midshipmen,Wikipedia athletics page lead image (logo),other,no,
soccer,women,D1,NC State,North Carolina,https://thumb.wikimedia.org/wikipedia/en/thumb/4/41/NC_State_Wolfpack_logo.svg/250px-NC_State_Wolfpack_logo.svg.png?utm_source=en.wikipedia.org&utm_campaign=imageinfo&utm_content=thumbnail,https://en.wikipedia.org/wiki/NC_State_Wolfpack,Wikipedia athletics page lead image (logo),other,no,
soccer,women,D1,Nebraska,Nebraska,https://thumb.wikimedia.org/wikipedia/commons/thumb/e/e5/Nebraska_Cornhuskers_logo.svg/250px-Nebraska_Cornhuskers_logo.svg.png?utm_source=en.wikipedia.org&utm_campaign=api&utm_content=thumbnail,https://en.wikipedia.org/wiki/Nebraska_Cornhuskers,Wikipedia athletics page lead image (logo),other,no,
soccer,women,D1,Nevada,Nevada,https://thumb.wikimedia.org/wikipedia/en/thumb/2/21/Nevada_Wolf_Pack_logo.svg/250px-Nevada_Wolf_Pack_logo.svg.png?utm_source=en.wikipedia.org&utm_campaign=imageinfo&utm_content=thumbnail,https://en.wikipedia.org/wiki/Nevada_Wolf_Pack,Wikipedia athletics page lead image (logo),other,no,
soccer,women,D1,New Hampshire,New Hampshire,https://thumb.wikimedia.org/wikipedia/en/thumb/6/62/New_Hampshire_Wildcats_logo.svg/250px-New_Hampshire_Wildcats_logo.svg.png?utm_source=en.wikipedia.org&utm_campaign=imageinfo&utm_content=thumbnail,https://en.wikipedia.org/wiki/New_Hampshire_Wildcats,Wikipedia athletics page lead image (logo),other,no,
soccer,women,D1,New Haven,Connecticut,https://thumb.wikimedia.org/wikipedia/en/thumb/7/7d/New_Haven_Chargers_secondary_logo.svg/250px-New_Haven_Chargers_secondary_logo.svg.png?utm_source=en.wikipedia.org&utm_campaign=imageinfo&utm_content=thumbnail,https://en.wikipedia.org/wiki/New_Haven_Chargers,Wikipedia athletics page lead image (logo),other,no,
soccer,women,D1,New Mexico,New Mexico,https://thumb.wikimedia.org/wikipedia/en/thumb/4/45/New_Mexico_Lobos_logo.svg/250px-New_Mexico_Lobos_logo.svg.png?utm_source=en.wikipedia.org&utm_campaign=imageinfo&utm_content=thumbnail,https://en.wikipedia.org/wiki/New_Mexico_Lobos,Wikipedia athletics page lead image (logo),other,no,
soccer,women,D1,New Mexico State,New Mexico,https://thumb.wikimedia.org/wikipedia/commons/thumb/d/d2/New_Mexico_State_Aggies_wordmark.svg/250px-New_Mexico_State_Aggies_wordmark.svg.png?utm_source=en.wikipedia.org&utm_campaign=api&utm_content=thumbnail,https://en.wikipedia.org/wiki/New_Mexico_State_Aggies,Wikipedia athletics page lead image (logo),other,no,
soccer,women,D1,Niagara,New York,https://thumb.wikimedia.org/wikipedia/en/thumb/1/1e/Niagara_Purple_Eagles_New_Logo.svg/250px-Niagara_Purple_Eagles_New_Logo.svg.png?utm_source=en.wikipedia.org&utm_campaign=imageinfo&utm_content=thumbnail,https://en.wikipedia.org/wiki/Niagara_Purple_Eagles,Wikipedia athletics page lead image (logo),other,no,
soccer,women,D1,Nicholls,Louisiana,https://thumb.wikimedia.org/wikipedia/en/thumb/b/bb/Nicholls_State_Colonels_logo.svg/250px-Nicholls_State_Colonels_logo.svg.png?utm_source=en.wikipedia.org&utm_campaign=imageinfo&utm_content=thumbnail,https://en.wikipedia.org/wiki/Nicholls_Colonels,Wikipedia athletics page lead image (logo),other,no,
soccer,women,D1,NJIT,New Jersey,https://thumb.wikimedia.org/wikipedia/commons/thumb/a/ac/NJIT_Highlanders_wordmark.svg/250px-NJIT_Highlanders_wordmark.svg.png?utm_source=en.wikipedia.org&utm_campaign=api&utm_content=thumbnail,https://en.wikipedia.org/wiki/NJIT_Highlanders,Wikipedia athletics page lead image (logo),other,no,
soccer,women,D1,North Alabama,Alabama,https://thumb.wikimedia.org/wikipedia/en/thumb/e/e3/North_Alabama_Lions_logo.svg/250px-North_Alabama_Lions_logo.svg.png?utm_source=en.wikipedia.org&utm_campaign=imageinfo&utm_content=thumbnail,https://en.wikipedia.org/wiki/North_Alabama_Lions,Wikipedia athletics page lead image (logo),other,no,
soccer,women,D1,North Carolina,North Carolina,https://thumb.wikimedia.org/wikipedia/commons/thumb/d/d7/North_Carolina_Tar_Heels_logo.svg/250px-North_Carolina_Tar_Heels_logo.svg.png?utm_source=en.wikipedia.org&utm_campaign=api&utm_content=thumbnail,https://en.wikipedia.org/wiki/North_Carolina_Tar_Heels,Wikipedia athletics page lead image (logo),other,no,
soccer,women,D1,North Dakota,North Dakota,https://thumb.wikimedia.org/wikipedia/en/thumb/9/92/North_Dakota_Fighting_Hawks_logo.svg/250px-North_Dakota_Fighting_Hawks_logo.svg.png?utm_source=en.wikipedia.org&utm_campaign=imageinfo&utm_content=thumbnail,https://en.wikipedia.org/wiki/North_Dakota_Fighting_Hawks,Wikipedia athletics page lead image (logo),other,no,
soccer,women,D1,North Dakota State,North Dakota,https://thumb.wikimedia.org/wikipedia/commons/thumb/5/52/North_Dakota_State_Bison_wordmark.svg/250px-North_Dakota_State_Bison_wordmark.svg.png?utm_source=en.wikipedia.org&utm_campaign=api&utm_content=thumbnail,https://en.wikipedia.org/wiki/North_Dakota_State_Bison,Wikipedia athletics page lead image (logo),other,no,
soccer,women,D1,North Florida,Florida,https://thumb.wikimedia.org/wikipedia/commons/thumb/b/bc/Northflorida_ospreys_wmark_2014.svg/250px-Northflorida_ospreys_wmark_2014.svg.png?utm_source=en.wikipedia.org&utm_campaign=api&utm_content=thumbnail,https://en.wikipedia.org/wiki/North_Florida_Ospreys,Wikipedia athletics page lead image (logo),other,no,
soccer,women,D1,North Texas,Texas,https://thumb.wikimedia.org/wikipedia/en/thumb/a/a2/North_Texas_Mean_Green_logo.svg/250px-North_Texas_Mean_Green_logo.svg.png?utm_source=en.wikipedia.org&utm_campaign=imageinfo&utm_content=thumbnail,https://en.wikipedia.org/wiki/North_Texas_Mean_Green,Wikipedia athletics page lead image (logo),other,no,
soccer,women,D1,Northeastern,Massachusetts,https://thumb.wikimedia.org/wikipedia/en/thumb/4/4d/Northeastern_Huskies_primary_logo.svg/250px-Northeastern_Huskies_primary_logo.svg.png?utm_source=en.wikipedia.org&utm_campaign=imageinfo&utm_content=thumbnail,https://en.wikipedia.org/wiki/Northeastern_Huskies,Wikipedia athletics page lead image (logo),other,no,
soccer,women,D1,Northern Arizona,Arizona,https://thumb.wikimedia.org/wikipedia/commons/thumb/4/4f/Northern_Arizona_Athletics_logo.svg/250px-Northern_Arizona_Athletics_logo.svg.png?utm_source=en.wikipedia.org&utm_campaign=api&utm_content=thumbnail,https://en.wikipedia.org/wiki/Northern_Arizona_Lumberjacks,Wikipedia athletics page lead image (logo),other,no,
soccer,women,D1,Northern Colorado,Colorado,https://thumb.wikimedia.org/wikipedia/en/thumb/f/f9/Northern_Colorado_Bears_logo.svg/250px-Northern_Colorado_Bears_logo.svg.png?utm_source=en.wikipedia.org&utm_campaign=imageinfo&utm_content=thumbnail,https://en.wikipedia.org/wiki/Northern_Colorado_Bears,Wikipedia athletics page lead image (logo),other,no,
soccer,women,D1,Northern Illinois,Illinois,https://thumb.wikimedia.org/wikipedia/commons/thumb/e/e6/Northern_Illinois_Huskies_wordmark.svg/250px-Northern_Illinois_Huskies_wordmark.svg.png?utm_source=en.wikipedia.org&utm_campaign=api&utm_content=thumbnail,https://en.wikipedia.org/wiki/Northern_Illinois_Huskies,Wikipedia athletics page lead image (logo),other,no,
soccer,women,D1,Northern Iowa,Iowa,https://thumb.wikimedia.org/wikipedia/en/thumb/8/86/Northern_Iowa_Panters_logo.svg/250px-Northern_Iowa_Panters_logo.svg.png?utm_source=en.wikipedia.org&utm_campaign=imageinfo&utm_content=thumbnail,https://en.wikipedia.org/wiki/Northern_Iowa_Panthers,Wikipedia athletics page lead image (logo),other,no,
soccer,women,D1,Northern Kentucky,Kentucky,https://thumb.wikimedia.org/wikipedia/en/thumb/4/45/Northern_Kentucky_Norse_logo.svg/250px-Northern_Kentucky_Norse_logo.svg.png?utm_source=en.wikipedia.org&utm_campaign=imageinfo&utm_content=thumbnail,https://en.wikipedia.org/wiki/Northern_Kentucky_Norse,Wikipedia athletics page lead image (logo),other,no,
soccer,women,D1,Northwestern,Illinois,https://thumb.wikimedia.org/wikipedia/commons/thumb/9/9c/Northwestern_Athletics_Alternate_Word_Mark.png/250px-Northwestern_Athletics_Alternate_Word_Mark.png?utm_source=en.wikipedia.org&utm_campaign=api&utm_content=thumbnail,https://en.wikipedia.org/wiki/Northwestern_Wildcats,Wikipedia athletics page lead image (logo),other,no,
soccer,women,D1,Northwestern State,Louisiana,https://thumb.wikimedia.org/wikipedia/en/thumb/3/3d/Northwestern_State_Demons_logo.svg/250px-Northwestern_State_Demons_logo.svg.png?utm_source=en.wikipedia.org&utm_campaign=imageinfo&utm_content=thumbnail,https://en.wikipedia.org/wiki/Northwestern_State_Demons_and_Lady_Demons,Wikipedia athletics page lead image (logo),other,no,
soccer,women,D1,Notre Dame,Indiana,https://thumb.wikimedia.org/wikipedia/commons/thumb/f/f3/Nd_athletics_gold_logo_2015.svg/250px-Nd_athletics_gold_logo_2015.svg.png?utm_source=en.wikipedia.org&utm_campaign=api&utm_content=thumbnail,https://en.wikipedia.org/wiki/Notre_Dame_Fighting_Irish,Wikipedia athletics page lead image (logo),other,no,
soccer,women,D1,Oakland,Michigan,https://thumb.wikimedia.org/wikipedia/en/thumb/8/86/Oakland_Golden_Grizzlies_logo.svg/250px-Oakland_Golden_Grizzlies_logo.svg.png?utm_source=en.wikipedia.org&utm_campaign=imageinfo&utm_content=thumbnail,https://en.wikipedia.org/wiki/Oakland_Golden_Grizzlies,Wikipedia athletics page lead image (logo),other,no,
soccer,women,D1,Ohio,Ohio,https://thumb.wikimedia.org/wikipedia/en/thumb/7/78/Ohio_Bobcats_logo.svg/250px-Ohio_Bobcats_logo.svg.png?utm_source=en.wikipedia.org&utm_campaign=imageinfo&utm_content=thumbnail,https://en.wikipedia.org/wiki/Ohio_Bobcats,Wikipedia athletics page lead image (logo),other,no,
soccer,women,D1,Ohio State,Ohio,https://thumb.wikimedia.org/wikipedia/commons/thumb/c/c1/Ohio_State_Buckeyes_logo.svg/250px-Ohio_State_Buckeyes_logo.svg.png?utm_source=en.wikipedia.org&utm_campaign=api&utm_content=thumbnail,https://en.wikipedia.org/wiki/Ohio_State_Buckeyes,Wikipedia athletics page lead image (logo),other,no,
soccer,women,D1,Oklahoma,Oklahoma,https://thumb.wikimedia.org/wikipedia/commons/thumb/6/61/Oklahoma_Sooners_logo.svg/250px-Oklahoma_Sooners_logo.svg.png?utm_source=en.wikipedia.org&utm_campaign=imageinfo&utm_content=thumbnail,https://en.wikipedia.org/wiki/Oklahoma_Sooners,Wikipedia athletics page lead image (logo),other,no,
soccer,women,D1,Oklahoma State,Oklahoma,https://thumb.wikimedia.org/wikipedia/commons/thumb/0/01/Oklahoma_State_University_system_logo.svg/250px-Oklahoma_State_University_system_logo.svg.png?utm_source=en.wikipedia.org&utm_campaign=api&utm_content=thumbnail,https://en.wikipedia.org/wiki/Oklahoma_State_Cowboys_and_Cowgirls,Wikipedia athletics page lead image (logo),other,no,
soccer,women,D1,Old Dominion,Virginia,https://thumb.wikimedia.org/wikipedia/commons/thumb/5/52/Old_Dominion_Athletics_wordmark.svg/250px-Old_Dominion_Athletics_wordmark.svg.png?utm_source=en.wikipedia.org&utm_campaign=imageinfo&utm_content=thumbnail,https://en.wikipedia.org/wiki/Old_Dominion_Monarchs,Wikipedia athletics page lead image (logo),other,no,
soccer,women,D1,Ole Miss,Mississippi,https://thumb.wikimedia.org/wikipedia/commons/thumb/0/0a/Olemiss_rebels_wordmark_2020.png/250px-Olemiss_rebels_wordmark_2020.png?utm_source=en.wikipedia.org&utm_campaign=imageinfo&utm_content=thumbnail,https://en.wikipedia.org/wiki/Ole_Miss_Rebels,Wikipedia athletics page lead image (logo),other,no,
soccer,women,D1,Omaha,Nebraska,https://thumb.wikimedia.org/wikipedia/commons/thumb/7/73/Omaha_Mavericks_logo.svg/250px-Omaha_Mavericks_logo.svg.png?utm_source=en.wikipedia.org&utm_campaign=api&utm_content=thumbnail,https://en.wikipedia.org/wiki/Omaha_Mavericks,Wikipedia athletics page lead image (logo),other,no,
soccer,women,D1,Oral Roberts,Oklahoma,https://thumb.wikimedia.org/wikipedia/commons/thumb/4/45/Oru_golden_mark_2017.png/250px-Oru_golden_mark_2017.png?utm_source=en.wikipedia.org&utm_campaign=api&utm_content=thumbnail,https://en.wikipedia.org/wiki/Oral_Roberts_Golden_Eagles,Wikipedia athletics page lead image (logo),other,no,
soccer,women,D1,Oregon,Oregon,https://thumb.wikimedia.org/wikipedia/commons/thumb/f/f8/Oregon_Ducks_logo.svg/250px-Oregon_Ducks_logo.svg.png?utm_source=en.wikipedia.org&utm_campaign=api&utm_content=thumbnail,https://en.wikipedia.org/wiki/Oregon_Ducks,Wikipedia athletics page lead image (logo),other,no,
soccer,women,D1,Oregon State,Oregon,https://thumb.wikimedia.org/wikipedia/en/thumb/1/1b/Oregon_State_Beavers_logo.svg/250px-Oregon_State_Beavers_logo.svg.png?utm_source=en.wikipedia.org&utm_campaign=imageinfo&utm_content=thumbnail,https://en.wikipedia.org/wiki/Oregon_State_Beavers,Wikipedia athletics page lead image (logo),other,no,
soccer,women,D1,Pacific,California,https://thumb.wikimedia.org/wikipedia/commons/thumb/e/ef/Pacific_Tigers_wordmark.svg/250px-Pacific_Tigers_wordmark.svg.png?utm_source=en.wikipedia.org&utm_campaign=api&utm_content=thumbnail,https://en.wikipedia.org/wiki/Pacific_Tigers,Wikipedia athletics page lead image (logo),other,no,
soccer,women,D1,Penn,Pennsylvania,https://thumb.wikimedia.org/wikipedia/commons/thumb/c/c7/Penn_Quakers_logo.svg/250px-Penn_Quakers_logo.svg.png?utm_source=en.wikipedia.org&utm_campaign=api&utm_content=thumbnail,https://en.wikipedia.org/wiki/Penn_Quakers,Wikipedia athletics page lead image (logo),other,no,
soccer,women,D1,Penn State,Pennsylvania,https://thumb.wikimedia.org/wikipedia/en/thumb/3/3a/Penn_State_Nittany_Lions_logo.svg/250px-Penn_State_Nittany_Lions_logo.svg.png?utm_source=en.wikipedia.org&utm_campaign=imageinfo&utm_content=thumbnail,https://en.wikipedia.org/wiki/Penn_State_Nittany_Lions,Wikipedia athletics page lead image (logo),other,no,
soccer,women,D1,Pepperdine,California,https://thumb.wikimedia.org/wikipedia/commons/thumb/f/f2/Pepperdine_Waves_logo.svg/250px-Pepperdine_Waves_logo.svg.png?utm_source=en.wikipedia.org&utm_campaign=api&utm_content=thumbnail,https://en.wikipedia.org/wiki/Pepperdine_Waves,Wikipedia athletics page lead image (logo),other,no,
soccer,women,D1,Pittsburgh,Pennsylvania,https://thumb.wikimedia.org/wikipedia/commons/thumb/4/44/Pitt_Panthers_wordmark.svg/250px-Pitt_Panthers_wordmark.svg.png?utm_source=en.wikipedia.org&utm_campaign=api&utm_content=thumbnail,https://en.wikipedia.org/wiki/Pittsburgh_Panthers,Wikipedia athletics page lead image (logo),other,no,
soccer,women,D1,Portland,Oregon,https://thumb.wikimedia.org/wikipedia/commons/thumb/a/a8/Portland_pilots_logo.png/250px-Portland_pilots_logo.png?utm_source=en.wikipedia.org&utm_campaign=api&utm_content=thumbnail,https://en.wikipedia.org/wiki/Portland_Pilots,Wikipedia athletics page lead image (logo),other,no,
soccer,women,D1,Portland State,Oregon,https://thumb.wikimedia.org/wikipedia/commons/thumb/4/48/Portland_State_Vikings_logo.svg/250px-Portland_State_Vikings_logo.svg.png?utm_source=en.wikipedia.org&utm_campaign=api&utm_content=thumbnail,https://en.wikipedia.org/wiki/Portland_State_Vikings,Wikipedia athletics page lead image (logo),other,no,
soccer,women,D1,Prairie View A&M,Texas,https://thumb.wikimedia.org/wikipedia/commons/thumb/8/81/Prairie_view_univ_athletics_textlogo.png/250px-Prairie_view_univ_athletics_textlogo.png?utm_source=en.wikipedia.org&utm_campaign=api&utm_content=thumbnail,https://en.wikipedia.org/wiki/Prairie_View_A%26M_Panthers_and_Lady_Panthers,Wikipedia athletics page lead image (logo),other,no,
soccer,women,D1,Presbyterian,South Carolina,https://thumb.wikimedia.org/wikipedia/commons/thumb/9/93/Presbyterian_College_logo.svg/250px-Presbyterian_College_logo.svg.png?utm_source=en.wikipedia.org&utm_campaign=api&utm_content=thumbnail,https://en.wikipedia.org/wiki/Presbyterian_Blue_Hose,Wikipedia athletics page lead image (logo),other,no,
soccer,women,D1,Princeton,New Jersey,https://thumb.wikimedia.org/wikipedia/commons/thumb/e/e0/Princeton_Tigers_logo.svg/250px-Princeton_Tigers_logo.svg.png?utm_source=en.wikipedia.org&utm_campaign=api&utm_content=thumbnail,https://en.wikipedia.org/wiki/Princeton_Tigers,Wikipedia athletics page lead image (logo),other,no,
soccer,women,D1,Providence,Rhode Island,https://thumb.wikimedia.org/wikipedia/en/thumb/9/9d/Providence_Friars_logo.svg/250px-Providence_Friars_logo.svg.png?utm_source=en.wikipedia.org&utm_campaign=imageinfo&utm_content=thumbnail,https://en.wikipedia.org/wiki/Providence_Friars,Wikipedia athletics page lead image (logo),other,no,
soccer,women,D1,Purdue,Indiana,https://thumb.wikimedia.org/wikipedia/commons/thumb/3/35/Purdue_Boilermakers_logo.svg/250px-Purdue_Boilermakers_logo.svg.png?utm_source=en.wikipedia.org&utm_campaign=api&utm_content=thumbnail,https://en.wikipedia.org/wiki/Purdue_Boilermakers,Wikipedia athletics page lead image (logo),other,no,
soccer,women,D1,Queens,North Carolina,https://thumb.wikimedia.org/wikipedia/commons/thumb/e/e3/Queens_royals_textlogo.svg/250px-Queens_royals_textlogo.svg.png?utm_source=en.wikipedia.org&utm_campaign=api&utm_content=thumbnail,https://en.wikipedia.org/wiki/Queens_Royals,Wikipedia athletics page lead image (logo),other,no,
soccer,women,D1,Quinnipiac,Connecticut,https://thumb.wikimedia.org/wikipedia/en/thumb/2/2c/Quinnipiac_Bobcats_logo.svg/250px-Quinnipiac_Bobcats_logo.svg.png?utm_source=en.wikipedia.org&utm_campaign=imageinfo&utm_content=thumbnail,https://en.wikipedia.org/wiki/Quinnipiac_Bobcats,Wikipedia athletics page lead image (logo),other,no,
soccer,women,D1,Radford,Virginia,https://thumb.wikimedia.org/wikipedia/commons/thumb/a/ab/Radford_Highlanders_logo.svg/250px-Radford_Highlanders_logo.svg.png?utm_source=en.wikipedia.org&utm_campaign=api&utm_content=thumbnail,https://en.wikipedia.org/wiki/Radford_Highlanders,Wikipedia athletics page lead image (logo),other,no,
soccer,women,D1,Rhode Island,Rhode Island,https://thumb.wikimedia.org/wikipedia/commons/thumb/8/80/Rhode_Island_Rams_logo.svg/250px-Rhode_Island_Rams_logo.svg.png?utm_source=en.wikipedia.org&utm_campaign=imageinfo&utm_content=thumbnail,https://en.wikipedia.org/wiki/Rhode_Island_Rams,Wikipedia athletics page lead image (logo),other,no,
soccer,women,D1,Rice,Texas,https://thumb.wikimedia.org/wikipedia/commons/thumb/b/bc/Rice_Owls_logo.svg/250px-Rice_Owls_logo.svg.png?utm_source=en.wikipedia.org&utm_campaign=api&utm_content=thumbnail,https://en.wikipedia.org/wiki/Rice_Owls,Wikipedia athletics page lead image (logo),other,no,
soccer,women,D1,Richmond,Virginia,https://thumb.wikimedia.org/wikipedia/en/thumb/c/c3/Richmond_Spiders_logo.svg/250px-Richmond_Spiders_logo.svg.png?utm_source=en.wikipedia.org&utm_campaign=imageinfo&utm_content=thumbnail,https://en.wikipedia.org/wiki/Richmond_Spiders,Wikipedia athletics page lead image (logo),other,no,
soccer,women,D1,Rider,New Jersey,https://thumb.wikimedia.org/wikipedia/commons/thumb/c/cd/Rider_Broncs_wordmark.png/250px-Rider_Broncs_wordmark.png?utm_source=en.wikipedia.org&utm_campaign=api&utm_content=thumbnail,https://en.wikipedia.org/wiki/Rider_Broncs,Wikipedia athletics page lead image (logo),other,no,
soccer,women,D1,Robert Morris,Pennsylvania,https://thumb.wikimedia.org/wikipedia/commons/thumb/2/2f/RMU_Colonials_logo.svg/250px-RMU_Colonials_logo.svg.png?utm_source=en.wikipedia.org&utm_campaign=api&utm_content=thumbnail,https://en.wikipedia.org/wiki/Robert_Morris_Colonials,Wikipedia athletics page lead image (logo),other,no,
soccer,women,D1,Rutgers,New Jersey,https://thumb.wikimedia.org/wikipedia/commons/thumb/b/b6/Rutgers_Scarlet_Knights_logo.svg/250px-Rutgers_Scarlet_Knights_logo.svg.png?utm_source=en.wikipedia.org&utm_campaign=api&utm_content=thumbnail,https://en.wikipedia.org/wiki/Rutgers_Scarlet_Knights,Wikipedia athletics page lead image (logo),other,no,
soccer,women,D1,Sacramento State,California,https://thumb.wikimedia.org/wikipedia/commons/thumb/6/61/Sacramento_State_Hornets_logo.svg/250px-Sacramento_State_Hornets_logo.svg.png?utm_source=en.wikipedia.org&utm_campaign=api&utm_content=thumbnail,https://en.wikipedia.org/wiki/Sacramento_State_Hornets,Wikipedia athletics page lead image (logo),other,no,
soccer,women,D1,Sacred Heart,Connecticut,https://thumb.wikimedia.org/wikipedia/commons/thumb/c/c4/Sacred_Heart_Pioneers_logo.svg/250px-Sacred_Heart_Pioneers_logo.svg.png?utm_source=en.wikipedia.org&utm_campaign=api&utm_content=thumbnail,https://en.wikipedia.org/wiki/Sacred_Heart_Pioneers,Wikipedia athletics page lead image (logo),other,no,
soccer,women,D1,St. Bonaventure,New York,https://thumb.wikimedia.org/wikipedia/en/thumb/9/96/St_bona_bonnies_logo.png/250px-St_bona_bonnies_logo.png?utm_source=en.wikipedia.org&utm_campaign=imageinfo&utm_content=thumbnail,https://en.wikipedia.org/wiki/St._Bonaventure_Bonnies,Wikipedia athletics page lead image (logo),other,no,
soccer,women,D1,St. John's,New York,https://thumb.wikimedia.org/wikipedia/commons/thumb/6/63/St_johns_wordmark_red_2015.png/250px-St_johns_wordmark_red_2015.png?utm_source=en.wikipedia.org&utm_campaign=api&utm_content=thumbnail,https://en.wikipedia.org/wiki/St._John's_Red_Storm,Wikipedia athletics page lead image (logo),other,no,
soccer,women,D1,Saint Joseph's,Pennsylvania,https://thumb.wikimedia.org/wikipedia/commons/thumb/0/0d/St_joseph_sju_second_logo_2002.png/250px-St_joseph_sju_second_logo_2002.png?utm_source=en.wikipedia.org&utm_campaign=api&utm_content=thumbnail,https://en.wikipedia.org/wiki/Saint_Joseph's_Hawks,Wikipedia athletics page lead image (logo),other,no,
soccer,women,D1,Saint Louis,Missouri,https://thumb.wikimedia.org/wikipedia/commons/thumb/0/0d/SLU_Billikens_wordmark.png/250px-SLU_Billikens_wordmark.png?utm_source=en.wikipedia.org&utm_campaign=api&utm_content=thumbnail,https://en.wikipedia.org/wiki/Saint_Louis_Billikens,Wikipedia athletics page lead image (logo),other,no,
soccer,women,D1,Saint Mary's,California,https://thumb.wikimedia.org/wikipedia/commons/thumb/7/7c/Saint_Mary%27s_College_Gaels_logo.svg/250px-Saint_Mary%27s_College_Gaels_logo.svg.png?utm_source=en.wikipedia.org&utm_campaign=api&utm_content=thumbnail,https://en.wikipedia.org/wiki/Saint_Mary's_Gaels,Wikipedia athletics page lead image (logo),other,no,
soccer,women,D1,Saint Peter's,New Jersey,https://thumb.wikimedia.org/wikipedia/en/thumb/9/97/Saint_Peter%27s_Peacocks_logo.svg/250px-Saint_Peter%27s_Peacocks_logo.svg.png?utm_source=en.wikipedia.org&utm_campaign=imageinfo&utm_content=thumbnail,https://en.wikipedia.org/wiki/Saint_Peter's_Peacocks,Wikipedia athletics page lead image (logo),other,no,
soccer,women,D1,Samford,Alabama,https://thumb.wikimedia.org/wikipedia/en/thumb/b/b9/Samford_Bulldogs_logo.svg/250px-Samford_Bulldogs_logo.svg.png?utm_source=en.wikipedia.org&utm_campaign=imageinfo&utm_content=thumbnail,https://en.wikipedia.org/wiki/Samford_Bulldogs,Wikipedia athletics page lead image (logo),other,no,
soccer,women,D1,San Diego,California,https://thumb.wikimedia.org/wikipedia/commons/thumb/7/7e/San_Diego_Toreros_logo.svg/250px-San_Diego_Toreros_logo.svg.png?utm_source=en.wikipedia.org&utm_campaign=api&utm_content=thumbnail,https://en.wikipedia.org/wiki/San_Diego_Toreros,Wikipedia athletics page lead image (logo),other,no,
soccer,women,D1,San Diego State,California,https://thumb.wikimedia.org/wikipedia/commons/thumb/7/7c/San_Diego_State_Aztecs_logo.svg/250px-San_Diego_State_Aztecs_logo.svg.png?utm_source=en.wikipedia.org&utm_campaign=api&utm_content=thumbnail,https://en.wikipedia.org/wiki/San_Diego_State_Aztecs,Wikipedia athletics page lead image (logo),other,no,
soccer,women,D1,San Francisco,California,https://thumb.wikimedia.org/wikipedia/commons/thumb/a/af/San_Francisco_Dons_logo.svg/250px-San_Francisco_Dons_logo.svg.png?utm_source=en.wikipedia.org&utm_campaign=api&utm_content=thumbnail,https://en.wikipedia.org/wiki/San_Francisco_Dons,Wikipedia athletics page lead image (logo),other,no,
soccer,women,D1,San Jose State,California,https://thumb.wikimedia.org/wikipedia/commons/thumb/0/07/San_Jose_State_Athletics_wordmark.svg/250px-San_Jose_State_Athletics_wordmark.svg.png?utm_source=en.wikipedia.org&utm_campaign=imageinfo&utm_content=thumbnail,https://en.wikipedia.org/wiki/San_Jose_State_Spartans,Wikipedia athletics page lead image (logo),other,no,
soccer,women,D1,Santa Clara,California,https://thumb.wikimedia.org/wikipedia/commons/thumb/0/05/Santa_Clara_Broncos_logo.svg/250px-Santa_Clara_Broncos_logo.svg.png?utm_source=en.wikipedia.org&utm_campaign=imageinfo&utm_content=thumbnail,https://en.wikipedia.org/wiki/Santa_Clara_Broncos,Wikipedia athletics page lead image (logo),other,no,
soccer,women,D1,Seattle,Washington,https://thumb.wikimedia.org/wikipedia/commons/thumb/7/7e/Seattleu_logo_2008.png/250px-Seattleu_logo_2008.png?utm_source=en.wikipedia.org&utm_campaign=imageinfo&utm_content=thumbnail,https://en.wikipedia.org/wiki/Seattle_Redhawks,Wikipedia athletics page lead image (logo),other,no,
soccer,women,D1,Seton Hall,New Jersey,https://thumb.wikimedia.org/wikipedia/en/thumb/e/e1/Seton_Hall_Pirates_logo.svg/250px-Seton_Hall_Pirates_logo.svg.png?utm_source=en.wikipedia.org&utm_campaign=imageinfo&utm_content=thumbnail,https://en.wikipedia.org/wiki/Seton_Hall_Pirates,Wikipedia athletics page lead image (logo),other,no,
soccer,women,D1,Siena,New York,https://thumb.wikimedia.org/wikipedia/en/thumb/9/91/Siena_Saints_New_Logo.png/250px-Siena_Saints_New_Logo.png?utm_source=en.wikipedia.org&utm_campaign=imageinfo&utm_content=thumbnail,https://en.wikipedia.org/wiki/Siena_Saints,Wikipedia athletics page lead image (logo),other,no,
soccer,women,D1,SIU Edwardsville,Illinois,https://thumb.wikimedia.org/wikipedia/commons/thumb/5/51/SIUE_Cougars_logo.svg/250px-SIUE_Cougars_logo.svg.png?utm_source=en.wikipedia.org&utm_campaign=api&utm_content=thumbnail,https://en.wikipedia.org/wiki/SIU_Edwardsville_Cougars,Wikipedia athletics page lead image (logo),other,no,
soccer,women,D1,SMU,Texas,https://thumb.wikimedia.org/wikipedia/commons/thumb/3/33/SMU_Mustang_logo.svg/250px-SMU_Mustang_logo.svg.png?utm_source=en.wikipedia.org&utm_campaign=api&utm_content=thumbnail,https://en.wikipedia.org/wiki/SMU_Mustangs,Wikipedia athletics page lead image (logo),other,no,
soccer,women,D1,South Alabama,Alabama,https://thumb.wikimedia.org/wikipedia/commons/thumb/d/d2/South_Alabama_Jaguars_wordmark.svg/250px-South_Alabama_Jaguars_wordmark.svg.png?utm_source=en.wikipedia.org&utm_campaign=imageinfo&utm_content=thumbnail,https://en.wikipedia.org/wiki/South_Alabama_Jaguars,Wikipedia athletics page lead image (logo),other,no,
soccer,women,D1,South Carolina,South Carolina,https://thumb.wikimedia.org/wikipedia/commons/thumb/9/94/South_Carolina_Gamecocks_logo.svg/250px-South_Carolina_Gamecocks_logo.svg.png?utm_source=en.wikipedia.org&utm_campaign=api&utm_content=thumbnail,https://en.wikipedia.org/wiki/South_Carolina_Gamecocks,Wikipedia athletics page lead image (logo),other,no,
soccer,women,D1,South Carolina State,South Carolina,https://thumb.wikimedia.org/wikipedia/en/thumb/a/ac/South_Carolina_State_Bulldogs_logo.svg/250px-South_Carolina_State_Bulldogs_logo.svg.png?utm_source=en.wikipedia.org&utm_campaign=imageinfo&utm_content=thumbnail,https://en.wikipedia.org/wiki/South_Carolina_State_Bulldogs_and_Lady_Bulldogs,Wikipedia athletics page lead image (logo),other,no,
soccer,women,D1,South Dakota,South Dakota,https://thumb.wikimedia.org/wikipedia/en/thumb/a/ae/South_Dakota_Coyotes_logo.svg/250px-South_Dakota_Coyotes_logo.svg.png?utm_source=en.wikipedia.org&utm_campaign=imageinfo&utm_content=thumbnail,https://en.wikipedia.org/wiki/South_Dakota_Coyotes,Wikipedia athletics page lead image (logo),other,no,
soccer,women,D1,South Dakota State,South Dakota,https://thumb.wikimedia.org/wikipedia/en/thumb/2/25/South_Dakota_State_Jackrabbits_logo.svg/250px-South_Dakota_State_Jackrabbits_logo.svg.png?utm_source=en.wikipedia.org&utm_campaign=imageinfo&utm_content=thumbnail,https://en.wikipedia.org/wiki/South_Dakota_State_Jackrabbits,Wikipedia athletics page lead image (logo),other,no,
soccer,women,D1,South Florida,Florida,https://thumb.wikimedia.org/wikipedia/commons/thumb/1/13/Official_USF_Bulls_Athletic_Logo.png/250px-Official_USF_Bulls_Athletic_Logo.png?utm_source=en.wikipedia.org&utm_campaign=api&utm_content=thumbnail,https://en.wikipedia.org/wiki/South_Florida_Bulls,Wikipedia athletics page lead image (logo),other,no,
soccer,women,D1,Southeast Missouri State,Missouri,https://thumb.wikimedia.org/wikipedia/commons/thumb/8/85/SEMO_Redhawks_wordmark.svg/250px-SEMO_Redhawks_wordmark.svg.png?utm_source=en.wikipedia.org&utm_campaign=api&utm_content=thumbnail,https://en.wikipedia.org/wiki/Southeast_Missouri_State_Redhawks,Wikipedia athletics page lead image (logo),other,no,
soccer,women,D1,Southeastern Louisiana,Louisiana,https://thumb.wikimedia.org/wikipedia/commons/thumb/8/82/Southeastern_Louisiana_Lions_Wordmark_2026.svg/250px-Southeastern_Louisiana_Lions_Wordmark_2026.svg.png?utm_source=en.wikipedia.org&utm_campaign=api&utm_content=thumbnail,https://en.wikipedia.org/wiki/Southeastern_Louisiana_Lions_and_Lady_Lions,Wikipedia athletics page lead image (logo),other,no,
soccer,women,D1,Southern,Louisiana,https://thumb.wikimedia.org/wikipedia/commons/thumb/a/a7/Southern_Jaguars_wordmark.png/250px-Southern_Jaguars_wordmark.png?utm_source=en.wikipedia.org&utm_campaign=imageinfo&utm_content=thumbnail,https://en.wikipedia.org/wiki/Southern_Jaguars_and_Lady_Jaguars,Wikipedia athletics page lead image (logo),other,no,
soccer,women,D1,Southern Illinois,Illinois,https://thumb.wikimedia.org/wikipedia/commons/thumb/d/dd/Southern_Illinois_Salukis_wordmark.svg/250px-Southern_Illinois_Salukis_wordmark.svg.png?utm_source=en.wikipedia.org&utm_campaign=api&utm_content=thumbnail,https://en.wikipedia.org/wiki/Southern_Illinois_Salukis,Wikipedia athletics page lead image (logo),other,no,
soccer,women,D1,Southern Indiana,Indiana,https://thumb.wikimedia.org/wikipedia/commons/thumb/e/e5/Usi_eagles_wordmark_2014.png/250px-Usi_eagles_wordmark_2014.png?utm_source=en.wikipedia.org&utm_campaign=api&utm_content=thumbnail,https://en.wikipedia.org/wiki/Southern_Indiana_Screaming_Eagles,Wikipedia athletics page lead image (logo),other,no,
soccer,women,D1,Southern Miss,Mississippi,https://thumb.wikimedia.org/wikipedia/en/thumb/5/5d/Southern_Miss_Athletics_logo.svg/250px-Southern_Miss_Athletics_logo.svg.png?utm_source=en.wikipedia.org&utm_campaign=imageinfo&utm_content=thumbnail,https://en.wikipedia.org/wiki/Southern_Miss_Golden_Eagles,Wikipedia athletics page lead image (logo),other,no,
soccer,women,D1,Southern Utah,Utah,https://thumb.wikimedia.org/wikipedia/en/thumb/e/e7/Southern_Utah_Thunderbirds_logo.svg/250px-Southern_Utah_Thunderbirds_logo.svg.png?utm_source=en.wikipedia.org&utm_campaign=imageinfo&utm_content=thumbnail,https://en.wikipedia.org/wiki/Southern_Utah_Thunderbirds,Wikipedia athletics page lead image (logo),other,no,
soccer,women,D1,Stanford,California,https://thumb.wikimedia.org/wikipedia/commons/thumb/4/4b/Stanford_Cardinal_logo.svg/250px-Stanford_Cardinal_logo.svg.png?utm_source=en.wikipedia.org&utm_campaign=api&utm_content=thumbnail,https://en.wikipedia.org/wiki/Stanford_Cardinal,Wikipedia athletics page lead image (logo),other,no,
soccer,women,D1,Stephen F. Austin,Texas,https://thumb.wikimedia.org/wikipedia/en/thumb/a/a3/Stephen_austin_athletics_logo_2020.png/250px-Stephen_austin_athletics_logo_2020.png?utm_source=en.wikipedia.org&utm_campaign=imageinfo&utm_content=thumbnail,https://en.wikipedia.org/wiki/Stephen_F._Austin_Lumberjacks_and_Ladyjacks,Wikipedia athletics page lead image (logo),other,no,
soccer,women,D1,Stetson,Florida,https://thumb.wikimedia.org/wikipedia/en/thumb/6/61/Stetson_Hatters_current_logo.svg/250px-Stetson_Hatters_current_logo.svg.png?utm_source=en.wikipedia.org&utm_campaign=imageinfo&utm_content=thumbnail,https://en.wikipedia.org/wiki/Stetson_Hatters,Wikipedia athletics page lead image (logo),other,no,
soccer,women,D1,Stonehill,Massachusetts,https://thumb.wikimedia.org/wikipedia/commons/thumb/e/ed/Stonehill_Skyhawks_logo.svg/250px-Stonehill_Skyhawks_logo.svg.png?utm_source=en.wikipedia.org&utm_campaign=api&utm_content=thumbnail,https://en.wikipedia.org/wiki/Stonehill_Skyhawks,Wikipedia athletics page lead image (logo),other,no,
soccer,women,D1,Stony Brook,New York,https://thumb.wikimedia.org/wikipedia/en/thumb/3/35/Stony_Brook_Seawolves_logo.svg/250px-Stony_Brook_Seawolves_logo.svg.png?utm_source=en.wikipedia.org&utm_campaign=imageinfo&utm_content=thumbnail,https://en.wikipedia.org/wiki/Stony_Brook_Seawolves,Wikipedia athletics page lead image (logo),other,no,
soccer,women,D1,Syracuse,New York,https://thumb.wikimedia.org/wikipedia/commons/thumb/4/49/Syracuse_Orange_logo.svg/250px-Syracuse_Orange_logo.svg.png?utm_source=en.wikipedia.org&utm_campaign=imageinfo&utm_content=thumbnail,https://en.wikipedia.org/wiki/Syracuse_Orange,Wikipedia athletics page lead image (logo),other,no,
soccer,women,D1,Tarleton State,Texas,https://thumb.wikimedia.org/wikipedia/commons/thumb/c/cd/Tarleton_wordmark_2018.png/250px-Tarleton_wordmark_2018.png?utm_source=en.wikipedia.org&utm_campaign=imageinfo&utm_content=thumbnail,https://en.wikipedia.org/wiki/Tarleton_State_Texans,Wikipedia athletics page lead image (logo),other,no,
soccer,women,D1,TCU,Texas,https://thumb.wikimedia.org/wikipedia/commons/thumb/1/15/TCU_Horned_Frogs_logo.svg/250px-TCU_Horned_Frogs_logo.svg.png?utm_source=en.wikipedia.org&utm_campaign=api&utm_content=thumbnail,https://en.wikipedia.org/wiki/TCU_Horned_Frogs,Wikipedia athletics page lead image (logo),other,no,
soccer,women,D1,Temple,Pennsylvania,https://thumb.wikimedia.org/wikipedia/commons/thumb/1/17/Temple_T_logo.svg/250px-Temple_T_logo.svg.png?utm_source=en.wikipedia.org&utm_campaign=api&utm_content=thumbnail,https://en.wikipedia.org/wiki/Temple_Owls,Wikipedia athletics page lead image (logo),other,no,
soccer,women,D1,Tennessee,Tennessee,https://thumb.wikimedia.org/wikipedia/commons/thumb/e/e3/Tennessee_Volunteers_logo.svg/250px-Tennessee_Volunteers_logo.svg.png?utm_source=en.wikipedia.org&utm_campaign=api&utm_content=thumbnail,https://en.wikipedia.org/wiki/Tennessee_Volunteers,Wikipedia athletics page lead image (logo),other,no,
soccer,women,D1,Tennessee Tech,Tennessee,https://thumb.wikimedia.org/wikipedia/commons/thumb/c/cb/Tenn_tech_wordmark_2006.png/250px-Tenn_tech_wordmark_2006.png?utm_source=en.wikipedia.org&utm_campaign=api&utm_content=thumbnail,https://en.wikipedia.org/wiki/Tennessee_Tech_Golden_Eagles,Wikipedia athletics page lead image (logo),other,no,
soccer,women,D1,Texas,Texas,https://thumb.wikimedia.org/wikipedia/commons/thumb/8/8d/Texas_Longhorns_logo.svg/250px-Texas_Longhorns_logo.svg.png?utm_source=en.wikipedia.org&utm_campaign=api&utm_content=thumbnail,https://en.wikipedia.org/wiki/Texas_Longhorns,Wikipedia athletics page lead image (logo),other,no,
soccer,women,D1,Texas A&M,Texas,https://thumb.wikimedia.org/wikipedia/commons/thumb/6/60/Texas_A%26M_Aggies_Primary_Logo_%282021-Present%29.png/250px-Texas_A%26M_Aggies_Primary_Logo_%282021-Present%29.png?utm_source=en.wikipedia.org&utm_campaign=api&utm_content=thumbnail,https://en.wikipedia.org/wiki/Texas_A%26M_Aggies,Wikipedia athletics page lead image (logo),other,no,
soccer,women,D1,Texas A&M–Corpus Christi,Texas,https://thumb.wikimedia.org/wikipedia/en/thumb/e/eb/Texas_A%26M%E2%80%93Corpus_Christi_Islanders_logo.svg/250px-Texas_A%26M%E2%80%93Corpus_Christi_Islanders_logo.svg.png?utm_source=en.wikipedia.org&utm_campaign=imageinfo&utm_content=thumbnail,https://en.wikipedia.org/wiki/Texas_A%26M%E2%80%93Corpus_Christi_Islanders,Wikipedia athletics page lead image (logo),other,no,
soccer,women,D1,Texas Southern,Texas,https://thumb.wikimedia.org/wikipedia/en/thumb/9/9b/Texas_Southern_Tigers_logo.svg/250px-Texas_Southern_Tigers_logo.svg.png?utm_source=en.wikipedia.org&utm_campaign=imageinfo&utm_content=thumbnail,https://en.wikipedia.org/wiki/Texas_Southern_Tigers,Wikipedia athletics page lead image (logo),other,no,
soccer,women,D1,Texas State,Texas,https://thumb.wikimedia.org/wikipedia/commons/thumb/a/ab/Texas_state_athletics_wmark.png/250px-Texas_state_athletics_wmark.png?utm_source=en.wikipedia.org&utm_campaign=api&utm_content=thumbnail,https://en.wikipedia.org/wiki/Texas_State_Bobcats,Wikipedia athletics page lead image (logo),other,no,
soccer,women,D1,Texas Tech,Texas,https://thumb.wikimedia.org/wikipedia/commons/thumb/4/4e/Texas_Tech_Athletics_logo.svg/250px-Texas_Tech_Athletics_logo.svg.png?utm_source=en.wikipedia.org&utm_campaign=api&utm_content=thumbnail,https://en.wikipedia.org/wiki/Texas_Tech_Red_Raiders,Wikipedia athletics page lead image (logo),other,no,
soccer,women,D1,The Citadel,South Carolina,https://thumb.wikimedia.org/wikipedia/commons/thumb/c/cc/Citadel_Bulldogs_logo.svg/250px-Citadel_Bulldogs_logo.svg.png?utm_source=en.wikipedia.org&utm_campaign=api&utm_content=thumbnail,https://en.wikipedia.org/wiki/The_Citadel_Bulldogs,Wikipedia athletics page lead image (logo),other,no,
soccer,women,D1,Toledo,Ohio,https://thumb.wikimedia.org/wikipedia/en/thumb/f/fa/Toledo_Rockets_logo.svg/250px-Toledo_Rockets_logo.svg.png?utm_source=en.wikipedia.org&utm_campaign=imageinfo&utm_content=thumbnail,https://en.wikipedia.org/wiki/Toledo_Rockets,Wikipedia athletics page lead image (logo),other,no,
soccer,women,D1,Towson,Maryland,https://thumb.wikimedia.org/wikipedia/en/thumb/7/72/Towson_Tigers_logo.svg/250px-Towson_Tigers_logo.svg.png?utm_source=en.wikipedia.org&utm_campaign=imageinfo&utm_content=thumbnail,https://en.wikipedia.org/wiki/Towson_Tigers,Wikipedia athletics page lead image (logo),other,no,
soccer,women,D1,Troy,Alabama,https://thumb.wikimedia.org/wikipedia/commons/thumb/3/34/Troy_Trojans_logo.svg/250px-Troy_Trojans_logo.svg.png?utm_source=en.wikipedia.org&utm_campaign=api&utm_content=thumbnail,https://en.wikipedia.org/wiki/Troy_Trojans,Wikipedia athletics page lead image (logo),other,no,
soccer,women,D1,Tulsa,Oklahoma,https://thumb.wikimedia.org/wikipedia/commons/thumb/c/c4/Tulsa_Golden_Hurricane_logo.svg/250px-Tulsa_Golden_Hurricane_logo.svg.png?utm_source=en.wikipedia.org&utm_campaign=api&utm_content=thumbnail,https://en.wikipedia.org/wiki/Tulsa_Golden_Hurricane,Wikipedia athletics page lead image (logo),other,no,
soccer,women,D1,UAB,Alabama,https://thumb.wikimedia.org/wikipedia/en/thumb/0/0b/UAB_Blazers_primary_logo.svg/250px-UAB_Blazers_primary_logo.svg.png?utm_source=en.wikipedia.org&utm_campaign=imageinfo&utm_content=thumbnail,https://en.wikipedia.org/wiki/UAB_Blazers,Wikipedia athletics page lead image (logo),other,no,
soccer,women,D1,UC Davis,California,https://thumb.wikimedia.org/wikipedia/commons/thumb/1/13/UC_Davis_Aggies_logo.svg/250px-UC_Davis_Aggies_logo.svg.png?utm_source=en.wikipedia.org&utm_campaign=api&utm_content=thumbnail,https://en.wikipedia.org/wiki/UC_Davis_Aggies,Wikipedia athletics page lead image (logo),other,no,
soccer,women,D1,UC Irvine,California,https://thumb.wikimedia.org/wikipedia/commons/thumb/b/b6/UC_Irvine_Anteaters_logo.svg/250px-UC_Irvine_Anteaters_logo.svg.png?utm_source=en.wikipedia.org&utm_campaign=api&utm_content=thumbnail,https://en.wikipedia.org/wiki/UC_Irvine_Anteaters,Wikipedia athletics page lead image (logo),other,no,
soccer,women,D1,UC Riverside,California,https://thumb.wikimedia.org/wikipedia/commons/thumb/2/21/UC_Riverside_Highlanders_logo.svg/250px-UC_Riverside_Highlanders_logo.svg.png?utm_source=en.wikipedia.org&utm_campaign=api&utm_content=thumbnail,https://en.wikipedia.org/wiki/UC_Riverside_Highlanders,Wikipedia athletics page lead image (logo),other,no,
soccer,women,D1,UC San Diego,California,https://thumb.wikimedia.org/wikipedia/en/thumb/b/b7/UC_San_Diego_Tritons_logo.png/250px-UC_San_Diego_Tritons_logo.png?utm_source=en.wikipedia.org&utm_campaign=imageinfo&utm_content=thumbnail,https://en.wikipedia.org/wiki/UC_San_Diego_Tritons,Wikipedia athletics page lead image (logo),other,no,
soccer,women,D1,UC Santa Barbara,California,https://thumb.wikimedia.org/wikipedia/en/thumb/a/a8/UC_Santa_Barbara_Gauchos_logo.svg/250px-UC_Santa_Barbara_Gauchos_logo.svg.png?utm_source=en.wikipedia.org&utm_campaign=imageinfo&utm_content=thumbnail,https://en.wikipedia.org/wiki/UC_Santa_Barbara_Gauchos,Wikipedia athletics page lead image (logo),other,no,
soccer,women,D1,UCF,Florida,https://thumb.wikimedia.org/wikipedia/commons/thumb/f/fd/UCF_Knights_logo.svg/250px-UCF_Knights_logo.svg.png?utm_source=en.wikipedia.org&utm_campaign=api&utm_content=thumbnail,https://en.wikipedia.org/wiki/UCF_Knights,Wikipedia athletics page lead image (logo),other,no,
soccer,women,D1,UCLA,California,https://thumb.wikimedia.org/wikipedia/commons/thumb/d/d1/UCLA_Bruins_primary_logo.svg/250px-UCLA_Bruins_primary_logo.svg.png?utm_source=en.wikipedia.org&utm_campaign=api&utm_content=thumbnail,https://en.wikipedia.org/wiki/UCLA_Bruins,Wikipedia athletics page lead image (logo),other,no,
soccer,women,D1,UIC,Illinois,https://thumb.wikimedia.org/wikipedia/commons/thumb/a/a3/UIC_Flames_wordmark.svg/250px-UIC_Flames_wordmark.svg.png?utm_source=en.wikipedia.org&utm_campaign=api&utm_content=thumbnail,https://en.wikipedia.org/wiki/UIC_Flames,Wikipedia athletics page lead image (logo),other,no,
soccer,women,D1,UMass,Massachusetts,https://thumb.wikimedia.org/wikipedia/commons/thumb/2/23/UMass_Amherst_athletics_logo.svg/250px-UMass_Amherst_athletics_logo.svg.png?utm_source=en.wikipedia.org&utm_campaign=api&utm_content=thumbnail,https://en.wikipedia.org/wiki/UMass_Minutemen_and_Minutewomen,Wikipedia athletics page lead image (logo),other,no,
soccer,women,D1,UMass Lowell,Massachusetts,https://thumb.wikimedia.org/wikipedia/en/thumb/4/43/UMass_Lowell_River_Hawks_logo.svg/250px-UMass_Lowell_River_Hawks_logo.svg.png?utm_source=en.wikipedia.org&utm_campaign=imageinfo&utm_content=thumbnail,https://en.wikipedia.org/wiki/UMass_Lowell_River_Hawks,Wikipedia athletics page lead image (logo),other,no,
soccer,women,D1,UMBC,Maryland,https://thumb.wikimedia.org/wikipedia/en/thumb/c/cc/UMBC_Retrievers_logo.svg/250px-UMBC_Retrievers_logo.svg.png?utm_source=en.wikipedia.org&utm_campaign=imageinfo&utm_content=thumbnail,https://en.wikipedia.org/wiki/UMBC_Retrievers,Wikipedia athletics page lead image (logo),other,no,
soccer,women,D1,UNC Asheville,North Carolina,https://thumb.wikimedia.org/wikipedia/commons/thumb/5/55/Unc_asheville_athletics_mark.png/250px-Unc_asheville_athletics_mark.png?utm_source=en.wikipedia.org&utm_campaign=api&utm_content=thumbnail,https://en.wikipedia.org/wiki/UNC_Asheville_Bulldogs,Wikipedia athletics page lead image (logo),other,no,
soccer,women,D1,UNC Greensboro,North Carolina,https://thumb.wikimedia.org/wikipedia/en/thumb/7/70/UNCG_Spartans_logo.svg/250px-UNCG_Spartans_logo.svg.png?utm_source=en.wikipedia.org&utm_campaign=imageinfo&utm_content=thumbnail,https://en.wikipedia.org/wiki/UNC_Greensboro_Spartans,Wikipedia athletics page lead image (logo),other,no,
soccer,women,D1,UNC Wilmington,North Carolina,https://thumb.wikimedia.org/wikipedia/en/thumb/6/6f/UNC_Wilmington_Seahawks_logo.svg/250px-UNC_Wilmington_Seahawks_logo.svg.png?utm_source=en.wikipedia.org&utm_campaign=imageinfo&utm_content=thumbnail,https://en.wikipedia.org/wiki/UNC_Wilmington_Seahawks,Wikipedia athletics page lead image (logo),other,no,
soccer,women,D1,UNLV,Nevada,https://thumb.wikimedia.org/wikipedia/commons/thumb/f/f6/UNLV_Rebels_wordmark.svg/250px-UNLV_Rebels_wordmark.svg.png?utm_source=en.wikipedia.org&utm_campaign=api&utm_content=thumbnail,https://en.wikipedia.org/wiki/UNLV_Rebels,Wikipedia athletics page lead image (logo),other,no,
soccer,women,D1,USC,California,https://thumb.wikimedia.org/wikipedia/commons/thumb/9/94/USC_Trojans_logo.svg/250px-USC_Trojans_logo.svg.png?utm_source=en.wikipedia.org&utm_campaign=api&utm_content=thumbnail,https://en.wikipedia.org/wiki/USC_Trojans,Wikipedia athletics page lead image (logo),other,no,
soccer,women,D1,USC Upstate,South Carolina,https://thumb.wikimedia.org/wikipedia/commons/thumb/8/8e/USC_Upstate_Spartans_logo.svg/250px-USC_Upstate_Spartans_logo.svg.png?utm_source=en.wikipedia.org&utm_campaign=api&utm_content=thumbnail,https://en.wikipedia.org/wiki/USC_Upstate_Spartans,Wikipedia athletics page lead image (logo),other,no,
soccer,women,D1,UT Martin,Tennessee,https://thumb.wikimedia.org/wikipedia/en/thumb/2/2c/UT_Martin_Skyhawks_logo.svg/250px-UT_Martin_Skyhawks_logo.svg.png?utm_source=en.wikipedia.org&utm_campaign=imageinfo&utm_content=thumbnail,https://en.wikipedia.org/wiki/UT_Martin_Skyhawks,Wikipedia athletics page lead image (logo),other,no,
soccer,women,D1,Utah,Utah,https://thumb.wikimedia.org/wikipedia/commons/thumb/5/53/Utah_Utes_primary_logo.svg/250px-Utah_Utes_primary_logo.svg.png?utm_source=en.wikipedia.org&utm_campaign=api&utm_content=thumbnail,https://en.wikipedia.org/wiki/Utah_Utes,Wikipedia athletics page lead image (logo),other,no,
soccer,women,D1,Utah State,Utah,https://thumb.wikimedia.org/wikipedia/commons/thumb/5/59/Utah_State_Aggies_logo.svg/250px-Utah_State_Aggies_logo.svg.png?utm_source=en.wikipedia.org&utm_campaign=api&utm_content=thumbnail,https://en.wikipedia.org/wiki/Utah_State_Aggies,Wikipedia athletics page lead image (logo),other,no,
soccer,women,D1,Utah Tech,Utah,https://thumb.wikimedia.org/wikipedia/en/thumb/e/ec/Utah_Tech_Trailblazers_logo_2022.svg/250px-Utah_Tech_Trailblazers_logo_2022.svg.png?utm_source=en.wikipedia.org&utm_campaign=imageinfo&utm_content=thumbnail,https://en.wikipedia.org/wiki/Utah_Tech_Trailblazers,Wikipedia athletics page lead image (logo),other,no,
soccer,women,D1,Utah Valley,Utah,https://thumb.wikimedia.org/wikipedia/en/thumb/c/c8/Utah_Valley_Wolverines_logo.svg/250px-Utah_Valley_Wolverines_logo.svg.png?utm_source=en.wikipedia.org&utm_campaign=imageinfo&utm_content=thumbnail,https://en.wikipedia.org/wiki/Utah_Valley_Wolverines,Wikipedia athletics page lead image (logo),other,no,
soccer,women,D1,UTEP,Texas,https://thumb.wikimedia.org/wikipedia/commons/thumb/8/89/UTEP_Miners_wordmark.svg/250px-UTEP_Miners_wordmark.svg.png?utm_source=en.wikipedia.org&utm_campaign=api&utm_content=thumbnail,https://en.wikipedia.org/wiki/UTEP_Miners,Wikipedia athletics page lead image (logo),other,no,
soccer,women,D1,UT Rio Grande Valley,Texas,https://thumb.wikimedia.org/wikipedia/en/thumb/f/f6/UTRGV_Athletics_logo.svg/250px-UTRGV_Athletics_logo.svg.png?utm_source=en.wikipedia.org&utm_campaign=imageinfo&utm_content=thumbnail,https://en.wikipedia.org/wiki/UT_Rio_Grande_Valley_Vaqueros,Wikipedia athletics page lead image (logo),other,no,
soccer,women,D1,UTSA,Texas,https://thumb.wikimedia.org/wikipedia/en/thumb/1/1b/UTSA_Athletics_logo.svg/250px-UTSA_Athletics_logo.svg.png?utm_source=en.wikipedia.org&utm_campaign=imageinfo&utm_content=thumbnail,https://en.wikipedia.org/wiki/UTSA_Roadrunners,Wikipedia athletics page lead image (logo),other,no,
soccer,women,D1,Valparaiso,Indiana,https://thumb.wikimedia.org/wikipedia/commons/thumb/f/fb/Valparaiso_Crusaders_wordmark.svg/250px-Valparaiso_Crusaders_wordmark.svg.png?utm_source=en.wikipedia.org&utm_campaign=api&utm_content=thumbnail,https://en.wikipedia.org/wiki/Valparaiso_Beacons,Wikipedia athletics page lead image (logo),other,no,
soccer,women,D1,Vanderbilt,Tennessee,https://thumb.wikimedia.org/wikipedia/commons/thumb/3/3d/Vanderbilt_Athletics_logo.svg/250px-Vanderbilt_Athletics_logo.svg.png?utm_source=en.wikipedia.org&utm_campaign=api&utm_content=thumbnail,https://en.wikipedia.org/wiki/Vanderbilt_Commodores,Wikipedia athletics page lead image (logo),other,no,
soccer,women,D1,VCU,Virginia,https://thumb.wikimedia.org/wikipedia/commons/thumb/d/d0/New_VCU_Wordmark_Logo.png/250px-New_VCU_Wordmark_Logo.png?utm_source=en.wikipedia.org&utm_campaign=api&utm_content=thumbnail,https://en.wikipedia.org/wiki/VCU_Rams,Wikipedia athletics page lead image (logo),other,no,
soccer,women,D1,Vermont,Vermont,https://thumb.wikimedia.org/wikipedia/commons/thumb/7/79/Vermont_Athletics_wordmark.png/250px-Vermont_Athletics_wordmark.png?utm_source=en.wikipedia.org&utm_campaign=api&utm_content=thumbnail,https://en.wikipedia.org/wiki/Vermont_Catamounts,Wikipedia athletics page lead image (logo),other,no,
soccer,women,D1,Villanova,Pennsylvania,https://thumb.wikimedia.org/wikipedia/commons/thumb/2/23/Villanova_Wildcats_logo.svg/250px-Villanova_Wildcats_logo.svg.png?utm_source=en.wikipedia.org&utm_campaign=api&utm_content=thumbnail,https://en.wikipedia.org/wiki/Villanova_Wildcats,Wikipedia athletics page lead image (logo),other,no,
soccer,women,D1,Virginia,Virginia,https://thumb.wikimedia.org/wikipedia/en/thumb/1/1e/Virginia_Cavaliers_logo.svg/250px-Virginia_Cavaliers_logo.svg.png?utm_source=en.wikipedia.org&utm_campaign=imageinfo&utm_content=thumbnail,https://en.wikipedia.org/wiki/Virginia_Cavaliers,Wikipedia athletics page lead image (logo),other,no,
soccer,women,D1,Virginia Tech,Virginia,https://thumb.wikimedia.org/wikipedia/commons/thumb/6/60/Virginia_Tech_Hokies_logo.svg/250px-Virginia_Tech_Hokies_logo.svg.png?utm_source=en.wikipedia.org&utm_campaign=api&utm_content=thumbnail,https://en.wikipedia.org/wiki/Virginia_Tech_Hokies,Wikipedia athletics page lead image (logo),other,no,
soccer,women,D1,Wagner,New York,https://thumb.wikimedia.org/wikipedia/en/thumb/6/63/Wagner_Seahawks_logo.svg/250px-Wagner_Seahawks_logo.svg.png?utm_source=en.wikipedia.org&utm_campaign=imageinfo&utm_content=thumbnail,https://en.wikipedia.org/wiki/Wagner_Seahawks,Wikipedia athletics page lead image (logo),other,no,
soccer,women,D1,Wake Forest,North Carolina,https://thumb.wikimedia.org/wikipedia/commons/thumb/1/1a/Wake_Forest_University_Athletic_logo.svg/250px-Wake_Forest_University_Athletic_logo.svg.png?utm_source=en.wikipedia.org&utm_campaign=api&utm_content=thumbnail,https://en.wikipedia.org/wiki/Wake_Forest_Demon_Deacons,Wikipedia athletics page lead image (logo),other,no,
soccer,women,D1,Washington,Washington,https://thumb.wikimedia.org/wikipedia/commons/thumb/1/17/Washington_Huskies_logo.svg/250px-Washington_Huskies_logo.svg.png?utm_source=en.wikipedia.org&utm_campaign=api&utm_content=thumbnail,https://en.wikipedia.org/wiki/Washington_Huskies,Wikipedia athletics page lead image (logo),other,no,
soccer,women,D1,Washington State,Washington,https://thumb.wikimedia.org/wikipedia/en/thumb/0/07/Washington_State_Cougars_logo.svg/250px-Washington_State_Cougars_logo.svg.png?utm_source=en.wikipedia.org&utm_campaign=imageinfo&utm_content=thumbnail,https://en.wikipedia.org/wiki/Washington_State_Cougars,Wikipedia athletics page lead image (logo),other,no,
soccer,women,D1,Weber State,Utah,https://thumb.wikimedia.org/wikipedia/en/thumb/f/f2/Weber_State_Wildcats_logo.svg/250px-Weber_State_Wildcats_logo.svg.png?utm_source=en.wikipedia.org&utm_campaign=imageinfo&utm_content=thumbnail,https://en.wikipedia.org/wiki/Weber_State_Wildcats,Wikipedia athletics page lead image (logo),other,no,
soccer,women,D1,West Florida,Florida,https://thumb.wikimedia.org/wikipedia/commons/thumb/b/b8/Uwf_argonauts_logo.svg/250px-Uwf_argonauts_logo.svg.png?utm_source=en.wikipedia.org&utm_campaign=api&utm_content=thumbnail,https://en.wikipedia.org/wiki/West_Florida_Argonauts,Wikipedia athletics page lead image (logo),other,no,
soccer,women,D1,West Georgia,Georgia,https://thumb.wikimedia.org/wikipedia/commons/thumb/c/ca/West_Georgia_Wolves_logo.svg/250px-West_Georgia_Wolves_logo.svg.png?utm_source=en.wikipedia.org&utm_campaign=api&utm_content=thumbnail,https://en.wikipedia.org/wiki/West_Georgia_Wolves,Wikipedia athletics page lead image (logo),other,no,
soccer,women,D1,West Virginia,West Virginia,https://thumb.wikimedia.org/wikipedia/commons/thumb/e/e8/West_Virginia_Mountaineers_logo.svg/250px-West_Virginia_Mountaineers_logo.svg.png?utm_source=en.wikipedia.org&utm_campaign=api&utm_content=thumbnail,https://en.wikipedia.org/wiki/West_Virginia_Mountaineers,Wikipedia athletics page lead image (logo),other,no,
soccer,women,D1,Western Carolina,North Carolina,https://upload.wikimedia.org/wikipedia/commons/a/a7/Wcu_catamounts_logo.png?utm_source=en.wikipedia.org&utm_campaign=api&utm_content=thumbnail_unscaled,https://en.wikipedia.org/wiki/Western_Carolina_Catamounts,Wikipedia athletics page lead image (logo),other,no,
soccer,women,D1,Western Illinois,Illinois,https://thumb.wikimedia.org/wikipedia/en/thumb/1/16/Western_Illinois_Leathernecks_logo.svg/250px-Western_Illinois_Leathernecks_logo.svg.png?utm_source=en.wikipedia.org&utm_campaign=imageinfo&utm_content=thumbnail,https://en.wikipedia.org/wiki/Western_Illinois_Leathernecks,Wikipedia athletics page lead image (logo),other,no,
soccer,women,D1,Western Kentucky,Kentucky,https://thumb.wikimedia.org/wikipedia/commons/thumb/e/e3/Western_Kentucky_Hilltoppers_wordmark.svg/250px-Western_Kentucky_Hilltoppers_wordmark.svg.png?utm_source=en.wikipedia.org&utm_campaign=api&utm_content=thumbnail,https://en.wikipedia.org/wiki/Western_Kentucky_Hilltoppers_and_Lady_Toppers,Wikipedia athletics page lead image (logo),other,no,
soccer,women,D1,Western Michigan,Michigan,https://thumb.wikimedia.org/wikipedia/en/thumb/c/ca/Western_michigan_bronco_logo.png/250px-Western_michigan_bronco_logo.png?utm_source=en.wikipedia.org&utm_campaign=imageinfo&utm_content=thumbnail,https://en.wikipedia.org/wiki/Western_Michigan_Broncos,Wikipedia athletics page lead image (logo),other,no,
soccer,women,D1,William & Mary,Virginia,https://thumb.wikimedia.org/wikipedia/commons/thumb/d/dc/William_%26_Mary_Tribe_wordmark.svg/250px-William_%26_Mary_Tribe_wordmark.svg.png?utm_source=en.wikipedia.org&utm_campaign=api&utm_content=thumbnail,https://en.wikipedia.org/wiki/William_%26_Mary_Tribe,Wikipedia athletics page lead image (logo),other,no,
soccer,women,D1,Winthrop,South Carolina,https://thumb.wikimedia.org/wikipedia/en/thumb/d/df/Winthrop_Eagles_logo.svg/250px-Winthrop_Eagles_logo.svg.png?utm_source=en.wikipedia.org&utm_campaign=imageinfo&utm_content=thumbnail,https://en.wikipedia.org/wiki/Winthrop_Eagles,Wikipedia athletics page lead image (logo),other,no,
soccer,women,D1,Wisconsin,Wisconsin,https://thumb.wikimedia.org/wikipedia/commons/thumb/e/e5/Wisconsin_Badgers_logo.svg/250px-Wisconsin_Badgers_logo.svg.png?utm_source=en.wikipedia.org&utm_campaign=api&utm_content=thumbnail,https://en.wikipedia.org/wiki/Wisconsin_Badgers,Wikipedia athletics page lead image (logo),other,no,
soccer,women,D1,Wofford,South Carolina,https://thumb.wikimedia.org/wikipedia/en/thumb/5/5b/Wofford_Terriers_logo.svg/250px-Wofford_Terriers_logo.svg.png?utm_source=en.wikipedia.org&utm_campaign=imageinfo&utm_content=thumbnail,https://en.wikipedia.org/wiki/Wofford_Terriers,Wikipedia athletics page lead image (logo),other,no,
soccer,women,D1,Wright State,Ohio,https://thumb.wikimedia.org/wikipedia/en/thumb/c/c2/Wright_State_Raiders_logo.svg/250px-Wright_State_Raiders_logo.svg.png?utm_source=en.wikipedia.org&utm_campaign=imageinfo&utm_content=thumbnail,https://en.wikipedia.org/wiki/Wright_State_Raiders,Wikipedia athletics page lead image (logo),other,no,
soccer,women,D1,Wyoming,Wyoming,https://thumb.wikimedia.org/wikipedia/commons/thumb/9/91/Wyoming_Athletics_logo.svg/250px-Wyoming_Athletics_logo.svg.png?utm_source=en.wikipedia.org&utm_campaign=api&utm_content=thumbnail,https://en.wikipedia.org/wiki/Wyoming_Cowboys_and_Cowgirls,Wikipedia athletics page lead image (logo),other,no,
soccer,women,D1,Xavier,Ohio,https://thumb.wikimedia.org/wikipedia/commons/thumb/d/db/Xavier_Musketeers_logo.svg/250px-Xavier_Musketeers_logo.svg.png?utm_source=en.wikipedia.org&utm_campaign=api&utm_content=thumbnail,https://en.wikipedia.org/wiki/Xavier_Musketeers,Wikipedia athletics page lead image (logo),other,no,
soccer,women,D1,Yale,Connecticut,https://thumb.wikimedia.org/wikipedia/commons/thumb/e/e1/Yale_bulldogs_wordmark_1995.png/250px-Yale_bulldogs_wordmark_1995.png?utm_source=en.wikipedia.org&utm_campaign=imageinfo&utm_content=thumbnail,https://en.wikipedia.org/wiki/Yale_Bulldogs,Wikipedia athletics page lead image (logo),other,no,
soccer,women,D1,Youngstown State,Ohio,https://thumb.wikimedia.org/wikipedia/commons/thumb/8/84/Youngstown_State_Penguins_logo.svg/250px-Youngstown_State_Penguins_logo.svg.png?utm_source=en.wikipedia.org&utm_campaign=api&utm_content=thumbnail,https://en.wikipedia.org/wiki/Youngstown_State_Penguins,Wikipedia athletics page lead image (logo),other,no,
soccer,women,D2,American International College,Massachusetts,https://thumb.wikimedia.org/wikipedia/commons/thumb/0/04/Aic_yellow_jackets_mark.png/250px-Aic_yellow_jackets_mark.png?utm_source=en.wikipedia.org&utm_campaign=api&utm_content=thumbnail,https://en.wikipedia.org/wiki/American_International_Yellow_Jackets,Wikipedia athletics page lead image (logo),other,no,
soccer,women,D2,Augustana University,South Dakota,https://upload.wikimedia.org/wikipedia/commons/d/d2/Augustana_vikings_southdakota_wordmark.png?utm_source=en.wikipedia.org&utm_campaign=api&utm_content=thumbnail_unscaled,https://en.wikipedia.org/wiki/Augustana_University_Vikings,Wikipedia athletics page lead image (logo),other,no,
soccer,women,D2,Bemidji State University,Minnesota,https://thumb.wikimedia.org/wikipedia/commons/thumb/e/e8/Bemidji_State_Beavers_wordmark.png/250px-Bemidji_State_Beavers_wordmark.png?utm_source=en.wikipedia.org&utm_campaign=api&utm_content=thumbnail,https://en.wikipedia.org/wiki/Bemidji_State_Beavers,Wikipedia athletics page lead image (logo),other,no,
soccer,women,D2,Catawba College,North Carolina,https://thumb.wikimedia.org/wikipedia/en/thumb/1/18/Logo_of_Catawba_College.png/250px-Logo_of_Catawba_College.png?utm_source=en.wikipedia.org&utm_campaign=imageinfo&utm_content=thumbnail,https://en.wikipedia.org/wiki/Catawba_College,Wikipedia athletics page lead image (logo),other,no,
soccer,women,D2,Cedarville University,Ohio,https://thumb.wikimedia.org/wikipedia/en/thumb/f/fb/Cedarville_University_Logo_Vertical_Orientation.png/250px-Cedarville_University_Logo_Vertical_Orientation.png?utm_source=en.wikipedia.org&utm_campaign=imageinfo&utm_content=thumbnail,https://en.wikipedia.org/wiki/Cedarville_University,Wikipedia athletics page lead image (logo),other,no,
soccer,women,D2,University of Central Missouri,Missouri,https://thumb.wikimedia.org/wikipedia/commons/thumb/3/3b/Central_Missouri_Athletics_wordmark.svg/250px-Central_Missouri_Athletics_wordmark.svg.png?utm_source=en.wikipedia.org&utm_campaign=api&utm_content=thumbnail,https://en.wikipedia.org/wiki/Central_Missouri_Mules_and_Jennies,Wikipedia athletics page lead image (logo),other,no,
soccer,women,D2,Colorado Christian University,Colorado,https://thumb.wikimedia.org/wikipedia/en/thumb/6/6f/Colorado_Christian_Cougars_logo.svg/250px-Colorado_Christian_Cougars_logo.svg.png?utm_source=en.wikipedia.org&utm_campaign=imageinfo&utm_content=thumbnail,https://en.wikipedia.org/wiki/Colorado_Christian_Cougars,Wikipedia athletics page lead image (logo),other,no,
soccer,women,D2,Colorado School of Mines,Colorado,https://thumb.wikimedia.org/wikipedia/en/thumb/5/55/Colorado_Mines_Orediggers_logo.svg/250px-Colorado_Mines_Orediggers_logo.svg.png?utm_source=en.wikipedia.org&utm_campaign=imageinfo&utm_content=thumbnail,https://en.wikipedia.org/wiki/Colorado_Mines_Orediggers,Wikipedia athletics page lead image (logo),other,no,
soccer,women,D2,Concordia University–St. Paul,Minnesota,https://thumb.wikimedia.org/wikipedia/commons/thumb/a/a0/Concordia_csp_athletics_mark.png/250px-Concordia_csp_athletics_mark.png?utm_source=en.wikipedia.org&utm_campaign=api&utm_content=thumbnail,https://en.wikipedia.org/wiki/Concordia_Golden_Bears,Wikipedia athletics page lead image (logo),other,no,
soccer,women,D2,Dallas Baptist University,Texas,https://thumb.wikimedia.org/wikipedia/en/thumb/d/db/Dallas_Baptist_Patriots_logo.svg/250px-Dallas_Baptist_Patriots_logo.svg.png?utm_source=en.wikipedia.org&utm_campaign=imageinfo&utm_content=thumbnail,https://en.wikipedia.org/wiki/Dallas_Baptist_Patriots,Wikipedia athletics page lead image (logo),other,no,
soccer,women,D2,East Central University,Oklahoma,https://thumb.wikimedia.org/wikipedia/en/thumb/2/23/East_Central_Tigers_logo.svg/250px-East_Central_Tigers_logo.svg.png?utm_source=en.wikipedia.org&utm_campaign=imageinfo&utm_content=thumbnail,https://en.wikipedia.org/wiki/East_Central_Tigers,Wikipedia athletics page lead image (logo),other,no,
soccer,women,D2,Flagler College,Florida,https://thumb.wikimedia.org/wikipedia/commons/thumb/d/d4/Flagler_College_wordmark_%28stacked%29.svg/250px-Flagler_College_wordmark_%28stacked%29.svg.png?utm_source=en.wikipedia.org&utm_campaign=api&utm_content=thumbnail,https://en.wikipedia.org/wiki/Flagler_College,Wikipedia athletics page lead image (logo),other,no,
soccer,women,D2,Florida Southern College,Florida,https://upload.wikimedia.org/wikipedia/commons/e/ea/Florida_southern_mocs_logo.png?utm_source=en.wikipedia.org&utm_campaign=api&utm_content=thumbnail_unscaled,https://en.wikipedia.org/wiki/Florida_Southern_Moccasins,Wikipedia athletics page lead image (logo),other,no,
soccer,women,D2,Grand Valley State University,Michigan,https://thumb.wikimedia.org/wikipedia/commons/thumb/d/d2/Grand_Valley_State_Lakers_logo.svg/250px-Grand_Valley_State_Lakers_logo.svg.png?utm_source=en.wikipedia.org&utm_campaign=api&utm_content=thumbnail,https://en.wikipedia.org/wiki/Grand_Valley_State_Lakers,Wikipedia athletics page lead image (logo),other,no,
soccer,women,D2,University of Indianapolis,Indiana,https://thumb.wikimedia.org/wikipedia/commons/thumb/1/1e/Uindy_alt_wordmark.png/250px-Uindy_alt_wordmark.png?utm_source=en.wikipedia.org&utm_campaign=api&utm_content=thumbnail,https://en.wikipedia.org/wiki/Indianapolis_Greyhounds,Wikipedia athletics page lead image (logo),other,no,
soccer,women,D2,University of Jamestown,North Dakota,https://thumb.wikimedia.org/wikipedia/commons/thumb/9/96/University_of_Jamestown_Seal.png/250px-University_of_Jamestown_Seal.png?utm_source=en.wikipedia.org&utm_campaign=api&utm_content=thumbnail,https://en.wikipedia.org/wiki/University_of_Jamestown,Wikipedia athletics page lead image (logo),other,no,
soccer,women,D2,Lake Erie College,Ohio,https://thumb.wikimedia.org/wikipedia/en/thumb/8/8a/Lake_Erie_Storm_logo.svg/250px-Lake_Erie_Storm_logo.svg.png?utm_source=en.wikipedia.org&utm_campaign=imageinfo&utm_content=thumbnail,https://en.wikipedia.org/wiki/Lake_Erie_Storm,Wikipedia athletics page lead image (logo),other,no,
soccer,women,D2,Lynn University,Florida,https://thumb.wikimedia.org/wikipedia/commons/thumb/9/9d/Lynn_fighting_knights_wmark.png/250px-Lynn_fighting_knights_wmark.png?utm_source=en.wikipedia.org&utm_campaign=api&utm_content=thumbnail,https://en.wikipedia.org/wiki/Lynn_Fighting_Knights,Wikipedia athletics page lead image (logo),other,no,
soccer,women,D2,Minnesota State University Moorhead,Minnesota,https://thumb.wikimedia.org/wikipedia/en/thumb/b/bd/Minnesota_State%E2%80%93Moorhead_Dragons_logo.svg/250px-Minnesota_State%E2%80%93Moorhead_Dragons_logo.svg.png?utm_source=en.wikipedia.org&utm_campaign=imageinfo&utm_content=thumbnail,https://en.wikipedia.org/wiki/Minnesota_State%E2%80%93Moorhead_Dragons,Wikipedia athletics page lead image (logo),other,no,
soccer,women,D2,University of Missouri–St. Louis,Missouri,https://thumb.wikimedia.org/wikipedia/commons/thumb/1/1f/Umsl_athletics_wordmark.png/250px-Umsl_athletics_wordmark.png?utm_source=en.wikipedia.org&utm_campaign=api&utm_content=thumbnail,https://en.wikipedia.org/wiki/UMSL_Tritons,Wikipedia athletics page lead image (logo),other,no,
soccer,women,D2,University of Mount Olive,North Carolina,https://thumb.wikimedia.org/wikipedia/commons/thumb/1/16/Mountolive_umo_lettermark.png/250px-Mountolive_umo_lettermark.png?utm_source=en.wikipedia.org&utm_campaign=api&utm_content=thumbnail,https://en.wikipedia.org/wiki/Mount_Olive_Trojans,Wikipedia athletics page lead image (logo),other,no,
soccer,women,D2,University of North Georgia,Georgia,https://thumb.wikimedia.org/wikipedia/commons/thumb/3/35/North_georgia_logo_2024.png/250px-North_georgia_logo_2024.png?utm_source=en.wikipedia.org&utm_campaign=api&utm_content=thumbnail,https://en.wikipedia.org/wiki/North_Georgia_Nighthawks,Wikipedia athletics page lead image (logo),other,no,
soccer,women,D2,Northwestern Oklahoma State University,Oklahoma,https://thumb.wikimedia.org/wikipedia/en/thumb/3/3a/Northwestern_Oklahoma_State_Rangers_logo.svg/250px-Northwestern_Oklahoma_State_Rangers_logo.svg.png?utm_source=en.wikipedia.org&utm_campaign=imageinfo&utm_content=thumbnail,https://en.wikipedia.org/wiki/Northwestern_Oklahoma_State_Rangers,Wikipedia athletics page lead image (logo),other,no,
soccer,women,D2,Oklahoma Christian University,Oklahoma,https://thumb.wikimedia.org/wikipedia/commons/thumb/0/06/Oklah_eagles_wordmark.png/250px-Oklah_eagles_wordmark.png?utm_source=en.wikipedia.org&utm_campaign=api&utm_content=thumbnail,https://en.wikipedia.org/wiki/Oklahoma_Christian_Eagles_and_Lady_Eagles,Wikipedia athletics page lead image (logo),other,no,
soccer,women,D2,Palm Beach Atlantic University,Florida,https://thumb.wikimedia.org/wikipedia/en/thumb/5/52/Palm_Beach_Atlantic_Sailfish_primary_logo.svg/250px-Palm_Beach_Atlantic_Sailfish_primary_logo.svg.png?utm_source=en.wikipedia.org&utm_campaign=imageinfo&utm_content=thumbnail,https://en.wikipedia.org/wiki/Palm_Beach_Atlantic_Sailfish,Wikipedia athletics page lead image (logo),other,no,
soccer,women,D2,Queens College,New York,https://thumb.wikimedia.org/wikipedia/commons/thumb/2/2a/Queens_qc_logo.png/250px-Queens_qc_logo.png?utm_source=en.wikipedia.org&utm_campaign=api&utm_content=thumbnail,https://en.wikipedia.org/wiki/Queens_Knights,Wikipedia athletics page lead image (logo),other,no,
soccer,women,D2,Regis University,Colorado,https://thumb.wikimedia.org/wikipedia/en/thumb/b/b7/Regis_Rangers_logo.svg/250px-Regis_Rangers_logo.svg.png?utm_source=en.wikipedia.org&utm_campaign=imageinfo&utm_content=thumbnail,https://en.wikipedia.org/wiki/Regis_Rangers,Wikipedia athletics page lead image (logo),other,no,
soccer,women,D2,Rollins College,Florida,https://thumb.wikimedia.org/wikipedia/en/thumb/a/a1/Rollins_tars_anchor_logo.png/250px-Rollins_tars_anchor_logo.png?utm_source=en.wikipedia.org&utm_campaign=imageinfo&utm_content=thumbnail,https://en.wikipedia.org/wiki/Rollins_Tars,Wikipedia athletics page lead image (logo),other,no,
soccer,women,D2,St. Thomas Aquinas College,New York,https://thumb.wikimedia.org/wikipedia/commons/thumb/3/3b/St_thomas_aquinas_college_logotext.png/250px-St_thomas_aquinas_college_logotext.png?utm_source=en.wikipedia.org&utm_campaign=imageinfo&utm_content=thumbnail,https://en.wikipedia.org/wiki/St._Thomas_Aquinas_College,Wikipedia athletics page lead image (logo),other,no,
soccer,women,D2,Shepherd University,West Virginia,https://thumb.wikimedia.org/wikipedia/commons/thumb/f/ff/Sheph_rams_wordmark.png/250px-Sheph_rams_wordmark.png?utm_source=en.wikipedia.org&utm_campaign=api&utm_content=thumbnail,https://en.wikipedia.org/wiki/Shepherd_Rams,Wikipedia athletics page lead image (logo),other,no,
soccer,women,D2,Shorter University,Georgia,https://upload.wikimedia.org/wikipedia/en/d/dd/Shorter_Hawks_logo.png?utm_source=en.wikipedia.org&utm_campaign=imageinfo&utm_content=thumbnail_unscaled,https://en.wikipedia.org/wiki/Shorter_Hawks,Wikipedia athletics page lead image (logo),other,no,
soccer,women,D2,Southwest Minnesota State University,Minnesota,https://thumb.wikimedia.org/wikipedia/en/thumb/6/6d/Southwest_Minnesota_State_Mustangs_logo.svg/250px-Southwest_Minnesota_State_Mustangs_logo.svg.png?utm_source=en.wikipedia.org&utm_campaign=imageinfo&utm_content=thumbnail,https://en.wikipedia.org/wiki/Southwest_Minnesota_State_Mustangs,Wikipedia athletics page lead image (logo),other,no,
soccer,women,D2,Southwestern Oklahoma State University,Oklahoma,https://thumb.wikimedia.org/wikipedia/en/thumb/6/63/Southwestern_Oklahoma_State_Bulldogs_primary_logo.svg/250px-Southwestern_Oklahoma_State_Bulldogs_primary_logo.svg.png?utm_source=en.wikipedia.org&utm_campaign=imageinfo&utm_content=thumbnail,https://en.wikipedia.org/wiki/Southwestern_Oklahoma_State_Bulldogs,Wikipedia athletics page lead image (logo),other,no,
soccer,women,D2,Sul Ross State University,Texas,https://thumb.wikimedia.org/wikipedia/commons/thumb/c/cf/Sul_ross_athletics_map_logo.png/250px-Sul_ross_athletics_map_logo.png?utm_source=en.wikipedia.org&utm_campaign=api&utm_content=thumbnail,https://en.wikipedia.org/wiki/Sul_Ross_State_Lobos,Wikipedia athletics page lead image (logo),other,no,
soccer,women,D2,University of Tampa,Florida,https://thumb.wikimedia.org/wikipedia/commons/thumb/c/cb/Tampa_univ_athletics_wmark.png/250px-Tampa_univ_athletics_wmark.png?utm_source=en.wikipedia.org&utm_campaign=api&utm_content=thumbnail,https://en.wikipedia.org/wiki/Tampa_Spartans,Wikipedia athletics page lead image (logo),other,no,
soccer,women,D2,Union University,Tennessee,https://thumb.wikimedia.org/wikipedia/en/thumb/3/38/Union_TN_Bulldogs_primary_logo.svg/250px-Union_TN_Bulldogs_primary_logo.svg.png?utm_source=en.wikipedia.org&utm_campaign=imageinfo&utm_content=thumbnail,https://en.wikipedia.org/wiki/Union_University_Bulldogs,Wikipedia athletics page lead image (logo),other,no,
soccer,women,D2,Upper Iowa University,Iowa,https://thumb.wikimedia.org/wikipedia/en/thumb/e/e2/Upper_Iowa_Peacocks_primary_logo.svg/250px-Upper_Iowa_Peacocks_primary_logo.svg.png?utm_source=en.wikipedia.org&utm_campaign=imageinfo&utm_content=thumbnail,https://en.wikipedia.org/wiki/Upper_Iowa_Peacocks,Wikipedia athletics page lead image (logo),other,no,
soccer,women,D2,Wayne State College,Nebraska,https://thumb.wikimedia.org/wikipedia/en/thumb/8/84/Wayne_State_Wildcats_logo.svg/250px-Wayne_State_Wildcats_logo.svg.png?utm_source=en.wikipedia.org&utm_campaign=imageinfo&utm_content=thumbnail,https://en.wikipedia.org/wiki/Wayne_State_Wildcats,Wikipedia athletics page lead image (logo),other,no,
soccer,women,D2,University of West Alabama,Alabama,https://thumb.wikimedia.org/wikipedia/commons/thumb/e/ee/UWA_Tigers_wordmark.png/250px-UWA_Tigers_wordmark.png?utm_source=en.wikipedia.org&utm_campaign=api&utm_content=thumbnail,https://en.wikipedia.org/wiki/West_Alabama_Tigers,Wikipedia athletics page lead image (logo),other,no,
soccer,women,D2,West Texas A&M University,Texas,https://thumb.wikimedia.org/wikipedia/commons/thumb/a/a8/West_Texas_A%26M_Athletics_logo.svg/250px-West_Texas_A%26M_Athletics_logo.svg.png?utm_source=en.wikipedia.org&utm_campaign=api&utm_content=thumbnail,https://en.wikipedia.org/wiki/West_Texas_A%26M_Buffaloes,Wikipedia athletics page lead image (logo),other,no,
