program_id,school_name,sport,gender,division,state,athletics_website,soccer_website,camps_url,source_url,source_name,source_type,verified,notes
AE_ALBANY_WSOC,Albany,soccer,women,D1,New York,https://ualbanysports.com,https://ualbanysports.com/sports/womens-soccer,,https://ualbanysports.com/sports/womens-soccer,Supplied research file (d1-other); links machine-checked to resolve (2026-10-09). Not otherwise verified.,official_university,no,Links only. Confirm against the official athletics site before marking verified.
AE_BINGHAMTON_WSOC,Binghamton,soccer,women,D1,New York,https://bubearcats.com,https://bubearcats.com/sports/womens-soccer,,https://bubearcats.com/sports/womens-soccer,Supplied research file (d1-other); links machine-checked to resolve (2026-10-09). Not otherwise verified.,official_university,no,Links only. Confirm against the official athletics site before marking verified.
AE_BRYANT_WSOC,Bryant,soccer,women,D1,Rhode Island,https://bryantbulldogs.com,https://bryantbulldogs.com/sports/womens-soccer,https://bryantsoccercamps.com,https://bryantbulldogs.com/sports/womens-soccer,Supplied research file (d1-other); links machine-checked to resolve (2026-10-09). Not otherwise verified.,official_university,no,Links only. Confirm against the official athletics site before marking verified.
AE_MAINE_WSOC,Maine,soccer,women,D1,Maine,https://goblackbears.com,https://goblackbears.com/sports/womens-soccer,,https://goblackbears.com/sports/womens-soccer,Supplied research file (d1-other); links machine-checked to resolve (2026-10-09). Not otherwise verified.,official_university,no,Links only. Confirm against the official athletics site before marking verified.
AE_NEW_HAMPSHIRE_WSOC,New Hampshire,soccer,women,D1,New Hampshire,https://unhwildcats.com,https://unhwildcats.com/sports/womens-soccer,,https://unhwildcats.com/sports/womens-soccer,Supplied research file (d1-other); links machine-checked to resolve (2026-10-09). Not otherwise verified.,official_university,no,Links only. Confirm against the official athletics site before marking verified.
AE_NJIT_WSOC,NJIT,soccer,women,D1,New Jersey,https://njithighlanders.com,https://njithighlanders.com/sports/womens-soccer,,https://njithighlanders.com/sports/womens-soccer,Supplied research file (d1-other); links machine-checked to resolve (2026-10-09). Not otherwise verified.,official_university,no,Links only. Confirm against the official athletics site before marking verified.
AE_UMASS_LOWELL_WSOC,UMass Lowell,soccer,women,D1,Massachusetts,https://goriverhawks.com,https://goriverhawks.com/sports/womens-soccer,,https://goriverhawks.com/sports/womens-soccer,Supplied research file (d1-other); links machine-checked to resolve (2026-10-09). Not otherwise verified.,official_university,no,Links only. Confirm against the official athletics site before marking verified.
AE_UMBC_WSOC,UMBC,soccer,women,D1,Maryland,https://umbcretrievers.com,https://umbcretrievers.com/sports/womens-soccer,,https://umbcretrievers.com/sports/womens-soccer,Supplied research file (d1-other); links machine-checked to resolve (2026-10-09). Not otherwise verified.,official_university,no,Links only. Confirm against the official athletics site before marking verified.
AE_VERMONT_WSOC,Vermont,soccer,women,D1,Vermont,,https://uvmathletics.com/sports/womens-soccer,,https://uvmathletics.com/sports/womens-soccer,Supplied research file (d1-other); links machine-checked to resolve (2026-10-09). Not otherwise verified.,official_university,no,Links only. Confirm against the official athletics site before marking verified.
AAC_CHARLOTTE_WSOC,Charlotte,soccer,women,D1,North Carolina,https://charlotte49ers.com,https://charlotte49ers.com/sports/womens-soccer,https://charlottesoccercamp.com,https://charlotte49ers.com/sports/womens-soccer,Supplied research file (d1-other); links machine-checked to resolve (2026-10-09). Not otherwise verified.,official_university,no,Links only. Confirm against the official athletics site before marking verified.
AAC_EAST_CAROLINA_WSOC,East Carolina,soccer,women,D1,North Carolina,https://ecupirates.com,https://ecupirates.com/sports/womens-soccer,,https://ecupirates.com/sports/womens-soccer,Supplied research file (d1-other); links machine-checked to resolve (2026-10-09). Not otherwise verified.,official_university,no,Links only. Confirm against the official athletics site before marking verified.
AAC_FLORIDA_ATLANTIC_WSOC,Florida Atlantic,soccer,women,D1,Florida,https://fausports.com,https://fausports.com/sports/womens-soccer,,https://fausports.com/sports/womens-soccer,Supplied research file (d1-other); links machine-checked to resolve (2026-10-09). Not otherwise verified.,official_university,no,Links only. Confirm against the official athletics site before marking verified.
AAC_MEMPHIS_WSOC,Memphis,soccer,women,D1,Tennessee,https://gotigersgo.com,https://gotigersgo.com/sports/womens-soccer,,https://gotigersgo.com/sports/womens-soccer,Supplied research file (d1-other); links machine-checked to resolve (2026-10-09). Not otherwise verified.,official_university,no,Links only. Confirm against the official athletics site before marking verified.
AAC_NORTH_TEXAS_WSOC,North Texas,soccer,women,D1,Texas,https://meangreensports.com,https://meangreensports.com/sports/womens-soccer,https://meangreensoccercamps.com,https://meangreensports.com/sports/womens-soccer,Supplied research file (d1-other); links machine-checked to resolve (2026-10-09). Not otherwise verified.,official_university,no,Links only. Confirm against the official athletics site before marking verified.
AAC_RICE_WSOC,Rice,soccer,women,D1,Texas,https://riceowls.com,https://riceowls.com/sports/womens-soccer,https://ricesoccercamps.com,https://riceowls.com/sports/womens-soccer,Supplied research file (d1-other); links machine-checked to resolve (2026-10-09). Not otherwise verified.,official_university,no,Links only. Confirm against the official athletics site before marking verified.
AAC_SOUTH_FLORIDA_WSOC,South Florida,soccer,women,D1,Florida,https://gousfbulls.com,https://gousfbulls.com/sports/womens-soccer,https://usfsoccercamps.com,https://gousfbulls.com/sports/womens-soccer,Supplied research file (d1-other); links machine-checked to resolve (2026-10-09). Not otherwise verified.,official_university,no,Links only. Confirm against the official athletics site before marking verified.
AAC_TEMPLE_WSOC,Temple,soccer,women,D1,Pennsylvania,https://owlsports.com,https://owlsports.com/sports/womens-soccer,https://templesoccercamps.com,https://owlsports.com/sports/womens-soccer,Supplied research file (d1-other); links machine-checked to resolve (2026-10-09). Not otherwise verified.,official_university,no,Links only. Confirm against the official athletics site before marking verified.
AAC_TULSA_WSOC,Tulsa,soccer,women,D1,Oklahoma,https://tulsahurricane.com,https://tulsahurricane.com/sports/womens-soccer,,https://tulsahurricane.com/sports/womens-soccer,Supplied research file (d1-other); links machine-checked to resolve (2026-10-09). Not otherwise verified.,official_university,no,Links only. Confirm against the official athletics site before marking verified.
AAC_UAB_WSOC,UAB,soccer,women,D1,Alabama,https://uabsports.com,https://uabsports.com/sports/womens-soccer,,https://uabsports.com/sports/womens-soccer,Supplied research file (d1-other); links machine-checked to resolve (2026-10-09). Not otherwise verified.,official_university,no,Links only. Confirm against the official athletics site before marking verified.
AAC_UTSA_WSOC,UTSA,soccer,women,D1,Texas,https://goutsa.com,,,,Supplied research file (d1-other); links machine-checked to resolve (2026-10-09). Not otherwise verified.,,no,Links only. Confirm against the official athletics site before marking verified.
A10_DAVIDSON_WSOC,Davidson,soccer,women,D1,North Carolina,https://davidsonwildcats.com,https://davidsonwildcats.com/sports/womens-soccer,https://davidsonsoccercamps.com,https://davidsonwildcats.com/sports/womens-soccer,Supplied research file (d1-other); links machine-checked to resolve (2026-10-09). Not otherwise verified.,official_university,no,Links only. Confirm against the official athletics site before marking verified.
A10_DAYTON_WSOC,Dayton,soccer,women,D1,Ohio,https://daytonflyers.com,https://daytonflyers.com/sports/womens-soccer,,https://daytonflyers.com/sports/womens-soccer,Supplied research file (d1-other); links machine-checked to resolve (2026-10-09). Not otherwise verified.,official_university,no,Links only. Confirm against the official athletics site before marking verified.
A10_DUQUESNE_WSOC,Duquesne,soccer,women,D1,Pennsylvania,https://goduquesne.com,https://goduquesne.com/sports/womens-soccer,,https://goduquesne.com/sports/womens-soccer,Supplied research file (d1-other); links machine-checked to resolve (2026-10-09). Not otherwise verified.,official_university,no,Links only. Confirm against the official athletics site before marking verified.
A10_FORDHAM_WSOC,Fordham,soccer,women,D1,New York,https://fordhamsports.com,https://fordhamsports.com/sports/womens-soccer,,https://fordhamsports.com/sports/womens-soccer,Supplied research file (d1-other); links machine-checked to resolve (2026-10-09). Not otherwise verified.,official_university,no,Links only. Confirm against the official athletics site before marking verified.
A10_GEORGE_MASON_WSOC,George Mason,soccer,women,D1,Virginia,https://gomason.com,https://gomason.com/sports/womens-soccer,https://georgemasonsoccercamps.com,https://gomason.com/sports/womens-soccer,Supplied research file (d1-other); links machine-checked to resolve (2026-10-09). Not otherwise verified.,official_university,no,Links only. Confirm against the official athletics site before marking verified.
A10_GEORGE_WASHINGTON_WSOC,George Washington,soccer,women,D1,District of Columbia,https://gwsports.com,https://gwsports.com/sports/womens-soccer,,https://gwsports.com/sports/womens-soccer,Supplied research file (d1-other); links machine-checked to resolve (2026-10-09). Not otherwise verified.,official_university,no,Links only. Confirm against the official athletics site before marking verified.
A10_LA_SALLE_WSOC,La Salle,soccer,women,D1,Pennsylvania,https://goexplorers.com,https://goexplorers.com/sports/womens-soccer,,https://goexplorers.com/sports/womens-soccer,Supplied research file (d1-other); links machine-checked to resolve (2026-10-09). Not otherwise verified.,official_university,no,Links only. Confirm against the official athletics site before marking verified.
A10_LOYOLA_CHICAGO_WSOC,Loyola Chicago,soccer,women,D1,Illinois,https://loyolaramblers.com,https://loyolaramblers.com/sports/womens-soccer,,https://loyolaramblers.com/sports/womens-soccer,Supplied research file (d1-other); links machine-checked to resolve (2026-10-09). Not otherwise verified.,official_university,no,Links only. Confirm against the official athletics site before marking verified.
MAC_UMASS_WSOC,UMass,soccer,women,D1,Massachusetts,https://umassathletics.com,https://umassathletics.com/sports/womens-soccer,,https://umassathletics.com/sports/womens-soccer,Supplied research file (d1-other); links machine-checked to resolve (2026-10-09). Not otherwise verified.,official_university,no,Links only. Confirm against the official athletics site before marking verified.
A10_RHODE_ISLAND_WSOC,Rhode Island,soccer,women,D1,Rhode Island,https://gorhody.com,https://gorhody.com/sports/womens-soccer,,https://gorhody.com/sports/womens-soccer,Supplied research file (d1-other); links machine-checked to resolve (2026-10-09). Not otherwise verified.,official_university,no,Links only. Confirm against the official athletics site before marking verified.
A10_RICHMOND_WSOC,Richmond,soccer,women,D1,Virginia,https://richmondspiders.com,https://richmondspiders.com/sports/womens-soccer,,https://richmondspiders.com/sports/womens-soccer,Supplied research file (d1-other); links machine-checked to resolve (2026-10-09). Not otherwise verified.,official_university,no,Links only. Confirm against the official athletics site before marking verified.
A10_SAINT_JOSEPH_S_WSOC,Saint Joseph's,soccer,women,D1,Pennsylvania,https://sjuhawks.com,https://sjuhawks.com/sports/womens-soccer,,https://sjuhawks.com/sports/womens-soccer,Supplied research file (d1-other); links machine-checked to resolve (2026-10-09). Not otherwise verified.,official_university,no,Links only. Confirm against the official athletics site before marking verified.
A10_SAINT_LOUIS_WSOC,Saint Louis,soccer,women,D1,Missouri,https://slubillikens.com,https://slubillikens.com/sports/womens-soccer,,https://slubillikens.com/sports/womens-soccer,Supplied research file (d1-other); links machine-checked to resolve (2026-10-09). Not otherwise verified.,official_university,no,Links only. Confirm against the official athletics site before marking verified.
A10_ST_BONAVENTURE_WSOC,St. Bonaventure,soccer,women,D1,New York,https://gobonnies.com,https://gobonnies.com/sports/womens-soccer,,https://gobonnies.com/sports/womens-soccer,Supplied research file (d1-other); links machine-checked to resolve (2026-10-09). Not otherwise verified.,official_university,no,Links only. Confirm against the official athletics site before marking verified.
A10_VCU_WSOC,VCU,soccer,women,D1,Virginia,https://vcuathletics.com,https://vcuathletics.com/sports/womens-soccer,,https://vcuathletics.com/sports/womens-soccer,Supplied research file (d1-other); links machine-checked to resolve (2026-10-09). Not otherwise verified.,official_university,no,Links only. Confirm against the official athletics site before marking verified.
UAC_AUSTIN_PEAY_WSOC,Austin Peay,soccer,women,D1,Tennessee,https://letsgopeay.com,,,,Supplied research file (d1-other); links machine-checked to resolve (2026-10-09). Not otherwise verified.,,no,Links only. Confirm against the official athletics site before marking verified.
ASUN_BELLARMINE_WSOC,Bellarmine,soccer,women,D1,Kentucky,https://athletics.bellarmine.edu,https://athletics.bellarmine.edu/sports/womens-soccer,,https://athletics.bellarmine.edu/sports/womens-soccer,Supplied research file (d1-other); links machine-checked to resolve (2026-10-09). Not otherwise verified.,official_university,no,Links only. Confirm against the official athletics site before marking verified.
UAC_CENTRAL_ARKANSAS_WSOC,Central Arkansas,soccer,women,D1,Arkansas,https://ucasports.com,https://ucasports.com/sports/womens-soccer,,https://ucasports.com/sports/womens-soccer,Supplied research file (d1-other); links machine-checked to resolve (2026-10-09). Not otherwise verified.,official_university,no,Links only. Confirm against the official athletics site before marking verified.
UAC_EASTERN_KENTUCKY_WSOC,Eastern Kentucky,soccer,women,D1,Kentucky,https://ekusports.com,https://ekusports.com/sports/womens-soccer,,https://ekusports.com/sports/womens-soccer,Supplied research file (d1-other); links machine-checked to resolve (2026-10-09). Not otherwise verified.,official_university,no,Links only. Confirm against the official athletics site before marking verified.
ASUN_FLORIDA_GULF_COAST_WSOC,Florida Gulf Coast,soccer,women,D1,Florida,,https://fgcuathletics.com/sports/womens-soccer,https://fgcusoccercamps.com,https://fgcuathletics.com/sports/womens-soccer,Supplied research file (d1-other); links machine-checked to resolve (2026-10-09). Not otherwise verified.,official_university,no,Links only. Confirm against the official athletics site before marking verified.
ASUN_JACKSONVILLE_WSOC,Jacksonville,soccer,women,D1,Florida,https://judolphins.com,https://judolphins.com/sports/womens-soccer,,https://judolphins.com/sports/womens-soccer,Supplied research file (d1-other); links machine-checked to resolve (2026-10-09). Not otherwise verified.,official_university,no,Links only. Confirm against the official athletics site before marking verified.
ASUN_LIPSCOMB_WSOC,Lipscomb,soccer,women,D1,Tennessee,https://lipscombsports.com,https://lipscombsports.com/sports/womens-soccer,,https://lipscombsports.com/sports/womens-soccer,Supplied research file (d1-other); links machine-checked to resolve (2026-10-09). Not otherwise verified.,official_university,no,Links only. Confirm against the official athletics site before marking verified.
UAC_NORTH_ALABAMA_WSOC,North Alabama,soccer,women,D1,Alabama,https://roarlions.com,https://roarlions.com/sports/womens-soccer,,https://roarlions.com/sports/womens-soccer,Supplied research file (d1-other); links machine-checked to resolve (2026-10-09). Not otherwise verified.,official_university,no,Links only. Confirm against the official athletics site before marking verified.
ASUN_NORTH_FLORIDA_WSOC,North Florida,soccer,women,D1,Florida,,https://unfospreys.com/sports/womens-soccer,,https://unfospreys.com/sports/womens-soccer,Supplied research file (d1-other); links machine-checked to resolve (2026-10-09). Not otherwise verified.,official_university,no,Links only. Confirm against the official athletics site before marking verified.
ASUN_QUEENS_WSOC,Queens,soccer,women,D1,North Carolina,https://queensathletics.com,https://queensathletics.com/sports/womens-soccer,,https://queensathletics.com/sports/womens-soccer,Supplied research file (d1-other); links machine-checked to resolve (2026-10-09). Not otherwise verified.,official_university,no,Links only. Confirm against the official athletics site before marking verified.
ASUN_STETSON_WSOC,Stetson,soccer,women,D1,Florida,https://gohatters.com,https://gohatters.com/sports/womens-soccer,https://hattersoccercamps.com,https://gohatters.com/sports/womens-soccer,Supplied research file (d1-other); links machine-checked to resolve (2026-10-09). Not otherwise verified.,official_university,no,Links only. Confirm against the official athletics site before marking verified.
ASUN_WEST_FLORIDA_WSOC,West Florida,soccer,women,D1,Florida,https://goargos.com,,,,Supplied research file (d1-other); links machine-checked to resolve (2026-10-09). Not otherwise verified.,,no,Links only. Confirm against the official athletics site before marking verified.
BE_BUTLER_WSOC,Butler,soccer,women,D1,Indiana,https://butlersports.com,https://butlersports.com/sports/womens-soccer,,https://butlersports.com/sports/womens-soccer,Supplied research file (d1-other); links machine-checked to resolve (2026-10-09). Not otherwise verified.,official_university,no,Links only. Confirm against the official athletics site before marking verified.
BE_CREIGHTON_WSOC,Creighton,soccer,women,D1,Nebraska,https://gocreighton.com,https://gocreighton.com/sports/womens-soccer,,https://gocreighton.com/sports/womens-soccer,Supplied research file (d1-other); links machine-checked to resolve (2026-10-09). Not otherwise verified.,official_university,no,Links only. Confirm against the official athletics site before marking verified.
BE_DEPAUL_WSOC,DePaul,soccer,women,D1,Illinois,https://depaulbluedemons.com,https://depaulbluedemons.com/sports/womens-soccer,,https://depaulbluedemons.com/sports/womens-soccer,Supplied research file (d1-other); links machine-checked to resolve (2026-10-09). Not otherwise verified.,official_university,no,Links only. Confirm against the official athletics site before marking verified.
BE_GEORGETOWN_WSOC,Georgetown,soccer,women,D1,District of Columbia,https://guhoyas.com,https://guhoyas.com/sports/womens-soccer,,https://guhoyas.com/sports/womens-soccer,Supplied research file (d1-other); links machine-checked to resolve (2026-10-09). Not otherwise verified.,official_university,no,Links only. Confirm against the official athletics site before marking verified.
BE_MARQUETTE_WSOC,Marquette,soccer,women,D1,Wisconsin,https://gomarquette.com,https://gomarquette.com/sports/womens-soccer,https://marquettesoccercamps.com,https://gomarquette.com/sports/womens-soccer,Supplied research file (d1-other); links machine-checked to resolve (2026-10-09). Not otherwise verified.,official_university,no,Links only. Confirm against the official athletics site before marking verified.
BE_PROVIDENCE_WSOC,Providence,soccer,women,D1,Rhode Island,https://friars.com,https://friars.com/sports/womens-soccer,,https://friars.com/sports/womens-soccer,Supplied research file (d1-other); links machine-checked to resolve (2026-10-09). Not otherwise verified.,official_university,no,Links only. Confirm against the official athletics site before marking verified.
BE_SETON_HALL_WSOC,Seton Hall,soccer,women,D1,New Jersey,https://shupirates.com,https://shupirates.com/sports/womens-soccer,https://piratesoccercamps.com,https://shupirates.com/sports/womens-soccer,Supplied research file (d1-other); links machine-checked to resolve (2026-10-09). Not otherwise verified.,official_university,no,Links only. Confirm against the official athletics site before marking verified.
BE_ST_JOHN_S_WSOC,St. John's,soccer,women,D1,New York,https://redstormsports.com,https://redstormsports.com/sports/womens-soccer,,https://redstormsports.com/sports/womens-soccer,Supplied research file (d1-other); links machine-checked to resolve (2026-10-09). Not otherwise verified.,official_university,no,Links only. Confirm against the official athletics site before marking verified.
BE_UCONN_WSOC,UConn,soccer,women,D1,Connecticut,https://uconnhuskies.com,https://uconnhuskies.com/sports/womens-soccer,,https://uconnhuskies.com/sports/womens-soccer,Supplied research file (d1-other); links machine-checked to resolve (2026-10-09). Not otherwise verified.,official_university,no,Links only. Confirm against the official athletics site before marking verified.
BE_VILLANOVA_WSOC,Villanova,soccer,women,D1,Pennsylvania,https://villanova.com,https://villanova.com/sports/womens-soccer,,https://villanova.com/sports/womens-soccer,Supplied research file (d1-other); links machine-checked to resolve (2026-10-09). Not otherwise verified.,official_university,no,Links only. Confirm against the official athletics site before marking verified.
BE_XAVIER_WSOC,Xavier,soccer,women,D1,Ohio,https://goxavier.com,https://goxavier.com/sports/womens-soccer,https://xaviersoccercamps.com,https://goxavier.com/sports/womens-soccer,Supplied research file (d1-other); links machine-checked to resolve (2026-10-09). Not otherwise verified.,official_university,no,Links only. Confirm against the official athletics site before marking verified.
BSKY_EASTERN_WASHINGTON_WSOC,Eastern Washington,soccer,women,D1,Washington,https://goeags.com,https://goeags.com/sports/womens-soccer,,https://goeags.com/sports/womens-soccer,Supplied research file (d1-other); links machine-checked to resolve (2026-10-09). Not otherwise verified.,official_university,no,Links only. Confirm against the official athletics site before marking verified.
BSKY_IDAHO_WSOC,Idaho,soccer,women,D1,Idaho,https://govandals.com,https://govandals.com/sports/womens-soccer,,https://govandals.com/sports/womens-soccer,Supplied research file (d1-other); links machine-checked to resolve (2026-10-09). Not otherwise verified.,official_university,no,Links only. Confirm against the official athletics site before marking verified.
BSKY_IDAHO_STATE_WSOC,Idaho State,soccer,women,D1,Idaho,https://isubengals.com,https://isubengals.com/sports/womens-soccer,,https://isubengals.com/sports/womens-soccer,Supplied research file (d1-other); links machine-checked to resolve (2026-10-09). Not otherwise verified.,official_university,no,Links only. Confirm against the official athletics site before marking verified.
BSKY_MONTANA_WSOC,Montana,soccer,women,D1,Montana,https://gogriz.com,https://gogriz.com/sports/womens-soccer,https://grizsoccercamps.com,https://gogriz.com/sports/womens-soccer,Supplied research file (d1-other); links machine-checked to resolve (2026-10-09). Not otherwise verified.,official_university,no,Links only. Confirm against the official athletics site before marking verified.
BSKY_NORTHERN_ARIZONA_WSOC,Northern Arizona,soccer,women,D1,Arizona,https://nauathletics.com,https://nauathletics.com/sports/womens-soccer,,https://nauathletics.com/sports/womens-soccer,Supplied research file (d1-other); links machine-checked to resolve (2026-10-09). Not otherwise verified.,official_university,no,Links only. Confirm against the official athletics site before marking verified.
BSKY_NORTHERN_COLORADO_WSOC,Northern Colorado,soccer,women,D1,Colorado,https://uncbears.com,https://uncbears.com/sports/womens-soccer,,https://uncbears.com/sports/womens-soccer,Supplied research file (d1-other); links machine-checked to resolve (2026-10-09). Not otherwise verified.,official_university,no,Links only. Confirm against the official athletics site before marking verified.
BSKY_PORTLAND_STATE_WSOC,Portland State,soccer,women,D1,Oregon,https://goviks.com,https://goviks.com/sports/womens-soccer,https://vikingsoccercamps.com,https://goviks.com/sports/womens-soccer,Supplied research file (d1-other); links machine-checked to resolve (2026-10-09). Not otherwise verified.,official_university,no,Links only. Confirm against the official athletics site before marking verified.
BW_SACRAMENTO_STATE_WSOC,Sacramento State,soccer,women,D1,California,https://hornetsports.com,https://hornetsports.com/sports/womens-soccer,,https://hornetsports.com/sports/womens-soccer,Supplied research file (d1-other); links machine-checked to resolve (2026-10-09). Not otherwise verified.,official_university,no,Links only. Confirm against the official athletics site before marking verified.
BSKY_WEBER_STATE_WSOC,Weber State,soccer,women,D1,Utah,https://weberstatesports.com,https://weberstatesports.com/sports/womens-soccer,,https://weberstatesports.com/sports/womens-soccer,Supplied research file (d1-other); links machine-checked to resolve (2026-10-09). Not otherwise verified.,official_university,no,Links only. Confirm against the official athletics site before marking verified.
BSOUTH_CHARLESTON_SOUTHERN_WSOC,Charleston Southern,soccer,women,D1,South Carolina,https://csusports.com,https://csusports.com/sports/womens-soccer,,https://csusports.com/sports/womens-soccer,Supplied research file (d1-other); links machine-checked to resolve (2026-10-09). Not otherwise verified.,official_university,no,Links only. Confirm against the official athletics site before marking verified.
BSOUTH_GARDNER_WEBB_WSOC,Gardner–Webb,soccer,women,D1,North Carolina,https://gwusports.com,https://gwusports.com/sports/womens-soccer,,https://gwusports.com/sports/womens-soccer,Supplied research file (d1-other); links machine-checked to resolve (2026-10-09). Not otherwise verified.,official_university,no,Links only. Confirm against the official athletics site before marking verified.
BSOUTH_HIGH_POINT_WSOC,High Point,soccer,women,D1,North Carolina,https://highpointpanthers.com,https://highpointpanthers.com/sports/womens-soccer,,https://highpointpanthers.com/sports/womens-soccer,Supplied research file (d1-other); links machine-checked to resolve (2026-10-09). Not otherwise verified.,official_university,no,Links only. Confirm against the official athletics site before marking verified.
BSOUTH_LONGWOOD_WSOC,Longwood,soccer,women,D1,Virginia,https://longwoodlancers.com,https://longwoodlancers.com/sports/womens-soccer,,https://longwoodlancers.com/sports/womens-soccer,Supplied research file (d1-other); links machine-checked to resolve (2026-10-09). Not otherwise verified.,official_university,no,Links only. Confirm against the official athletics site before marking verified.
BSOUTH_PRESBYTERIAN_WSOC,Presbyterian,soccer,women,D1,South Carolina,https://gobluehose.com,https://gobluehose.com/sports/womens-soccer,,https://gobluehose.com/sports/womens-soccer,Supplied research file (d1-other); links machine-checked to resolve (2026-10-09). Not otherwise verified.,official_university,no,Links only. Confirm against the official athletics site before marking verified.
BSOUTH_RADFORD_WSOC,Radford,soccer,women,D1,Virginia,https://radfordathletics.com,https://radfordathletics.com/sports/womens-soccer,,https://radfordathletics.com/sports/womens-soccer,Supplied research file (d1-other); links machine-checked to resolve (2026-10-09). Not otherwise verified.,official_university,no,Links only. Confirm against the official athletics site before marking verified.
BSOUTH_UNC_ASHEVILLE_WSOC,UNC Asheville,soccer,women,D1,North Carolina,https://uncabulldogs.com,https://uncabulldogs.com/sports/womens-soccer,,https://uncabulldogs.com/sports/womens-soccer,Supplied research file (d1-other); links machine-checked to resolve (2026-10-09). Not otherwise verified.,official_university,no,Links only. Confirm against the official athletics site before marking verified.
BSOUTH_USC_UPSTATE_WSOC,USC Upstate,soccer,women,D1,South Carolina,https://upstatespartans.com,https://upstatespartans.com/sports/womens-soccer,,https://upstatespartans.com/sports/womens-soccer,Supplied research file (d1-other); links machine-checked to resolve (2026-10-09). Not otherwise verified.,official_university,no,Links only. Confirm against the official athletics site before marking verified.
BSOUTH_WINTHROP_WSOC,Winthrop,soccer,women,D1,South Carolina,https://winthropeagles.com,https://winthropeagles.com/sports/womens-soccer,https://winthropsoccercamps.com,https://winthropeagles.com/sports/womens-soccer,Supplied research file (d1-other); links machine-checked to resolve (2026-10-09). Not otherwise verified.,official_university,no,Links only. Confirm against the official athletics site before marking verified.
BW_CAL_POLY_WSOC,Cal Poly,soccer,women,D1,California,https://gopoly.com,https://gopoly.com/sports/womens-soccer,,https://gopoly.com/sports/womens-soccer,Supplied research file (d1-other); links machine-checked to resolve (2026-10-09). Not otherwise verified.,official_university,no,Links only. Confirm against the official athletics site before marking verified.
BW_CAL_STATE_BAKERSFIELD_WSOC,Cal State Bakersfield,soccer,women,D1,California,https://gorunners.com,https://gorunners.com/sports/womens-soccer,,https://gorunners.com/sports/womens-soccer,Supplied research file (d1-other); links machine-checked to resolve (2026-10-09). Not otherwise verified.,official_university,no,Links only. Confirm against the official athletics site before marking verified.
BW_CAL_STATE_FULLERTON_WSOC,Cal State Fullerton,soccer,women,D1,California,https://fullertontitans.com,https://fullertontitans.com/sports/womens-soccer,https://titansoccercamps.com,https://fullertontitans.com/sports/womens-soccer,Supplied research file (d1-other); links machine-checked to resolve (2026-10-09). Not otherwise verified.,official_university,no,Links only. Confirm against the official athletics site before marking verified.
BW_CAL_STATE_NORTHRIDGE_WSOC,Cal State Northridge,soccer,women,D1,California,https://gomatadors.com,https://gomatadors.com/sports/womens-soccer,,https://gomatadors.com/sports/womens-soccer,Supplied research file (d1-other); links machine-checked to resolve (2026-10-09). Not otherwise verified.,official_university,no,Links only. Confirm against the official athletics site before marking verified.
MW_HAWAII_WSOC,Hawaii,soccer,women,D1,Hawaii,https://hawaiiathletics.com,https://hawaiiathletics.com/sports/womens-soccer,,https://hawaiiathletics.com/sports/womens-soccer,Supplied research file (d1-other); links machine-checked to resolve (2026-10-09). Not otherwise verified.,official_university,no,Links only. Confirm against the official athletics site before marking verified.
BW_LONG_BEACH_STATE_WSOC,Long Beach State,soccer,women,D1,California,https://longbeachstate.com,https://longbeachstate.com/sports/womens-soccer,https://beachsoccercamps.com,https://longbeachstate.com/sports/womens-soccer,Supplied research file (d1-other); links machine-checked to resolve (2026-10-09). Not otherwise verified.,official_university,no,Links only. Confirm against the official athletics site before marking verified.
MW_UC_DAVIS_WSOC,UC Davis,soccer,women,D1,California,https://ucdavisaggies.com,https://ucdavisaggies.com/sports/womens-soccer,,https://ucdavisaggies.com/sports/womens-soccer,Supplied research file (d1-other); links machine-checked to resolve (2026-10-09). Not otherwise verified.,official_university,no,Links only. Confirm against the official athletics site before marking verified.
BW_UC_IRVINE_WSOC,UC Irvine,soccer,women,D1,California,https://ucirvinesports.com,https://ucirvinesports.com/sports/womens-soccer,,https://ucirvinesports.com/sports/womens-soccer,Supplied research file (d1-other); links machine-checked to resolve (2026-10-09). Not otherwise verified.,official_university,no,Links only. Confirm against the official athletics site before marking verified.
BW_UC_RIVERSIDE_WSOC,UC Riverside,soccer,women,D1,California,https://gohighlanders.com,https://gohighlanders.com/sports/womens-soccer,,https://gohighlanders.com/sports/womens-soccer,Supplied research file (d1-other); links machine-checked to resolve (2026-10-09). Not otherwise verified.,official_university,no,Links only. Confirm against the official athletics site before marking verified.
BW_UC_SAN_DIEGO_WSOC,UC San Diego,soccer,women,D1,California,https://ucsdtritons.com,https://ucsdtritons.com/sports/womens-soccer,,https://ucsdtritons.com/sports/womens-soccer,Supplied research file (d1-other); links machine-checked to resolve (2026-10-09). Not otherwise verified.,official_university,no,Links only. Confirm against the official athletics site before marking verified.
BW_UC_SANTA_BARBARA_WSOC,UC Santa Barbara,soccer,women,D1,California,https://ucsbgauchos.com,https://ucsbgauchos.com/sports/womens-soccer,,https://ucsbgauchos.com/sports/womens-soccer,Supplied research file (d1-other); links machine-checked to resolve (2026-10-09). Not otherwise verified.,official_university,no,Links only. Confirm against the official athletics site before marking verified.
CAA_CAMPBELL_WSOC,Campbell,soccer,women,D1,North Carolina,https://gocamels.com,https://gocamels.com/sports/womens-soccer,,https://gocamels.com/sports/womens-soccer,Supplied research file (d1-other); links machine-checked to resolve (2026-10-09). Not otherwise verified.,official_university,no,Links only. Confirm against the official athletics site before marking verified.
CAA_CHARLESTON_WSOC,Charleston,soccer,women,D1,South Carolina,https://cofcsports.com,https://cofcsports.com/sports/womens-soccer,,https://cofcsports.com/sports/womens-soccer,Supplied research file (d1-other); links machine-checked to resolve (2026-10-09). Not otherwise verified.,official_university,no,Links only. Confirm against the official athletics site before marking verified.
CUSA_DELAWARE_WSOC,Delaware,soccer,women,D1,Delaware,https://bluehens.com,https://bluehens.com/sports/womens-soccer,https://bluehensoccercamps.com,https://bluehens.com/sports/womens-soccer,Supplied research file (d1-other); links machine-checked to resolve (2026-10-09). Not otherwise verified.,official_university,no,Links only. Confirm against the official athletics site before marking verified.
CAA_DREXEL_WSOC,Drexel,soccer,women,D1,Pennsylvania,https://drexeldragons.com,https://drexeldragons.com/sports/womens-soccer,,https://drexeldragons.com/sports/womens-soccer,Supplied research file (d1-other); links machine-checked to resolve (2026-10-09). Not otherwise verified.,official_university,no,Links only. Confirm against the official athletics site before marking verified.
CAA_ELON_WSOC,Elon,soccer,women,D1,North Carolina,https://elonphoenix.com,https://elonphoenix.com/sports/womens-soccer,,https://elonphoenix.com/sports/womens-soccer,Supplied research file (d1-other); links machine-checked to resolve (2026-10-09). Not otherwise verified.,official_university,no,Links only. Confirm against the official athletics site before marking verified.
CAA_HAMPTON_WSOC,Hampton,soccer,women,D1,Virginia,https://hamptonpirates.com,https://hamptonpirates.com/sports/womens-soccer,,https://hamptonpirates.com/sports/womens-soccer,Supplied research file (d1-other); links machine-checked to resolve (2026-10-09). Not otherwise verified.,official_university,no,Links only. Confirm against the official athletics site before marking verified.
CAA_HOFSTRA_WSOC,Hofstra,soccer,women,D1,New York,https://gohofstra.com,https://gohofstra.com/sports/womens-soccer,,https://gohofstra.com/sports/womens-soccer,Supplied research file (d1-other); links machine-checked to resolve (2026-10-09). Not otherwise verified.,official_university,no,Links only. Confirm against the official athletics site before marking verified.
CAA_MONMOUTH_WSOC,Monmouth,soccer,women,D1,New Jersey,https://monmouthhawks.com,https://monmouthhawks.com/sports/womens-soccer,,https://monmouthhawks.com/sports/womens-soccer,Supplied research file (d1-other); links machine-checked to resolve (2026-10-09). Not otherwise verified.,official_university,no,Links only. Confirm against the official athletics site before marking verified.
CAA_NORTHEASTERN_WSOC,Northeastern,soccer,women,D1,Massachusetts,https://nuhuskies.com,https://nuhuskies.com/sports/womens-soccer,,https://nuhuskies.com/sports/womens-soccer,Supplied research file (d1-other); links machine-checked to resolve (2026-10-09). Not otherwise verified.,official_university,no,Links only. Confirm against the official athletics site before marking verified.
CAA_STONY_BROOK_WSOC,Stony Brook,soccer,women,D1,New York,https://stonybrookathletics.com,https://stonybrookathletics.com/sports/womens-soccer,https://stonybrooksoccercamps.com,https://stonybrookathletics.com/sports/womens-soccer,Supplied research file (d1-other); links machine-checked to resolve (2026-10-09). Not otherwise verified.,official_university,no,Links only. Confirm against the official athletics site before marking verified.
CAA_TOWSON_WSOC,Towson,soccer,women,D1,Maryland,https://towsontigers.com,https://towsontigers.com/sports/womens-soccer,,https://towsontigers.com/sports/womens-soccer,Supplied research file (d1-other); links machine-checked to resolve (2026-10-09). Not otherwise verified.,official_university,no,Links only. Confirm against the official athletics site before marking verified.
CAA_UNC_WILMINGTON_WSOC,UNC Wilmington,soccer,women,D1,North Carolina,https://uncwsports.com,https://uncwsports.com/sports/womens-soccer,,https://uncwsports.com/sports/womens-soccer,Supplied research file (d1-other); links machine-checked to resolve (2026-10-09). Not otherwise verified.,official_university,no,Links only. Confirm against the official athletics site before marking verified.
CAA_WILLIAM_AND_MARY_WSOC,William & Mary,soccer,women,D1,Virginia,https://tribeathletics.com,https://tribeathletics.com/sports/womens-soccer,,https://tribeathletics.com/sports/womens-soccer,Supplied research file (d1-other); links machine-checked to resolve (2026-10-09). Not otherwise verified.,official_university,no,Links only. Confirm against the official athletics site before marking verified.
NEC_DELAWARE_STATE_WSOC,Delaware State,soccer,women,D1,Delaware,https://dsuhornets.com,https://dsuhornets.com/sports/womens-soccer,,https://dsuhornets.com/sports/womens-soccer,Supplied research file (d1-other); links machine-checked to resolve (2026-10-09). Not otherwise verified.,official_university,no,Links only. Confirm against the official athletics site before marking verified.
CUSA_FIU_WSOC,FIU,soccer,women,D1,Florida,https://fiusports.com,https://fiusports.com/sports/womens-soccer,,https://fiusports.com/sports/womens-soccer,Supplied research file (d1-other); links machine-checked to resolve (2026-10-09). Not otherwise verified.,official_university,no,Links only. Confirm against the official athletics site before marking verified.
CUSA_JACKSONVILLE_STATE_WSOC,Jacksonville State,soccer,women,D1,Alabama,https://jsugamecocksports.com,https://jsugamecocksports.com/sports/womens-soccer,,https://jsugamecocksports.com/sports/womens-soccer,Supplied research file (d1-other); links machine-checked to resolve (2026-10-09). Not otherwise verified.,official_university,no,Links only. Confirm against the official athletics site before marking verified.
CUSA_KENNESAW_STATE_WSOC,Kennesaw State,soccer,women,D1,Georgia,https://ksuowls.com,https://ksuowls.com/sports/womens-soccer,,https://ksuowls.com/sports/womens-soccer,Supplied research file (d1-other); links machine-checked to resolve (2026-10-09). Not otherwise verified.,official_university,no,Links only. Confirm against the official athletics site before marking verified.
CUSA_LIBERTY_WSOC,Liberty,soccer,women,D1,Virginia,https://libertyflames.com,https://libertyflames.com/sports/womens-soccer,,https://libertyflames.com/sports/womens-soccer,Supplied research file (d1-other); links machine-checked to resolve (2026-10-09). Not otherwise verified.,official_university,no,Links only. Confirm against the official athletics site before marking verified.
SB_LOUISIANA_TECH_WSOC,Louisiana Tech,soccer,women,D1,Louisiana,https://latechsports.com,https://latechsports.com/sports/womens-soccer,,https://latechsports.com/sports/womens-soccer,Supplied research file (d1-other); links machine-checked to resolve (2026-10-09). Not otherwise verified.,official_university,no,Links only. Confirm against the official athletics site before marking verified.
CUSA_MIDDLE_TENNESSEE_WSOC,Middle Tennessee,soccer,women,D1,Tennessee,https://goblueraiders.com,https://goblueraiders.com/sports/womens-soccer,https://mtsusoccercamps.com,https://goblueraiders.com/sports/womens-soccer,Supplied research file (d1-other); links machine-checked to resolve (2026-10-09). Not otherwise verified.,official_university,no,Links only. Confirm against the official athletics site before marking verified.
CUSA_NEW_MEXICO_STATE_WSOC,New Mexico State,soccer,women,D1,New Mexico,https://nmstatesports.com,https://nmstatesports.com/sports/womens-soccer,,https://nmstatesports.com/sports/womens-soccer,Supplied research file (d1-other); links machine-checked to resolve (2026-10-09). Not otherwise verified.,official_university,no,Links only. Confirm against the official athletics site before marking verified.
CUSA_SAM_HOUSTON_WSOC,Sam Houston,soccer,women,D1,Texas,https://gobearkats.com,https://gobearkats.com/sports/womens-soccer,,https://gobearkats.com/sports/womens-soccer,Supplied research file (d1-other); links machine-checked to resolve (2026-10-09). Not otherwise verified.,official_university,no,Links only. Confirm against the official athletics site before marking verified.
MW_UTEP_WSOC,UTEP,soccer,women,D1,Texas,https://utepminers.com,https://utepminers.com/sports/womens-soccer,,https://utepminers.com/sports/womens-soccer,Supplied research file (d1-other); links machine-checked to resolve (2026-10-09). Not otherwise verified.,official_university,no,Links only. Confirm against the official athletics site before marking verified.
CUSA_WESTERN_KENTUCKY_WSOC,Western Kentucky,soccer,women,D1,Kentucky,https://wkusports.com,https://wkusports.com/sports/womens-soccer,,https://wkusports.com/sports/womens-soccer,Supplied research file (d1-other); links machine-checked to resolve (2026-10-09). Not otherwise verified.,official_university,no,Links only. Confirm against the official athletics site before marking verified.
HOR_CLEVELAND_STATE_WSOC,Cleveland State,soccer,women,D1,Ohio,https://csuvikings.com,https://csuvikings.com/sports/womens-soccer,,https://csuvikings.com/sports/womens-soccer,Supplied research file (d1-other); links machine-checked to resolve (2026-10-09). Not otherwise verified.,official_university,no,Links only. Confirm against the official athletics site before marking verified.
HOR_DETROIT_MERCY_WSOC,Detroit Mercy,soccer,women,D1,Michigan,https://detroittitans.com,https://detroittitans.com/sports/womens-soccer,,https://detroittitans.com/sports/womens-soccer,Supplied research file (d1-other); links machine-checked to resolve (2026-10-09). Not otherwise verified.,official_university,no,Links only. Confirm against the official athletics site before marking verified.
HOR_GREEN_BAY_WSOC,Green Bay,soccer,women,D1,Wisconsin,https://greenbayphoenix.com,https://greenbayphoenix.com/sports/womens-soccer,https://greenbaysoccercamps.com,https://greenbayphoenix.com/sports/womens-soccer,Supplied research file (d1-other); links machine-checked to resolve (2026-10-09). Not otherwise verified.,official_university,no,Links only. Confirm against the official athletics site before marking verified.
HOR_IU_INDY_WSOC,IU Indy,soccer,women,D1,Indiana,https://iuindyjags.com,https://iuindyjags.com/sports/womens-soccer,,https://iuindyjags.com/sports/womens-soccer,Supplied research file (d1-other); links machine-checked to resolve (2026-10-09). Not otherwise verified.,official_university,no,Links only. Confirm against the official athletics site before marking verified.
HOR_MILWAUKEE_WSOC,Milwaukee,soccer,women,D1,Wisconsin,https://mkepanthers.com,https://mkepanthers.com/sports/womens-soccer,,https://mkepanthers.com/sports/womens-soccer,Supplied research file (d1-other); links machine-checked to resolve (2026-10-09). Not otherwise verified.,official_university,no,Links only. Confirm against the official athletics site before marking verified.
HOR_NORTHERN_KENTUCKY_WSOC,Northern Kentucky,soccer,women,D1,Kentucky,https://nkunorse.com,https://nkunorse.com/sports/womens-soccer,,https://nkunorse.com/sports/womens-soccer,Supplied research file (d1-other); links machine-checked to resolve (2026-10-09). Not otherwise verified.,official_university,no,Links only. Confirm against the official athletics site before marking verified.
HOR_OAKLAND_WSOC,Oakland,soccer,women,D1,Michigan,https://goldengrizzlies.com,https://goldengrizzlies.com/sports/womens-soccer,https://oaklandsoccercamps.com,https://goldengrizzlies.com/sports/womens-soccer,Supplied research file (d1-other); links machine-checked to resolve (2026-10-09). Not otherwise verified.,official_university,no,Links only. Confirm against the official athletics site before marking verified.
HOR_PURDUE_FORT_WAYNE_WSOC,Purdue Fort Wayne,soccer,women,D1,Indiana,https://gomastodons.com,https://gomastodons.com/sports/womens-soccer,https://mastodonsoccercamps.com,https://gomastodons.com/sports/womens-soccer,Supplied research file (d1-other); links machine-checked to resolve (2026-10-09). Not otherwise verified.,official_university,no,Links only. Confirm against the official athletics site before marking verified.
HOR_ROBERT_MORRIS_WSOC,Robert Morris,soccer,women,D1,Pennsylvania,https://rmucolonials.com,,,,Supplied research file (d1-other); links machine-checked to resolve (2026-10-09). Not otherwise verified.,,no,Links only. Confirm against the official athletics site before marking verified.
HOR_WRIGHT_STATE_WSOC,Wright State,soccer,women,D1,Ohio,https://wsuraiders.com,https://wsuraiders.com/sports/womens-soccer,,https://wsuraiders.com/sports/womens-soccer,Supplied research file (d1-other); links machine-checked to resolve (2026-10-09). Not otherwise verified.,official_university,no,Links only. Confirm against the official athletics site before marking verified.
HOR_YOUNGSTOWN_STATE_WSOC,Youngstown State,soccer,women,D1,Ohio,https://ysusports.com,https://ysusports.com/sports/womens-soccer,,https://ysusports.com/sports/womens-soccer,Supplied research file (d1-other); links machine-checked to resolve (2026-10-09). Not otherwise verified.,official_university,no,Links only. Confirm against the official athletics site before marking verified.
MAAC_CANISIUS_WSOC,Canisius,soccer,women,D1,New York,https://gogriffs.com,https://gogriffs.com/sports/womens-soccer,,https://gogriffs.com/sports/womens-soccer,Supplied research file (d1-other); links machine-checked to resolve (2026-10-09). Not otherwise verified.,official_university,no,Links only. Confirm against the official athletics site before marking verified.
MAAC_FAIRFIELD_WSOC,Fairfield,soccer,women,D1,Connecticut,https://fairfieldstags.com,,,,Supplied research file (d1-other); links machine-checked to resolve (2026-10-09). Not otherwise verified.,,no,Links only. Confirm against the official athletics site before marking verified.
MAAC_IONA_WSOC,Iona,soccer,women,D1,New York,https://ionagaels.com,,,,Supplied research file (d1-other); links machine-checked to resolve (2026-10-09). Not otherwise verified.,,no,Links only. Confirm against the official athletics site before marking verified.
MAAC_MANHATTAN_WSOC,Manhattan,soccer,women,D1,New York,https://gojaspers.com,https://gojaspers.com/sports/womens-soccer,,https://gojaspers.com/sports/womens-soccer,Supplied research file (d1-other); links machine-checked to resolve (2026-10-09). Not otherwise verified.,official_university,no,Links only. Confirm against the official athletics site before marking verified.
MAAC_MARIST_WSOC,Marist,soccer,women,D1,New York,https://goredfoxes.com,https://goredfoxes.com/sports/womens-soccer,,https://goredfoxes.com/sports/womens-soccer,Supplied research file (d1-other); links machine-checked to resolve (2026-10-09). Not otherwise verified.,official_university,no,Links only. Confirm against the official athletics site before marking verified.
MAAC_MERRIMACK_WSOC,Merrimack,soccer,women,D1,Massachusetts,https://merrimackathletics.com,https://merrimackathletics.com/sports/womens-soccer,https://warriorsoccercamps.com,https://merrimackathletics.com/sports/womens-soccer,Supplied research file (d1-other); links machine-checked to resolve (2026-10-09). Not otherwise verified.,official_university,no,Links only. Confirm against the official athletics site before marking verified.
MAAC_MOUNT_ST_MARY_S_WSOC,Mount St. Mary's,soccer,women,D1,Maryland,https://mountathletics.com,https://mountathletics.com/sports/womens-soccer,,https://mountathletics.com/sports/womens-soccer,Supplied research file (d1-other); links machine-checked to resolve (2026-10-09). Not otherwise verified.,official_university,no,Links only. Confirm against the official athletics site before marking verified.
MAAC_NIAGARA_WSOC,Niagara,soccer,women,D1,New York,https://purpleeagles.com,https://purpleeagles.com/sports/womens-soccer,,https://purpleeagles.com/sports/womens-soccer,Supplied research file (d1-other); links machine-checked to resolve (2026-10-09). Not otherwise verified.,official_university,no,Links only. Confirm against the official athletics site before marking verified.
MAAC_QUINNIPIAC_WSOC,Quinnipiac,soccer,women,D1,Connecticut,https://gobobcats.com,https://gobobcats.com/sports/womens-soccer,,https://gobobcats.com/sports/womens-soccer,Supplied research file (d1-other); links machine-checked to resolve (2026-10-09). Not otherwise verified.,official_university,no,Links only. Confirm against the official athletics site before marking verified.
MAAC_RIDER_WSOC,Rider,soccer,women,D1,New Jersey,https://gobroncs.com,https://gobroncs.com/sports/womens-soccer,,https://gobroncs.com/sports/womens-soccer,Supplied research file (d1-other); links machine-checked to resolve (2026-10-09). Not otherwise verified.,official_university,no,Links only. Confirm against the official athletics site before marking verified.
MAAC_SACRED_HEART_WSOC,Sacred Heart,soccer,women,D1,Connecticut,https://sacredheartpioneers.com,https://sacredheartpioneers.com/sports/womens-soccer,,https://sacredheartpioneers.com/sports/womens-soccer,Supplied research file (d1-other); links machine-checked to resolve (2026-10-09). Not otherwise verified.,official_university,no,Links only. Confirm against the official athletics site before marking verified.
MAAC_SAINT_PETER_S_WSOC,Saint Peter's,soccer,women,D1,New Jersey,https://saintpeterspeacocks.com,https://saintpeterspeacocks.com/sports/womens-soccer,,https://saintpeterspeacocks.com/sports/womens-soccer,Supplied research file (d1-other); links machine-checked to resolve (2026-10-09). Not otherwise verified.,official_university,no,Links only. Confirm against the official athletics site before marking verified.
MAAC_SIENA_WSOC,Siena,soccer,women,D1,New York,https://sienasaints.com,https://sienasaints.com/sports/womens-soccer,,https://sienasaints.com/sports/womens-soccer,Supplied research file (d1-other); links machine-checked to resolve (2026-10-09). Not otherwise verified.,official_university,no,Links only. Confirm against the official athletics site before marking verified.
MAC_AKRON_WSOC,Akron,soccer,women,D1,Ohio,https://gozips.com,https://gozips.com/sports/womens-soccer,,https://gozips.com/sports/womens-soccer,Supplied research file (d1-other); links machine-checked to resolve (2026-10-09). Not otherwise verified.,official_university,no,Links only. Confirm against the official athletics site before marking verified.
MAC_BALL_STATE_WSOC,Ball State,soccer,women,D1,Indiana,https://ballstatesports.com,https://ballstatesports.com/sports/womens-soccer,,https://ballstatesports.com/sports/womens-soccer,Supplied research file (d1-other); links machine-checked to resolve (2026-10-09). Not otherwise verified.,official_university,no,Links only. Confirm against the official athletics site before marking verified.
MAC_BOWLING_GREEN_WSOC,Bowling Green,soccer,women,D1,Ohio,https://bgsufalcons.com,https://bgsufalcons.com/sports/womens-soccer,,https://bgsufalcons.com/sports/womens-soccer,Supplied research file (d1-other); links machine-checked to resolve (2026-10-09). Not otherwise verified.,official_university,no,Links only. Confirm against the official athletics site before marking verified.
MAC_BUFFALO_WSOC,Buffalo,soccer,women,D1,New York,https://ubbulls.com,https://ubbulls.com/sports/womens-soccer,https://ubsoccercamps.com,https://ubbulls.com/sports/womens-soccer,Supplied research file (d1-other); links machine-checked to resolve (2026-10-09). Not otherwise verified.,official_university,no,Links only. Confirm against the official athletics site before marking verified.
MAC_CENTRAL_MICHIGAN_WSOC,Central Michigan,soccer,women,D1,Michigan,https://cmuchippewas.com,https://cmuchippewas.com/sports/womens-soccer,,https://cmuchippewas.com/sports/womens-soccer,Supplied research file (d1-other); links machine-checked to resolve (2026-10-09). Not otherwise verified.,official_university,no,Links only. Confirm against the official athletics site before marking verified.
MAC_EASTERN_MICHIGAN_WSOC,Eastern Michigan,soccer,women,D1,Michigan,https://emueagles.com,https://emueagles.com/sports/womens-soccer,,https://emueagles.com/sports/womens-soccer,Supplied research file (d1-other); links machine-checked to resolve (2026-10-09). Not otherwise verified.,official_university,no,Links only. Confirm against the official athletics site before marking verified.
MAC_KENT_STATE_WSOC,Kent State,soccer,women,D1,Ohio,https://kentstatesports.com,https://kentstatesports.com/sports/womens-soccer,,https://kentstatesports.com/sports/womens-soccer,Supplied research file (d1-other); links machine-checked to resolve (2026-10-09). Not otherwise verified.,official_university,no,Links only. Confirm against the official athletics site before marking verified.
MAC_MIAMI_OH_WSOC,Miami (OH),soccer,women,D1,Ohio,https://miamiredhawks.com,https://miamiredhawks.com/sports/womens-soccer,https://redhawksoccercamps.com,https://miamiredhawks.com/sports/womens-soccer,Supplied research file (d1-other); links machine-checked to resolve (2026-10-09). Not otherwise verified.,official_university,no,Links only. Confirm against the official athletics site before marking verified.
HOR_NORTHERN_ILLINOIS_WSOC,Northern Illinois,soccer,women,D1,Illinois,https://niuhuskies.com,https://niuhuskies.com/sports/womens-soccer,,https://niuhuskies.com/sports/womens-soccer,Supplied research file (d1-other); links machine-checked to resolve (2026-10-09). Not otherwise verified.,official_university,no,Links only. Confirm against the official athletics site before marking verified.
MAC_OHIO_WSOC,Ohio,soccer,women,D1,Ohio,https://ohiobobcats.com,https://ohiobobcats.com/sports/womens-soccer,,https://ohiobobcats.com/sports/womens-soccer,Supplied research file (d1-other); links machine-checked to resolve (2026-10-09). Not otherwise verified.,official_university,no,Links only. Confirm against the official athletics site before marking verified.
MAC_TOLEDO_WSOC,Toledo,soccer,women,D1,Ohio,https://utrockets.com,https://utrockets.com/sports/womens-soccer,https://rocketsoccercamps.com,https://utrockets.com/sports/womens-soccer,Supplied research file (d1-other); links machine-checked to resolve (2026-10-09). Not otherwise verified.,official_university,no,Links only. Confirm against the official athletics site before marking verified.
MAC_WESTERN_MICHIGAN_WSOC,Western Michigan,soccer,women,D1,Michigan,https://wmubroncos.com,https://wmubroncos.com/sports/womens-soccer,,https://wmubroncos.com/sports/womens-soccer,Supplied research file (d1-other); links machine-checked to resolve (2026-10-09). Not otherwise verified.,official_university,no,Links only. Confirm against the official athletics site before marking verified.
MVC_BELMONT_WSOC,Belmont,soccer,women,D1,Tennessee,https://belmontbruins.com,https://belmontbruins.com/sports/womens-soccer,,https://belmontbruins.com/sports/womens-soccer,Supplied research file (d1-other); links machine-checked to resolve (2026-10-09). Not otherwise verified.,official_university,no,Links only. Confirm against the official athletics site before marking verified.
MVC_DRAKE_WSOC,Drake,soccer,women,D1,Iowa,https://godrakebulldogs.com,https://godrakebulldogs.com/sports/womens-soccer,,https://godrakebulldogs.com/sports/womens-soccer,Supplied research file (d1-other); links machine-checked to resolve (2026-10-09). Not otherwise verified.,official_university,no,Links only. Confirm against the official athletics site before marking verified.
MVC_EVANSVILLE_WSOC,Evansville,soccer,women,D1,Indiana,https://gopurpleaces.com,https://gopurpleaces.com/sports/womens-soccer,,https://gopurpleaces.com/sports/womens-soccer,Supplied research file (d1-other); links machine-checked to resolve (2026-10-09). Not otherwise verified.,official_university,no,Links only. Confirm against the official athletics site before marking verified.
MVC_ILLINOIS_STATE_WSOC,Illinois State,soccer,women,D1,Illinois,https://goredbirds.com,https://goredbirds.com/sports/womens-soccer,,https://goredbirds.com/sports/womens-soccer,Supplied research file (d1-other); links machine-checked to resolve (2026-10-09). Not otherwise verified.,official_university,no,Links only. Confirm against the official athletics site before marking verified.
MVC_INDIANA_STATE_WSOC,Indiana State,soccer,women,D1,Indiana,https://gosycamores.com,https://gosycamores.com/sports/womens-soccer,,https://gosycamores.com/sports/womens-soccer,Supplied research file (d1-other); links machine-checked to resolve (2026-10-09). Not otherwise verified.,official_university,no,Links only. Confirm against the official athletics site before marking verified.
CUSA_MISSOURI_STATE_WSOC,Missouri State,soccer,women,D1,Missouri,https://missouristatebears.com,https://missouristatebears.com/sports/womens-soccer,,https://missouristatebears.com/sports/womens-soccer,Supplied research file (d1-other); links machine-checked to resolve (2026-10-09). Not otherwise verified.,official_university,no,Links only. Confirm against the official athletics site before marking verified.
MVC_MURRAY_STATE_WSOC,Murray State,soccer,women,D1,Kentucky,https://goracers.com,https://goracers.com/sports/womens-soccer,,https://goracers.com/sports/womens-soccer,Supplied research file (d1-other); links machine-checked to resolve (2026-10-09). Not otherwise verified.,official_university,no,Links only. Confirm against the official athletics site before marking verified.
MVC_NORTHERN_IOWA_WSOC,Northern Iowa,soccer,women,D1,Iowa,https://unipanthers.com,https://unipanthers.com/sports/womens-soccer,,https://unipanthers.com/sports/womens-soccer,Supplied research file (d1-other); links machine-checked to resolve (2026-10-09). Not otherwise verified.,official_university,no,Links only. Confirm against the official athletics site before marking verified.
MVC_SOUTHERN_ILLINOIS_WSOC,Southern Illinois,soccer,women,D1,Illinois,https://siusalukis.com,https://siusalukis.com/sports/womens-soccer,https://salukisoccercamps.com,https://siusalukis.com/sports/womens-soccer,Supplied research file (d1-other); links machine-checked to resolve (2026-10-09). Not otherwise verified.,official_university,no,Links only. Confirm against the official athletics site before marking verified.
MVC_UIC_WSOC,UIC,soccer,women,D1,Illinois,https://uicflames.com,https://uicflames.com/sports/womens-soccer,,https://uicflames.com/sports/womens-soccer,Supplied research file (d1-other); links machine-checked to resolve (2026-10-09). Not otherwise verified.,official_university,no,Links only. Confirm against the official athletics site before marking verified.
MVC_VALPARAISO_WSOC,Valparaiso,soccer,women,D1,Indiana,https://valpoathletics.com,https://valpoathletics.com/sports/womens-soccer,,https://valpoathletics.com/sports/womens-soccer,Supplied research file (d1-other); links machine-checked to resolve (2026-10-09). Not otherwise verified.,official_university,no,Links only. Confirm against the official athletics site before marking verified.
MW_AIR_FORCE_WSOC,Air Force,soccer,women,D1,Colorado,https://goairforcefalcons.com,https://goairforcefalcons.com/sports/womens-soccer,,https://goairforcefalcons.com/sports/womens-soccer,Supplied research file (d1-other); links machine-checked to resolve (2026-10-09). Not otherwise verified.,official_university,no,Links only. Confirm against the official athletics site before marking verified.
PAC12_BOISE_STATE_WSOC,Boise State,soccer,women,D1,Idaho,https://broncosports.com,https://broncosports.com/sports/womens-soccer,,https://broncosports.com/sports/womens-soccer,Supplied research file (d1-other); links machine-checked to resolve (2026-10-09). Not otherwise verified.,official_university,no,Links only. Confirm against the official athletics site before marking verified.
MW_COLORADO_COLLEGE_WSOC,Colorado College,soccer,women,D1,Colorado,https://cctigers.com,https://cctigers.com/sports/womens-soccer,,https://cctigers.com/sports/womens-soccer,Supplied research file (d1-other); links machine-checked to resolve (2026-10-09). Not otherwise verified.,official_university,no,Links only. Confirm against the official athletics site before marking verified.
PAC12_COLORADO_STATE_WSOC,Colorado State,soccer,women,D1,Colorado,https://csurams.com,https://csurams.com/sports/womens-soccer,,https://csurams.com/sports/womens-soccer,Supplied research file (d1-other); links machine-checked to resolve (2026-10-09). Not otherwise verified.,official_university,no,Links only. Confirm against the official athletics site before marking verified.
PAC12_FRESNO_STATE_WSOC,Fresno State,soccer,women,D1,California,https://gobulldogs.com,https://gobulldogs.com/sports/womens-soccer,,https://gobulldogs.com/sports/womens-soccer,Supplied research file (d1-other); links machine-checked to resolve (2026-10-09). Not otherwise verified.,official_university,no,Links only. Confirm against the official athletics site before marking verified.
MW_NEVADA_WSOC,Nevada,soccer,women,D1,Nevada,https://nevadawolfpack.com,https://nevadawolfpack.com/sports/womens-soccer,https://wolfpacksoccercamps.com,https://nevadawolfpack.com/sports/womens-soccer,Supplied research file (d1-other); links machine-checked to resolve (2026-10-09). Not otherwise verified.,official_university,no,Links only. Confirm against the official athletics site before marking verified.
MW_NEW_MEXICO_WSOC,New Mexico,soccer,women,D1,New Mexico,https://golobos.com,,,,Supplied research file (d1-other); links machine-checked to resolve (2026-10-09). Not otherwise verified.,,no,Links only. Confirm against the official athletics site before marking verified.
PAC12_SAN_DIEGO_STATE_WSOC,San Diego State,soccer,women,D1,California,https://goaztecs.com,https://goaztecs.com/sports/womens-soccer,,https://goaztecs.com/sports/womens-soccer,Supplied research file (d1-other); links machine-checked to resolve (2026-10-09). Not otherwise verified.,official_university,no,Links only. Confirm against the official athletics site before marking verified.
MW_SAN_JOSE_STATE_WSOC,San Jose State,soccer,women,D1,California,https://sjsuspartans.com,https://sjsuspartans.com/sports/womens-soccer,,https://sjsuspartans.com/sports/womens-soccer,Supplied research file (d1-other); links machine-checked to resolve (2026-10-09). Not otherwise verified.,official_university,no,Links only. Confirm against the official athletics site before marking verified.
MW_UNLV_WSOC,UNLV,soccer,women,D1,Nevada,https://unlvrebels.com,https://unlvrebels.com/sports/womens-soccer,,https://unlvrebels.com/sports/womens-soccer,Supplied research file (d1-other); links machine-checked to resolve (2026-10-09). Not otherwise verified.,official_university,no,Links only. Confirm against the official athletics site before marking verified.
PAC12_UTAH_STATE_WSOC,Utah State,soccer,women,D1,Utah,https://utahstateaggies.com,https://utahstateaggies.com/sports/womens-soccer,,https://utahstateaggies.com/sports/womens-soccer,Supplied research file (d1-other); links machine-checked to resolve (2026-10-09). Not otherwise verified.,official_university,no,Links only. Confirm against the official athletics site before marking verified.
MW_WYOMING_WSOC,Wyoming,soccer,women,D1,Wyoming,https://gowyo.com,https://gowyo.com/sports/womens-soccer,,https://gowyo.com/sports/womens-soccer,Supplied research file (d1-other); links machine-checked to resolve (2026-10-09). Not otherwise verified.,official_university,no,Links only. Confirm against the official athletics site before marking verified.
NEC_CENTRAL_CONNECTICUT_WSOC,Central Connecticut,soccer,women,D1,Connecticut,https://ccsubluedevils.com,https://ccsubluedevils.com/sports/womens-soccer,,https://ccsubluedevils.com/sports/womens-soccer,Supplied research file (d1-other); links machine-checked to resolve (2026-10-09). Not otherwise verified.,official_university,no,Links only. Confirm against the official athletics site before marking verified.
NEC_CHICAGO_STATE_WSOC,Chicago State,soccer,women,D1,Illinois,https://gocsucougars.com,https://gocsucougars.com/sports/womens-soccer,,https://gocsucougars.com/sports/womens-soccer,Supplied research file (d1-other); links machine-checked to resolve (2026-10-09). Not otherwise verified.,official_university,no,Links only. Confirm against the official athletics site before marking verified.
NEC_FAIRLEIGH_DICKINSON_WSOC,Fairleigh Dickinson,soccer,women,D1,New Jersey,https://fduknights.com,https://fduknights.com/sports/womens-soccer,,https://fduknights.com/sports/womens-soccer,Supplied research file (d1-other); links machine-checked to resolve (2026-10-09). Not otherwise verified.,official_university,no,Links only. Confirm against the official athletics site before marking verified.
NEC_HOWARD_WSOC,Howard,soccer,women,D1,District of Columbia,https://hubison.com,https://hubison.com/sports/womens-soccer,,https://hubison.com/sports/womens-soccer,Supplied research file (d1-other); links machine-checked to resolve (2026-10-09). Not otherwise verified.,official_university,no,Links only. Confirm against the official athletics site before marking verified.
NEC_LE_MOYNE_WSOC,Le Moyne,soccer,women,D1,New York,https://lemoynedolphins.com,https://lemoynedolphins.com/sports/womens-soccer,,https://lemoynedolphins.com/sports/womens-soccer,Supplied research file (d1-other); links machine-checked to resolve (2026-10-09). Not otherwise verified.,official_university,no,Links only. Confirm against the official athletics site before marking verified.
NEC_LIU_WSOC,LIU,soccer,women,D1,New York,https://liuathletics.com,https://liuathletics.com/sports/womens-soccer,,https://liuathletics.com/sports/womens-soccer,Supplied research file (d1-other); links machine-checked to resolve (2026-10-09). Not otherwise verified.,official_university,no,Links only. Confirm against the official athletics site before marking verified.
NEC_MERCYHURST_WSOC,Mercyhurst,soccer,women,D1,Pennsylvania,https://hurstathletics.com,https://hurstathletics.com/sports/womens-soccer,,https://hurstathletics.com/sports/womens-soccer,Supplied research file (d1-other); links machine-checked to resolve (2026-10-09). Not otherwise verified.,official_university,no,Links only. Confirm against the official athletics site before marking verified.
NEC_STONEHILL_WSOC,Stonehill,soccer,women,D1,Massachusetts,https://stonehillskyhawks.com,https://stonehillskyhawks.com/sports/womens-soccer,,https://stonehillskyhawks.com/sports/womens-soccer,Supplied research file (d1-other); links machine-checked to resolve (2026-10-09). Not otherwise verified.,official_university,no,Links only. Confirm against the official athletics site before marking verified.
NEC_WAGNER_WSOC,Wagner,soccer,women,D1,New York,https://wagnerathletics.com,https://wagnerathletics.com/sports/womens-soccer,,https://wagnerathletics.com/sports/womens-soccer,Supplied research file (d1-other); links machine-checked to resolve (2026-10-09). Not otherwise verified.,official_university,no,Links only. Confirm against the official athletics site before marking verified.
OVC_EASTERN_ILLINOIS_WSOC,Eastern Illinois,soccer,women,D1,Illinois,https://eiupanthers.com,https://eiupanthers.com/sports/womens-soccer,,https://eiupanthers.com/sports/womens-soccer,Supplied research file (d1-other); links machine-checked to resolve (2026-10-09). Not otherwise verified.,official_university,no,Links only. Confirm against the official athletics site before marking verified.
OVC_LINDENWOOD_WSOC,Lindenwood,soccer,women,D1,Missouri,https://lindenwoodlions.com,https://lindenwoodlions.com/sports/womens-soccer,,https://lindenwoodlions.com/sports/womens-soccer,Supplied research file (d1-other); links machine-checked to resolve (2026-10-09). Not otherwise verified.,official_university,no,Links only. Confirm against the official athletics site before marking verified.
UAC_LITTLE_ROCK_WSOC,Little Rock,soccer,women,D1,Arkansas,https://lrtrojans.com,https://lrtrojans.com/sports/womens-soccer,,https://lrtrojans.com/sports/womens-soccer,Supplied research file (d1-other); links machine-checked to resolve (2026-10-09). Not otherwise verified.,official_university,no,Links only. Confirm against the official athletics site before marking verified.
OVC_MOREHEAD_STATE_WSOC,Morehead State,soccer,women,D1,Kentucky,https://msueagles.com,https://msueagles.com/sports/womens-soccer,,https://msueagles.com/sports/womens-soccer,Supplied research file (d1-other); links machine-checked to resolve (2026-10-09). Not otherwise verified.,official_university,no,Links only. Confirm against the official athletics site before marking verified.
OVC_SIU_EDWARDSVILLE_WSOC,SIU Edwardsville,soccer,women,D1,Illinois,https://siuecougars.com,https://siuecougars.com/sports/womens-soccer,,https://siuecougars.com/sports/womens-soccer,Supplied research file (d1-other); links machine-checked to resolve (2026-10-09). Not otherwise verified.,official_university,no,Links only. Confirm against the official athletics site before marking verified.
OVC_SOUTHEAST_MISSOURI_STATE_WSOC,Southeast Missouri State,soccer,women,D1,Missouri,https://semoredhawks.com,https://semoredhawks.com/sports/womens-soccer,https://semosoccercamps.com,https://semoredhawks.com/sports/womens-soccer,Supplied research file (d1-other); links machine-checked to resolve (2026-10-09). Not otherwise verified.,official_university,no,Links only. Confirm against the official athletics site before marking verified.
OVC_SOUTHERN_INDIANA_WSOC,Southern Indiana,soccer,women,D1,Indiana,https://usiscreamingeagles.com,https://usiscreamingeagles.com/sports/womens-soccer,,https://usiscreamingeagles.com/sports/womens-soccer,Supplied research file (d1-other); links machine-checked to resolve (2026-10-09). Not otherwise verified.,official_university,no,Links only. Confirm against the official athletics site before marking verified.
SOCON_TENNESSEE_TECH_WSOC,Tennessee Tech,soccer,women,D1,Tennessee,https://ttusports.com,https://ttusports.com/sports/womens-soccer,,https://ttusports.com/sports/womens-soccer,Supplied research file (d1-other); links machine-checked to resolve (2026-10-09). Not otherwise verified.,official_university,no,Links only. Confirm against the official athletics site before marking verified.
OVC_UT_MARTIN_WSOC,UT Martin,soccer,women,D1,Tennessee,https://utmsports.com,https://utmsports.com/sports/womens-soccer,,https://utmsports.com/sports/womens-soccer,Supplied research file (d1-other); links machine-checked to resolve (2026-10-09). Not otherwise verified.,official_university,no,Links only. Confirm against the official athletics site before marking verified.
OVC_WESTERN_ILLINOIS_WSOC,Western Illinois,soccer,women,D1,Illinois,https://goleathernecks.com,https://goleathernecks.com/sports/womens-soccer,,https://goleathernecks.com/sports/womens-soccer,Supplied research file (d1-other); links machine-checked to resolve (2026-10-09). Not otherwise verified.,official_university,no,Links only. Confirm against the official athletics site before marking verified.
PAT_AMERICAN_WSOC,American,soccer,women,D1,District of Columbia,https://aueagles.com,https://aueagles.com/sports/womens-soccer,,https://aueagles.com/sports/womens-soccer,Supplied research file (d1-other); links machine-checked to resolve (2026-10-09). Not otherwise verified.,official_university,no,Links only. Confirm against the official athletics site before marking verified.
PAT_ARMY_WSOC,Army,soccer,women,D1,New York,https://goarmywestpoint.com,https://goarmywestpoint.com/sports/womens-soccer,,https://goarmywestpoint.com/sports/womens-soccer,Supplied research file (d1-other); links machine-checked to resolve (2026-10-09). Not otherwise verified.,official_university,no,Links only. Confirm against the official athletics site before marking verified.
PAT_BOSTON_UNIVERSITY_WSOC,Boston University,soccer,women,D1,Massachusetts,https://goterriers.com,https://goterriers.com/sports/womens-soccer,https://terriersoccercamps.com,https://goterriers.com/sports/womens-soccer,Supplied research file (d1-other); links machine-checked to resolve (2026-10-09). Not otherwise verified.,official_university,no,Links only. Confirm against the official athletics site before marking verified.
PAT_BUCKNELL_WSOC,Bucknell,soccer,women,D1,Pennsylvania,https://bucknellbison.com,https://bucknellbison.com/sports/womens-soccer,,https://bucknellbison.com/sports/womens-soccer,Supplied research file (d1-other); links machine-checked to resolve (2026-10-09). Not otherwise verified.,official_university,no,Links only. Confirm against the official athletics site before marking verified.
PAT_COLGATE_WSOC,Colgate,soccer,women,D1,New York,,,,,Supplied research file (d1-other); links machine-checked to resolve (2026-10-09). Not otherwise verified.,,no,Links only. Confirm against the official athletics site before marking verified.
PAT_HOLY_CROSS_WSOC,Holy Cross,soccer,women,D1,Massachusetts,https://goholycross.com,https://goholycross.com/sports/womens-soccer,,https://goholycross.com/sports/womens-soccer,Supplied research file (d1-other); links machine-checked to resolve (2026-10-09). Not otherwise verified.,official_university,no,Links only. Confirm against the official athletics site before marking verified.
PAT_LAFAYETTE_WSOC,Lafayette,soccer,women,D1,Pennsylvania,https://goleopards.com,https://goleopards.com/sports/womens-soccer,,https://goleopards.com/sports/womens-soccer,Supplied research file (d1-other); links machine-checked to resolve (2026-10-09). Not otherwise verified.,official_university,no,Links only. Confirm against the official athletics site before marking verified.
PAT_LEHIGH_WSOC,Lehigh,soccer,women,D1,Pennsylvania,https://lehighsports.com,https://lehighsports.com/sports/womens-soccer,,https://lehighsports.com/sports/womens-soccer,Supplied research file (d1-other); links machine-checked to resolve (2026-10-09). Not otherwise verified.,official_university,no,Links only. Confirm against the official athletics site before marking verified.
PAT_LOYOLA_MD_WSOC,Loyola (MD),soccer,women,D1,Maryland,https://loyolagreyhounds.com,https://loyolagreyhounds.com/sports/womens-soccer,https://greyhoundsoccercamps.com,https://loyolagreyhounds.com/sports/womens-soccer,Supplied research file (d1-other); links machine-checked to resolve (2026-10-09). Not otherwise verified.,official_university,no,Links only. Confirm against the official athletics site before marking verified.
PAT_NAVY_WSOC,Navy,soccer,women,D1,Maryland,https://navysports.com,https://navysports.com/sports/womens-soccer,,https://navysports.com/sports/womens-soccer,Supplied research file (d1-other); links machine-checked to resolve (2026-10-09). Not otherwise verified.,official_university,no,Links only. Confirm against the official athletics site before marking verified.
SOCON_CHATTANOOGA_WSOC,Chattanooga,soccer,women,D1,Tennessee,https://gomocs.com,https://gomocs.com/sports/womens-soccer,,https://gomocs.com/sports/womens-soccer,Supplied research file (d1-other); links machine-checked to resolve (2026-10-09). Not otherwise verified.,official_university,no,Links only. Confirm against the official athletics site before marking verified.
SOCON_EAST_TENNESSEE_STATE_WSOC,East Tennessee State,soccer,women,D1,Tennessee,https://etsubucs.com,https://etsubucs.com/sports/womens-soccer,,https://etsubucs.com/sports/womens-soccer,Supplied research file (d1-other); links machine-checked to resolve (2026-10-09). Not otherwise verified.,official_university,no,Links only. Confirm against the official athletics site before marking verified.
SOCON_FURMAN_WSOC,Furman,soccer,women,D1,South Carolina,https://furmanpaladins.com,https://furmanpaladins.com/sports/womens-soccer,,https://furmanpaladins.com/sports/womens-soccer,Supplied research file (d1-other); links machine-checked to resolve (2026-10-09). Not otherwise verified.,official_university,no,Links only. Confirm against the official athletics site before marking verified.
SOCON_MERCER_WSOC,Mercer,soccer,women,D1,Georgia,https://mercerbears.com,https://mercerbears.com/sports/womens-soccer,https://mercersoccercamps.com,https://mercerbears.com/sports/womens-soccer,Supplied research file (d1-other); links machine-checked to resolve (2026-10-09). Not otherwise verified.,official_university,no,Links only. Confirm against the official athletics site before marking verified.
SOCON_SAMFORD_WSOC,Samford,soccer,women,D1,Alabama,https://samfordsports.com,https://samfordsports.com/sports/womens-soccer,,https://samfordsports.com/sports/womens-soccer,Supplied research file (d1-other); links machine-checked to resolve (2026-10-09). Not otherwise verified.,official_university,no,Links only. Confirm against the official athletics site before marking verified.
SOCON_THE_CITADEL_WSOC,The Citadel,soccer,women,D1,South Carolina,https://citadelsports.com,https://citadelsports.com/sports/womens-soccer,,https://citadelsports.com/sports/womens-soccer,Supplied research file (d1-other); links machine-checked to resolve (2026-10-09). Not otherwise verified.,official_university,no,Links only. Confirm against the official athletics site before marking verified.
SOCON_UNC_GREENSBORO_WSOC,UNC Greensboro,soccer,women,D1,North Carolina,https://uncgspartans.com,https://uncgspartans.com/sports/womens-soccer,,https://uncgspartans.com/sports/womens-soccer,Supplied research file (d1-other); links machine-checked to resolve (2026-10-09). Not otherwise verified.,official_university,no,Links only. Confirm against the official athletics site before marking verified.
SOCON_VMI_WSOC,VMI,soccer,women,D1,Virginia,https://vmikeydets.com,https://vmikeydets.com/sports/womens-soccer,,https://vmikeydets.com/sports/womens-soccer,Supplied research file (d1-other); links machine-checked to resolve (2026-10-09). Not otherwise verified.,official_university,no,Links only. Confirm against the official athletics site before marking verified.
SOCON_WESTERN_CAROLINA_WSOC,Western Carolina,soccer,women,D1,North Carolina,https://catamountsports.com,https://catamountsports.com/sports/womens-soccer,,https://catamountsports.com/sports/womens-soccer,Supplied research file (d1-other); links machine-checked to resolve (2026-10-09). Not otherwise verified.,official_university,no,Links only. Confirm against the official athletics site before marking verified.
SOCON_WOFFORD_WSOC,Wofford,soccer,women,D1,South Carolina,https://woffordterriers.com,https://woffordterriers.com/sports/womens-soccer,https://terriersoccercamps.com,https://woffordterriers.com/sports/womens-soccer,Supplied research file (d1-other); links machine-checked to resolve (2026-10-09). Not otherwise verified.,official_university,no,Links only. Confirm against the official athletics site before marking verified.
SLND_HOUSTON_CHRISTIAN_WSOC,Houston Christian,soccer,women,D1,Texas,https://hcuhuskies.com,https://hcuhuskies.com/sports/womens-soccer,,https://hcuhuskies.com/sports/womens-soccer,Supplied research file (d1-other); links machine-checked to resolve (2026-10-09). Not otherwise verified.,official_university,no,Links only. Confirm against the official athletics site before marking verified.
SLND_INCARNATE_WORD_WSOC,Incarnate Word,soccer,women,D1,Texas,https://uiwcardinals.com,https://uiwcardinals.com/sports/womens-soccer,,https://uiwcardinals.com/sports/womens-soccer,Supplied research file (d1-other); links machine-checked to resolve (2026-10-09). Not otherwise verified.,official_university,no,Links only. Confirm against the official athletics site before marking verified.
SLND_LAMAR_WSOC,Lamar,soccer,women,D1,Texas,https://lamarcardinals.com,https://lamarcardinals.com/sports/womens-soccer,,https://lamarcardinals.com/sports/womens-soccer,Supplied research file (d1-other); links machine-checked to resolve (2026-10-09). Not otherwise verified.,official_university,no,Links only. Confirm against the official athletics site before marking verified.
SLND_MCNEESE_WSOC,McNeese,soccer,women,D1,Louisiana,https://mcneesesports.com,https://mcneesesports.com/sports/womens-soccer,,https://mcneesesports.com/sports/womens-soccer,Supplied research file (d1-other); links machine-checked to resolve (2026-10-09). Not otherwise verified.,official_university,no,Links only. Confirm against the official athletics site before marking verified.
SLND_NICHOLLS_WSOC,Nicholls,soccer,women,D1,Louisiana,https://geauxcolonels.com,https://geauxcolonels.com/sports/womens-soccer,,https://geauxcolonels.com/sports/womens-soccer,Supplied research file (d1-other); links machine-checked to resolve (2026-10-09). Not otherwise verified.,official_university,no,Links only. Confirm against the official athletics site before marking verified.
SLND_NORTHWESTERN_STATE_WSOC,Northwestern State,soccer,women,D1,Louisiana,https://nsudemons.com,https://nsudemons.com/sports/womens-soccer,,https://nsudemons.com/sports/womens-soccer,Supplied research file (d1-other); links machine-checked to resolve (2026-10-09). Not otherwise verified.,official_university,no,Links only. Confirm against the official athletics site before marking verified.
SLND_SOUTHEASTERN_LOUISIANA_WSOC,Southeastern Louisiana,soccer,women,D1,Louisiana,https://lionsports.net,https://lionsports.net/sports/womens-soccer,,https://lionsports.net/sports/womens-soccer,Supplied research file (d1-other); links machine-checked to resolve (2026-10-09). Not otherwise verified.,official_university,no,Links only. Confirm against the official athletics site before marking verified.
SLND_STEPHEN_F_AUSTIN_WSOC,Stephen F. Austin,soccer,women,D1,Texas,https://sfajacks.com,https://sfajacks.com/sports/womens-soccer,https://sfasoccercamps.com,https://sfajacks.com/sports/womens-soccer,Supplied research file (d1-other); links machine-checked to resolve (2026-10-09). Not otherwise verified.,official_university,no,Links only. Confirm against the official athletics site before marking verified.
SLND_EAST_TEXAS_A_AND_M_WSOC,|East Texas A&M,soccer,women,D1,Texas,https://lionathletics.com,https://lionathletics.com/sports/womens-soccer,,https://lionathletics.com/sports/womens-soccer,Supplied research file (d1-other); links machine-checked to resolve (2026-10-09). Not otherwise verified.,official_university,no,Links only. Confirm against the official athletics site before marking verified.
SLND_TEXAS_A_AND_M_CORPUS_CHRISTI_WSOC,Texas A&M–Corpus Christi,soccer,women,D1,Texas,https://goislanders.com,https://goislanders.com/sports/womens-soccer,,https://goislanders.com/sports/womens-soccer,Supplied research file (d1-other); links machine-checked to resolve (2026-10-09). Not otherwise verified.,official_university,no,Links only. Confirm against the official athletics site before marking verified.
SLND_UT_RIO_GRANDE_VALLEY_WSOC,UT Rio Grande Valley,soccer,women,D1,Texas,https://goutrgv.com,https://goutrgv.com/sports/womens-soccer,,https://goutrgv.com/sports/womens-soccer,Supplied research file (d1-other); links machine-checked to resolve (2026-10-09). Not otherwise verified.,official_university,no,Links only. Confirm against the official athletics site before marking verified.
SWAC_ALABAMA_A_AND_M_WSOC,Alabama A&M,soccer,women,D1,Alabama,https://aamusports.com,https://aamusports.com/sports/womens-soccer,,https://aamusports.com/sports/womens-soccer,Supplied research file (d1-other); links machine-checked to resolve (2026-10-09). Not otherwise verified.,official_university,no,Links only. Confirm against the official athletics site before marking verified.
SWAC_ALABAMA_STATE_WSOC,Alabama State,soccer,women,D1,Alabama,https://bamastatesports.com,https://bamastatesports.com/sports/womens-soccer,,https://bamastatesports.com/sports/womens-soccer,Supplied research file (d1-other); links machine-checked to resolve (2026-10-09). Not otherwise verified.,official_university,no,Links only. Confirm against the official athletics site before marking verified.
SWAC_ALCORN_STATE_WSOC,Alcorn State,soccer,women,D1,Mississippi,https://alcornsports.com,https://alcornsports.com/sports/womens-soccer,,https://alcornsports.com/sports/womens-soccer,Supplied research file (d1-other); links machine-checked to resolve (2026-10-09). Not otherwise verified.,official_university,no,Links only. Confirm against the official athletics site before marking verified.
SWAC_GRAMBLING_STATE_WSOC,Grambling State,soccer,women,D1,Louisiana,https://gsutigers.com,,,,Supplied research file (d1-other); links machine-checked to resolve (2026-10-09). Not otherwise verified.,,no,Links only. Confirm against the official athletics site before marking verified.
SWAC_JACKSON_STATE_WSOC,Jackson State,soccer,women,D1,Mississippi,https://gojsutigers.com,https://gojsutigers.com/sports/womens-soccer,,https://gojsutigers.com/sports/womens-soccer,Supplied research file (d1-other); links machine-checked to resolve (2026-10-09). Not otherwise verified.,official_university,no,Links only. Confirm against the official athletics site before marking verified.
SWAC_PRAIRIE_VIEW_A_AND_M_WSOC,Prairie View A&M,soccer,women,D1,Texas,https://pvpanthers.com,https://pvpanthers.com/sports/womens-soccer,,https://pvpanthers.com/sports/womens-soccer,Supplied research file (d1-other); links machine-checked to resolve (2026-10-09). Not otherwise verified.,official_university,no,Links only. Confirm against the official athletics site before marking verified.
SWAC_SOUTHERN_WSOC,Southern,soccer,women,D1,Louisiana,https://gojagsports.com,https://gojagsports.com/sports/womens-soccer,,https://gojagsports.com/sports/womens-soccer,Supplied research file (d1-other); links machine-checked to resolve (2026-10-09). Not otherwise verified.,official_university,no,Links only. Confirm against the official athletics site before marking verified.
SWAC_TEXAS_SOUTHERN_WSOC,Texas Southern,soccer,women,D1,Texas,https://tsusports.com,https://tsusports.com/sports/womens-soccer,https://tsusoccercamps.com,https://tsusports.com/sports/womens-soccer,Supplied research file (d1-other); links machine-checked to resolve (2026-10-09). Not otherwise verified.,official_university,no,Links only. Confirm against the official athletics site before marking verified.
SWAC_ARKANSAS_PINE_BLUFF_WSOC,Arkansas–Pine Bluff,soccer,women,D1,Arkansas,https://uapblionsroar.com,https://uapblionsroar.com/sports/womens-soccer,,https://uapblionsroar.com/sports/womens-soccer,Supplied research file (d1-other); links machine-checked to resolve (2026-10-09). Not otherwise verified.,official_university,no,Links only. Confirm against the official athletics site before marking verified.
WCC_DENVER_WSOC,Denver,soccer,women,D1,Colorado,https://denverpioneers.com,https://denverpioneers.com/sports/womens-soccer,,https://denverpioneers.com/sports/womens-soccer,Supplied research file (d1-other); links machine-checked to resolve (2026-10-09). Not otherwise verified.,official_university,no,Links only. Confirm against the official athletics site before marking verified.
SUM_KANSAS_CITY_WSOC,Kansas City,soccer,women,D1,Missouri,https://kcroos.com,https://kcroos.com/sports/womens-soccer,,https://kcroos.com/sports/womens-soccer,Supplied research file (d1-other); links machine-checked to resolve (2026-10-09). Not otherwise verified.,official_university,no,Links only. Confirm against the official athletics site before marking verified.
SUM_NORTH_DAKOTA_WSOC,North Dakota,soccer,women,D1,North Dakota,https://fightinghawks.com,https://fightinghawks.com/sports/womens-soccer,,https://fightinghawks.com/sports/womens-soccer,Supplied research file (d1-other); links machine-checked to resolve (2026-10-09). Not otherwise verified.,official_university,no,Links only. Confirm against the official athletics site before marking verified.
SUM_NORTH_DAKOTA_STATE_WSOC,North Dakota State,soccer,women,D1,North Dakota,https://gobison.com,https://gobison.com/sports/womens-soccer,https://bisonsoccercamps.com,https://gobison.com/sports/womens-soccer,Supplied research file (d1-other); links machine-checked to resolve (2026-10-09). Not otherwise verified.,official_university,no,Links only. Confirm against the official athletics site before marking verified.
SUM_OMAHA_WSOC,Omaha,soccer,women,D1,Nebraska,https://omavs.com,https://omavs.com/sports/womens-soccer,,https://omavs.com/sports/womens-soccer,Supplied research file (d1-other); links machine-checked to resolve (2026-10-09). Not otherwise verified.,official_university,no,Links only. Confirm against the official athletics site before marking verified.
SUM_ORAL_ROBERTS_WSOC,Oral Roberts,soccer,women,D1,Oklahoma,https://oruathletics.com,https://oruathletics.com/sports/womens-soccer,https://orusoccercamps.com,https://oruathletics.com/sports/womens-soccer,Supplied research file (d1-other); links machine-checked to resolve (2026-10-09). Not otherwise verified.,official_university,no,Links only. Confirm against the official athletics site before marking verified.
SUM_SOUTH_DAKOTA_WSOC,South Dakota,soccer,women,D1,South Dakota,https://goyotes.com,https://goyotes.com/sports/womens-soccer,,https://goyotes.com/sports/womens-soccer,Supplied research file (d1-other); links machine-checked to resolve (2026-10-09). Not otherwise verified.,official_university,no,Links only. Confirm against the official athletics site before marking verified.
SUM_SOUTH_DAKOTA_STATE_WSOC,South Dakota State,soccer,women,D1,South Dakota,https://gojacks.com,https://gojacks.com/sports/womens-soccer,https://jackrabbitsoccercamps.com,https://gojacks.com/sports/womens-soccer,Supplied research file (d1-other); links machine-checked to resolve (2026-10-09). Not otherwise verified.,official_university,no,Links only. Confirm against the official athletics site before marking verified.
SUM_ST_THOMAS_WSOC,St. Thomas,soccer,women,D1,Minnesota,https://tommiesports.com,https://tommiesports.com/sports/womens-soccer,,https://tommiesports.com/sports/womens-soccer,Supplied research file (d1-other); links machine-checked to resolve (2026-10-09). Not otherwise verified.,official_university,no,Links only. Confirm against the official athletics site before marking verified.
SB_APPALACHIAN_STATE_WSOC,Appalachian State,soccer,women,D1,North Carolina,https://appstatesports.com,https://appstatesports.com/sports/womens-soccer,,https://appstatesports.com/sports/womens-soccer,Supplied research file (d1-other); links machine-checked to resolve (2026-10-09). Not otherwise verified.,official_university,no,Links only. Confirm against the official athletics site before marking verified.
SB_ARKANSAS_STATE_WSOC,Arkansas State,soccer,women,D1,Arkansas,https://astateredwolves.com,https://astateredwolves.com/sports/womens-soccer,,https://astateredwolves.com/sports/womens-soccer,Supplied research file (d1-other); links machine-checked to resolve (2026-10-09). Not otherwise verified.,official_university,no,Links only. Confirm against the official athletics site before marking verified.
SB_COASTAL_CAROLINA_WSOC,Coastal Carolina,soccer,women,D1,South Carolina,https://goccusports.com,https://goccusports.com/sports/womens-soccer,https://coastalcarolinasoccercamps.com,https://goccusports.com/sports/womens-soccer,Supplied research file (d1-other); links machine-checked to resolve (2026-10-09). Not otherwise verified.,official_university,no,Links only. Confirm against the official athletics site before marking verified.
SB_GEORGIA_SOUTHERN_WSOC,Georgia Southern,soccer,women,D1,Georgia,https://gseagles.com,https://gseagles.com/sports/womens-soccer,,https://gseagles.com/sports/womens-soccer,Supplied research file (d1-other); links machine-checked to resolve (2026-10-09). Not otherwise verified.,official_university,no,Links only. Confirm against the official athletics site before marking verified.
SB_GEORGIA_STATE_WSOC,Georgia State,soccer,women,D1,Georgia,https://georgiastatesports.com,https://georgiastatesports.com/sports/womens-soccer,,https://georgiastatesports.com/sports/womens-soccer,Supplied research file (d1-other); links machine-checked to resolve (2026-10-09). Not otherwise verified.,official_university,no,Links only. Confirm against the official athletics site before marking verified.
SB_JAMES_MADISON_WSOC,James Madison,soccer,women,D1,Virginia,https://jmusports.com,https://jmusports.com/sports/womens-soccer,,https://jmusports.com/sports/womens-soccer,Supplied research file (d1-other); links machine-checked to resolve (2026-10-09). Not otherwise verified.,official_university,no,Links only. Confirm against the official athletics site before marking verified.
SB_LOUISIANA_WSOC,Louisiana,soccer,women,D1,Louisiana,https://ragincajuns.com,https://ragincajuns.com/sports/womens-soccer,,https://ragincajuns.com/sports/womens-soccer,Supplied research file (d1-other); links machine-checked to resolve (2026-10-09). Not otherwise verified.,official_university,no,Links only. Confirm against the official athletics site before marking verified.
SB_MARSHALL_WSOC,Marshall,soccer,women,D1,West Virginia,https://herdzone.com,https://herdzone.com/sports/womens-soccer,,https://herdzone.com/sports/womens-soccer,Supplied research file (d1-other); links machine-checked to resolve (2026-10-09). Not otherwise verified.,official_university,no,Links only. Confirm against the official athletics site before marking verified.
SB_OLD_DOMINION_WSOC,Old Dominion,soccer,women,D1,Virginia,https://odusports.com,https://odusports.com/sports/womens-soccer,,https://odusports.com/sports/womens-soccer,Supplied research file (d1-other); links machine-checked to resolve (2026-10-09). Not otherwise verified.,official_university,no,Links only. Confirm against the official athletics site before marking verified.
SB_SOUTH_ALABAMA_WSOC,South Alabama,soccer,women,D1,Alabama,https://usajaguars.com,https://usajaguars.com/sports/womens-soccer,,https://usajaguars.com/sports/womens-soccer,Supplied research file (d1-other); links machine-checked to resolve (2026-10-09). Not otherwise verified.,official_university,no,Links only. Confirm against the official athletics site before marking verified.
SB_SOUTHERN_MISS_WSOC,Southern Miss,soccer,women,D1,Mississippi,https://southernmiss.com,https://southernmiss.com/sports/womens-soccer,,https://southernmiss.com/sports/womens-soccer,Supplied research file (d1-other); links machine-checked to resolve (2026-10-09). Not otherwise verified.,official_university,no,Links only. Confirm against the official athletics site before marking verified.
PAC12_TEXAS_STATE_WSOC,Texas State,soccer,women,D1,Texas,https://txst.com,https://txst.com/sports/womens-soccer,,https://txst.com/sports/womens-soccer,Supplied research file (d1-other); links machine-checked to resolve (2026-10-09). Not otherwise verified.,official_university,no,Links only. Confirm against the official athletics site before marking verified.
SB_TROY_WSOC,Troy,soccer,women,D1,Alabama,https://troytrojans.com,https://troytrojans.com/sports/womens-soccer,,https://troytrojans.com/sports/womens-soccer,Supplied research file (d1-other); links machine-checked to resolve (2026-10-09). Not otherwise verified.,official_university,no,Links only. Confirm against the official athletics site before marking verified.
SB_LOUISIANA_MONROE_WSOC,Louisiana–Monroe,soccer,women,D1,Louisiana,https://ulmwarhawks.com,https://ulmwarhawks.com/sports/womens-soccer,,https://ulmwarhawks.com/sports/womens-soccer,Supplied research file (d1-other); links machine-checked to resolve (2026-10-09). Not otherwise verified.,official_university,no,Links only. Confirm against the official athletics site before marking verified.
PAC12_GONZAGA_WSOC,Gonzaga,soccer,women,D1,Washington,https://gozags.com,https://gozags.com/sports/womens-soccer,,https://gozags.com/sports/womens-soccer,Supplied research file (d1-other); links machine-checked to resolve (2026-10-09). Not otherwise verified.,official_university,no,Links only. Confirm against the official athletics site before marking verified.
PAC12_OREGON_STATE_WSOC,Oregon State,soccer,women,D1,Oregon,https://osubeavers.com,https://osubeavers.com/sports/womens-soccer,,https://osubeavers.com/sports/womens-soccer,Supplied research file (d1-other); links machine-checked to resolve (2026-10-09). Not otherwise verified.,official_university,no,Links only. Confirm against the official athletics site before marking verified.
WCC_PACIFIC_WSOC,Pacific,soccer,women,D1,California,https://pacifictigers.com,https://pacifictigers.com/sports/womens-soccer,,https://pacifictigers.com/sports/womens-soccer,Supplied research file (d1-other); links machine-checked to resolve (2026-10-09). Not otherwise verified.,official_university,no,Links only. Confirm against the official athletics site before marking verified.
WCC_PEPPERDINE_WSOC,Pepperdine,soccer,women,D1,California,https://pepperdinewaves.com,https://pepperdinewaves.com/sports/womens-soccer,,https://pepperdinewaves.com/sports/womens-soccer,Supplied research file (d1-other); links machine-checked to resolve (2026-10-09). Not otherwise verified.,official_university,no,Links only. Confirm against the official athletics site before marking verified.
WCC_PORTLAND_WSOC,Portland,soccer,women,D1,Oregon,https://portlandpilots.com,https://portlandpilots.com/sports/womens-soccer,https://portlandsoccercamp.com,https://portlandpilots.com/sports/womens-soccer,Supplied research file (d1-other); links machine-checked to resolve (2026-10-09). Not otherwise verified.,official_university,no,Links only. Confirm against the official athletics site before marking verified.
WCC_SAINT_MARY_S_WSOC,Saint Mary's,soccer,women,D1,California,https://smcgaels.com,https://smcgaels.com/sports/womens-soccer,,https://smcgaels.com/sports/womens-soccer,Supplied research file (d1-other); links machine-checked to resolve (2026-10-09). Not otherwise verified.,official_university,no,Links only. Confirm against the official athletics site before marking verified.
WCC_SAN_DIEGO_WSOC,San Diego,soccer,women,D1,California,https://usdtoreros.com,https://usdtoreros.com/sports/womens-soccer,,https://usdtoreros.com/sports/womens-soccer,Supplied research file (d1-other); links machine-checked to resolve (2026-10-09). Not otherwise verified.,official_university,no,Links only. Confirm against the official athletics site before marking verified.
WCC_SAN_FRANCISCO_WSOC,San Francisco,soccer,women,D1,California,https://usfdons.com,https://usfdons.com/sports/womens-soccer,,https://usfdons.com/sports/womens-soccer,Supplied research file (d1-other); links machine-checked to resolve (2026-10-09). Not otherwise verified.,official_university,no,Links only. Confirm against the official athletics site before marking verified.
WCC_SANTA_CLARA_WSOC,Santa Clara,soccer,women,D1,California,https://santaclarabroncos.com,https://santaclarabroncos.com/sports/womens-soccer,https://santaclarasoccercamps.com,https://santaclarabroncos.com/sports/womens-soccer,Supplied research file (d1-other); links machine-checked to resolve (2026-10-09). Not otherwise verified.,official_university,no,Links only. Confirm against the official athletics site before marking verified.
PAC12_WASHINGTON_STATE_WSOC,Washington State,soccer,women,D1,Washington,https://wsucougars.com,https://wsucougars.com/sports/womens-soccer,,https://wsucougars.com/sports/womens-soccer,Supplied research file (d1-other); links machine-checked to resolve (2026-10-09). Not otherwise verified.,official_university,no,Links only. Confirm against the official athletics site before marking verified.
UAC_ABILENE_CHRISTIAN_WSOC,Abilene Christian,soccer,women,D1,Texas,https://acusports.com,https://acusports.com/sports/womens-soccer,https://acusoccercamps.com,https://acusports.com/sports/womens-soccer,Supplied research file (d1-other); links machine-checked to resolve (2026-10-09). Not otherwise verified.,official_university,no,Links only. Confirm against the official athletics site before marking verified.
BW_CALIFORNIA_BAPTIST_WSOC,California Baptist,soccer,women,D1,California,https://cbulancers.com,https://cbulancers.com/sports/womens-soccer,,https://cbulancers.com/sports/womens-soccer,Supplied research file (d1-other); links machine-checked to resolve (2026-10-09). Not otherwise verified.,official_university,no,Links only. Confirm against the official athletics site before marking verified.
MW_GRAND_CANYON_WSOC,Grand Canyon,soccer,women,D1,Arizona,https://gculopes.com,https://gculopes.com/sports/womens-soccer,,https://gculopes.com/sports/womens-soccer,Supplied research file (d1-other); links machine-checked to resolve (2026-10-09). Not otherwise verified.,official_university,no,Links only. Confirm against the official athletics site before marking verified.
WCC_SEATTLE_WSOC,Seattle,soccer,women,D1,Washington,https://goseattleu.com,https://goseattleu.com/sports/womens-soccer,,https://goseattleu.com/sports/womens-soccer,Supplied research file (d1-other); links machine-checked to resolve (2026-10-09). Not otherwise verified.,official_university,no,Links only. Confirm against the official athletics site before marking verified.
BSKY_SOUTHERN_UTAH_WSOC,Southern Utah,soccer,women,D1,Utah,https://suutbirds.com,https://suutbirds.com/sports/womens-soccer,,https://suutbirds.com/sports/womens-soccer,Supplied research file (d1-other); links machine-checked to resolve (2026-10-09). Not otherwise verified.,official_university,no,Links only. Confirm against the official athletics site before marking verified.
UAC_TARLETON_STATE_WSOC,Tarleton State,soccer,women,D1,Texas,https://tarletonsports.com,https://tarletonsports.com/sports/womens-soccer,,https://tarletonsports.com/sports/womens-soccer,Supplied research file (d1-other); links machine-checked to resolve (2026-10-09). Not otherwise verified.,official_university,no,Links only. Confirm against the official athletics site before marking verified.
BSKY_UTAH_TECH_WSOC,Utah Tech,soccer,women,D1,Utah,https://utahtechtrailblazers.com,https://utahtechtrailblazers.com/sports/womens-soccer,,https://utahtechtrailblazers.com/sports/womens-soccer,Supplied research file (d1-other); links machine-checked to resolve (2026-10-09). Not otherwise verified.,official_university,no,Links only. Confirm against the official athletics site before marking verified.
BW_UTAH_VALLEY_WSOC,Utah Valley,soccer,women,D1,Utah,https://gouvu.com,https://gouvu.com/sports/womens-soccer,,https://gouvu.com/sports/womens-soccer,Supplied research file (d1-other); links machine-checked to resolve (2026-10-09). Not otherwise verified.,official_university,no,Links only. Confirm against the official athletics site before marking verified.
IND_SOUTH_CAROLINA_STATE_WSOC,South Carolina State,soccer,women,D1,South Carolina,https://scsuathletics.com,https://scsuathletics.com/sports/womens-soccer,,https://scsuathletics.com/sports/womens-soccer,Supplied research file (d1-other); links machine-checked to resolve (2026-10-09). Not otherwise verified.,official_university,no,Links only. Confirm against the official athletics site before marking verified.
