program_id,school_name,season,wins,losses,ties,conference_wins,conference_losses,conference_ties,conference,source_url,source_name,source_type,verified,last_verified_at,notes
CCAA_CALIFORNIA_STATE_POLYTECHNIC_UNIVERSITY_HUMBOLDT_C_WSOC,"California State Polytechnic University, Humboldt (Cal Poly Humboldt)",2023,13,5,2,6,4,1,,https://humboldtathletics.com/sports/womens-soccer/schedule/2023,"Official 2023 schedule/results page, read 2026-10-09",official_university,yes,2026-10-09,
CCAA_CALIFORNIA_STATE_POLYTECHNIC_UNIVERSITY_HUMBOLDT_C_WSOC,"California State Polytechnic University, Humboldt (Cal Poly Humboldt)",2024,8,8,3,5,4,2,,https://humboldtathletics.com/sports/womens-soccer/schedule/2024,"Official 2024 schedule/results page, read 2026-10-09",official_university,yes,2026-10-09,
CCAA_CALIFORNIA_STATE_POLYTECHNIC_UNIVERSITY_HUMBOLDT_C_WSOC,"California State Polytechnic University, Humboldt (Cal Poly Humboldt)",2025,8,6,8,4,2,5,,https://humboldtathletics.com/sports/womens-soccer/schedule/2025,"Official 2025 schedule/results page, read 2026-10-09",official_university,yes,2026-10-09,
CCAA_CALIFORNIA_STATE_POLYTECHNIC_UNIVERSITY_POMONA_CAL_WSOC,"California State Polytechnic University, Pomona (Cal Poly Pomona)",2023,11,5,3,8,2,1,,https://broncoathletics.com/sports/womens-soccer/schedule/2023,"Official 2023 schedule/results page, read 2026-10-09",official_university,yes,2026-10-09,
CCAA_CALIFORNIA_STATE_POLYTECHNIC_UNIVERSITY_POMONA_CAL_WSOC,"California State Polytechnic University, Pomona (Cal Poly Pomona)",2024,22,1,2,8,1,2,,https://broncoathletics.com/sports/womens-soccer/schedule/2024,"Official 2024 schedule/results page, read 2026-10-09",official_university,yes,2026-10-09,
CCAA_CALIFORNIA_STATE_POLYTECHNIC_UNIVERSITY_POMONA_CAL_WSOC,"California State Polytechnic University, Pomona (Cal Poly Pomona)",2025,18,3,3,7,1,3,,https://broncoathletics.com/sports/womens-soccer/schedule/2025,"Official 2025 schedule/results page, read 2026-10-09",official_university,yes,2026-10-09,
CCAA_CALIFORNIA_STATE_UNIVERSITY_SAN_MARCOS_WSOC,California State University San Marcos,2023,11,3,6,6,0,5,,https://csusmcougars.com/sports/womens-soccer/schedule/2023,"Official 2023 schedule/results page, read 2026-10-09",official_university,yes,2026-10-09,
CCAA_CALIFORNIA_STATE_UNIVERSITY_SAN_MARCOS_WSOC,California State University San Marcos,2024,7,6,5,4,5,2,,https://csusmcougars.com/sports/womens-soccer/schedule/2024,"Official 2024 schedule/results page, read 2026-10-09",official_university,yes,2026-10-09,
CCAA_CALIFORNIA_STATE_UNIVERSITY_SAN_MARCOS_WSOC,California State University San Marcos,2025,7,5,5,4,4,3,,https://csusmcougars.com/sports/womens-soccer/schedule/2025,"Official 2025 schedule/results page, read 2026-10-09",official_university,yes,2026-10-09,
CCAA_CALIFORNIA_STATE_UNIVERSITY_CHICO_CHICO_STATE_WSOC,"California State University, Chico (Chico State)",2023,11,7,1,6,4,1,,https://chicowildcats.com/sports/womens-soccer/schedule/2023,"Official 2023 schedule/results page, read 2026-10-09",official_university,yes,2026-10-09,
CCAA_CALIFORNIA_STATE_UNIVERSITY_CHICO_CHICO_STATE_WSOC,"California State University, Chico (Chico State)",2024,6,6,6,3,5,3,,https://chicowildcats.com/sports/womens-soccer/schedule/2024,"Official 2024 schedule/results page, read 2026-10-09",official_university,yes,2026-10-09,
CCAA_CALIFORNIA_STATE_UNIVERSITY_CHICO_CHICO_STATE_WSOC,"California State University, Chico (Chico State)",2025,10,6,4,7,2,2,,https://chicowildcats.com/sports/womens-soccer/schedule/2025,"Official 2025 schedule/results page, read 2026-10-09",official_university,yes,2026-10-09,
CCAA_CALIFORNIA_STATE_UNIVERSITY_DOMINGUEZ_HILLS_WSOC,"California State University, Dominguez Hills",2023,1,15,2,0,9,1,,https://gotoros.com/sports/womens-soccer/schedule/2023,"Official 2023 schedule/results page, read 2026-10-09",official_university,yes,2026-10-09,
CCAA_CALIFORNIA_STATE_UNIVERSITY_DOMINGUEZ_HILLS_WSOC,"California State University, Dominguez Hills",2024,5,6,6,3,3,5,,https://gotoros.com/sports/womens-soccer/schedule/2024,"Official 2024 schedule/results page, read 2026-10-09",official_university,yes,2026-10-09,
CCAA_CALIFORNIA_STATE_UNIVERSITY_DOMINGUEZ_HILLS_WSOC,"California State University, Dominguez Hills",2025,5,11,2,2,8,1,,https://gotoros.com/sports/womens-soccer/schedule/2025,"Official 2025 schedule/results page, read 2026-10-09",official_university,yes,2026-10-09,
CCAA_CALIFORNIA_STATE_UNIVERSITY_EAST_BAY_WSOC,"California State University, East Bay",2023,7,6,4,4,5,2,,https://eastbaypioneers.com/sports/womens-soccer/schedule/2023,"Official 2023 schedule/results page, read 2026-10-09",official_university,yes,2026-10-09,
CCAA_CALIFORNIA_STATE_UNIVERSITY_EAST_BAY_WSOC,"California State University, East Bay",2024,11,6,3,6,3,2,,https://eastbaypioneers.com/sports/womens-soccer/schedule/2024,"Official 2024 schedule/results page, read 2026-10-09",official_university,yes,2026-10-09,
CCAA_CALIFORNIA_STATE_UNIVERSITY_EAST_BAY_WSOC,"California State University, East Bay",2025,7,9,3,5,4,2,,https://eastbaypioneers.com/sports/womens-soccer/schedule/2025,"Official 2025 schedule/results page, read 2026-10-09",official_university,yes,2026-10-09,
CCAA_CALIFORNIA_STATE_UNIVERSITY_LOS_ANGELES_WSOC,"California State University, Los Angeles",2023,9,3,9,5,0,6,,https://lagoldeneagles.com/sports/womens-soccer/schedule/2023,"Official 2023 schedule/results page, read 2026-10-09",official_university,yes,2026-10-09,
CCAA_CALIFORNIA_STATE_UNIVERSITY_LOS_ANGELES_WSOC,"California State University, Los Angeles",2024,9,4,5,6,4,1,,https://lagoldeneagles.com/sports/womens-soccer/schedule/2024,"Official 2024 schedule/results page, read 2026-10-09",official_university,yes,2026-10-09,
CCAA_CALIFORNIA_STATE_UNIVERSITY_LOS_ANGELES_WSOC,"California State University, Los Angeles",2025,7,5,6,4,4,3,,https://lagoldeneagles.com/sports/womens-soccer/schedule/2025,"Official 2025 schedule/results page, read 2026-10-09",official_university,yes,2026-10-09,
CCAA_CALIFORNIA_STATE_UNIVERSITY_MONTEREY_BAY_WSOC,"California State University, Monterey Bay",2023,4,8,5,3,6,2,,https://otterathletics.com/sports/womens-soccer/schedule/2023,"Official 2023 schedule/results page, read 2026-10-09",official_university,yes,2026-10-09,
CCAA_CALIFORNIA_STATE_UNIVERSITY_MONTEREY_BAY_WSOC,"California State University, Monterey Bay",2024,7,4,8,4,2,5,,https://otterathletics.com/sports/womens-soccer/schedule/2024,"Official 2024 schedule/results page, read 2026-10-09",official_university,yes,2026-10-09,
CCAA_CALIFORNIA_STATE_UNIVERSITY_MONTEREY_BAY_WSOC,"California State University, Monterey Bay",2025,6,9,3,4,6,1,,https://otterathletics.com/sports/womens-soccer/schedule/2025,"Official 2025 schedule/results page, read 2026-10-09",official_university,yes,2026-10-09,
CCAA_CALIFORNIA_STATE_UNIVERSITY_SAN_BERNARDINO_WSOC,"California State University, San Bernardino",2023,8,6,4,5,3,3,,https://csusbathletics.com/sports/womens-soccer/schedule/2023,"Official 2023 schedule/results page, read 2026-10-09",official_university,yes,2026-10-09,
CCAA_CALIFORNIA_STATE_UNIVERSITY_SAN_BERNARDINO_WSOC,"California State University, San Bernardino",2024,5,6,6,4,4,3,,https://csusbathletics.com/sports/womens-soccer/schedule/2024,"Official 2024 schedule/results page, read 2026-10-09",official_university,yes,2026-10-09,
CCAA_CALIFORNIA_STATE_UNIVERSITY_SAN_BERNARDINO_WSOC,"California State University, San Bernardino",2025,8,6,5,6,3,2,,https://csusbathletics.com/sports/womens-soccer/schedule/2025,"Official 2025 schedule/results page, read 2026-10-09",official_university,yes,2026-10-09,
CCAA_CALIFORNIA_STATE_UNIVERSITY_STANISLAUS_WSOC,"California State University, Stanislaus",2023,8,6,5,5,2,4,,https://warriorathletics.com/sports/womens-soccer/schedule/2023,"Official 2023 schedule/results page, read 2026-10-09",official_university,yes,2026-10-09,
CCAA_CALIFORNIA_STATE_UNIVERSITY_STANISLAUS_WSOC,"California State University, Stanislaus",2024,10,8,2,6,5,0,,https://warriorathletics.com/sports/womens-soccer/schedule/2024,"Official 2024 schedule/results page, read 2026-10-09",official_university,yes,2026-10-09,
CCAA_CALIFORNIA_STATE_UNIVERSITY_STANISLAUS_WSOC,"California State University, Stanislaus",2025,11,5,4,6,3,2,,https://warriorathletics.com/sports/womens-soccer/schedule/2025,"Official 2025 schedule/results page, read 2026-10-09",official_university,yes,2026-10-09,
CCAA_FRESNO_PACIFIC_UNIVERSITY_WSOC,Fresno Pacific University,2023,2,13,2,1,7,2,,https://www.fpusunbirds.com/sports/womens-soccer/schedule/2023,"Official 2023 schedule/results page, read 2026-10-09",official_university,yes,2026-10-09,
CCAA_FRESNO_PACIFIC_UNIVERSITY_WSOC,Fresno Pacific University,2024,4,8,4,3,6,2,,https://www.fpusunbirds.com/sports/womens-soccer/schedule/2024,"Official 2024 schedule/results page, read 2026-10-09",official_university,yes,2026-10-09,
CCAA_FRESNO_PACIFIC_UNIVERSITY_WSOC,Fresno Pacific University,2025,4,8,5,3,3,4,,https://www.fpusunbirds.com/sports/womens-soccer/schedule/2025,"Official 2025 schedule/results page, read 2026-10-09",official_university,yes,2026-10-09,
CCAA_MENLO_COLLEGE_WSOC,Menlo College,2023,4,7,2,2,3,2,,https://menloathletics.com/sports/womens-soccer/schedule/2023,"Official 2023 schedule/results page, read 2026-10-09",official_university,yes,2026-10-09,
CCAA_MENLO_COLLEGE_WSOC,Menlo College,2024,3,11,2,2,8,1,,https://menloathletics.com/sports/womens-soccer/schedule/2024,"Official 2024 schedule/results page, read 2026-10-09",official_university,yes,2026-10-09,
CCAA_MENLO_COLLEGE_WSOC,Menlo College,2025,3,6,7,1,4,5,,https://menloathletics.com/sports/womens-soccer/schedule/2025,"Official 2025 schedule/results page, read 2026-10-09",official_university,yes,2026-10-09,
CCAA_SAN_FRANCISCO_STATE_UNIVERSITY_WSOC,San Francisco State University,2023,3,13,2,2,8,1,,https://sfstategators.com/sports/womens-soccer/schedule/2023,"Official 2023 schedule/results page, read 2026-10-09",official_university,yes,2026-10-09,
CCAA_SAN_FRANCISCO_STATE_UNIVERSITY_WSOC,San Francisco State University,2024,3,13,2,0,9,2,,https://sfstategators.com/sports/womens-soccer/schedule/2024,"Official 2024 schedule/results page, read 2026-10-09",official_university,yes,2026-10-09,
CCAA_SAN_FRANCISCO_STATE_UNIVERSITY_WSOC,San Francisco State University,2025,1,14,3,1,9,1,,https://sfstategators.com/sports/womens-soccer/schedule/2025,"Official 2025 schedule/results page, read 2026-10-09",official_university,yes,2026-10-09,
CACC_CALDWELL_UNIVERSITY_WSOC,Caldwell University,2023,7,4,5,5,1,5,,https://caldwellathletics.com/sports/womens-soccer/schedule/2023,"Official 2023 schedule/results page, read 2026-10-09",official_university,yes,2026-10-09,
CACC_CALDWELL_UNIVERSITY_WSOC,Caldwell University,2024,12,5,2,9,2,0,,https://caldwellathletics.com/sports/womens-soccer/schedule/2024,"Official 2024 schedule/results page, read 2026-10-09",official_university,yes,2026-10-09,
CACC_CALDWELL_UNIVERSITY_WSOC,Caldwell University,2025,13,3,4,8,1,2,,https://caldwellathletics.com/sports/womens-soccer/schedule/2025,"Official 2025 schedule/results page, read 2026-10-09",official_university,yes,2026-10-09,
CACC_FELICIAN_UNIVERSITY_WSOC,Felician University,2023,1,12,3,1,9,1,,https://felicianuathletics.com/sports/womens-soccer/schedule/2023,"Official 2023 schedule/results page, read 2026-10-09",official_university,yes,2026-10-09,
CACC_FELICIAN_UNIVERSITY_WSOC,Felician University,2024,2,12,3,2,9,0,,https://felicianuathletics.com/sports/womens-soccer/schedule/2024,"Official 2024 schedule/results page, read 2026-10-09",official_university,yes,2026-10-09,
CACC_FELICIAN_UNIVERSITY_WSOC,Felician University,2025,4,7,7,2,3,6,,https://felicianuathletics.com/sports/womens-soccer/schedule/2025,"Official 2025 schedule/results page, read 2026-10-09",official_university,yes,2026-10-09,
CACC_GEORGIAN_COURT_UNIVERSITY_WSOC,Georgian Court University,2023,6,7,6,4,2,5,,https://gculions.com/sports/womens-soccer/schedule/2023,"Official 2023 schedule/results page, read 2026-10-09",official_university,yes,2026-10-09,
CACC_GEORGIAN_COURT_UNIVERSITY_WSOC,Georgian Court University,2024,12,6,2,8,3,0,,https://gculions.com/sports/womens-soccer/schedule/2024,"Official 2024 schedule/results page, read 2026-10-09",official_university,yes,2026-10-09,
CACC_GEORGIAN_COURT_UNIVERSITY_WSOC,Georgian Court University,2025,6,10,1,5,5,1,,https://gculions.com/sports/womens-soccer/schedule/2025,"Official 2025 schedule/results page, read 2026-10-09",official_university,yes,2026-10-09,
CACC_GOLDEY_BEACOM_COLLEGE_WSOC,Goldey–Beacom College,2023,4,7,6,3,5,3,,https://www.gbcathletics.com/sports/womens-soccer/schedule/2023,"Official 2023 schedule/results page, read 2026-10-09",official_university,yes,2026-10-09,
CACC_GOLDEY_BEACOM_COLLEGE_WSOC,Goldey–Beacom College,2024,5,11,1,3,7,1,,https://www.gbcathletics.com/sports/womens-soccer/schedule/2024,"Official 2024 schedule/results page, read 2026-10-09",official_university,yes,2026-10-09,
CACC_GOLDEY_BEACOM_COLLEGE_WSOC,Goldey–Beacom College,2025,6,9,3,4,5,2,,https://www.gbcathletics.com/sports/womens-soccer/schedule/2025,"Official 2025 schedule/results page, read 2026-10-09",official_university,yes,2026-10-09,
CACC_HOLY_FAMILY_UNIVERSITY_WSOC,Holy Family University,2023,7,8,4,5,3,3,,https://athletics.holyfamily.edu/sports/womens-soccer/schedule/2023,"Official 2023 schedule/results page, read 2026-10-09",official_university,yes,2026-10-09,
CACC_HOLY_FAMILY_UNIVERSITY_WSOC,Holy Family University,2024,6,10,1,5,6,0,,https://athletics.holyfamily.edu/sports/womens-soccer/schedule/2024,"Official 2024 schedule/results page, read 2026-10-09",official_university,yes,2026-10-09,
CACC_HOLY_FAMILY_UNIVERSITY_WSOC,Holy Family University,2025,3,11,3,3,5,3,,https://athletics.holyfamily.edu/sports/womens-soccer/schedule/2025,"Official 2025 schedule/results page, read 2026-10-09",official_university,yes,2026-10-09,
CACC_LINCOLN_UNIVERSITY_PENNSYLVANIA_WSOC,Lincoln University (Pennsylvania),2023,1,11,2,0,8,0,,https://lulions.com/sports/womens-soccer/schedule/2023,"Official 2023 schedule/results page, read 2026-10-09",official_university,yes,2026-10-09,
CACC_LINCOLN_UNIVERSITY_PENNSYLVANIA_WSOC,Lincoln University (Pennsylvania),2024,3,12,0,0,11,0,,https://lulions.com/sports/womens-soccer/schedule/2024,"Official 2024 schedule/results page, read 2026-10-09",official_university,yes,2026-10-09,
CACC_LINCOLN_UNIVERSITY_PENNSYLVANIA_WSOC,Lincoln University (Pennsylvania),2025,0,15,1,0,11,0,,https://lulions.com/sports/womens-soccer/schedule/2025,"Official 2025 schedule/results page, read 2026-10-09",official_university,yes,2026-10-09,
CACC_POST_UNIVERSITY_WSOC,Post University,2023,4,9,3,2,6,3,,https://posteagles.com/sports/womens-soccer/schedule/2023,"Official 2023 schedule/results page, read 2026-10-09",official_university,yes,2026-10-09,
CACC_POST_UNIVERSITY_WSOC,Post University,2024,2,13,0,2,9,0,,https://posteagles.com/sports/womens-soccer/schedule/2024,"Official 2024 schedule/results page, read 2026-10-09",official_university,yes,2026-10-09,
CACC_POST_UNIVERSITY_WSOC,Post University,2025,1,13,2,1,8,2,,https://posteagles.com/sports/womens-soccer/schedule/2025,"Official 2025 schedule/results page, read 2026-10-09",official_university,yes,2026-10-09,
CACC_THOMAS_JEFFERSON_UNIVERSITY_JEFFERSON_WSOC,Thomas Jefferson University (Jefferson),2023,13,4,3,10,0,1,,https://jeffersonrams.com/sports/womens-soccer/schedule/2023,"Official 2023 schedule/results page, read 2026-10-09",official_university,yes,2026-10-09,
CACC_THOMAS_JEFFERSON_UNIVERSITY_JEFFERSON_WSOC,Thomas Jefferson University (Jefferson),2024,19,1,3,11,0,0,,https://jeffersonrams.com/sports/womens-soccer/schedule/2024,"Official 2024 schedule/results page, read 2026-10-09",official_university,yes,2026-10-09,
CACC_THOMAS_JEFFERSON_UNIVERSITY_JEFFERSON_WSOC,Thomas Jefferson University (Jefferson),2025,17,3,1,10,0,1,,https://jeffersonrams.com/sports/womens-soccer/schedule/2025,"Official 2025 schedule/results page, read 2026-10-09",official_university,yes,2026-10-09,
CAR_BARTON_COLLEGE_WSOC,Barton College,2023,7,6,5,4,4,4,,https://bartonbulldogs.com/sports/womens-soccer/schedule/2023,"Official 2023 schedule/results page, read 2026-10-09",official_university,yes,2026-10-09,
CAR_BARTON_COLLEGE_WSOC,Barton College,2024,5,8,5,2,6,4,,https://bartonbulldogs.com/sports/womens-soccer/schedule/2024,"Official 2024 schedule/results page, read 2026-10-09",official_university,yes,2026-10-09,
CAR_BARTON_COLLEGE_WSOC,Barton College,2025,4,11,1,3,9,1,,https://bartonbulldogs.com/sports/womens-soccer/schedule/2025,"Official 2025 schedule/results page, read 2026-10-09",official_university,yes,2026-10-09,
CAR_BELMONT_ABBEY_COLLEGE_WSOC,Belmont Abbey College,2023,11,3,4,8,1,3,,https://abbeyathletics.com/sports/womens-soccer/schedule/2023,"Official 2023 schedule/results page, read 2026-10-09",official_university,yes,2026-10-09,
CAR_BELMONT_ABBEY_COLLEGE_WSOC,Belmont Abbey College,2024,12,4,4,7,2,3,,https://abbeyathletics.com/sports/womens-soccer/schedule/2024,"Official 2024 schedule/results page, read 2026-10-09",official_university,yes,2026-10-09,
CAR_BELMONT_ABBEY_COLLEGE_WSOC,Belmont Abbey College,2025,16,5,1,11,1,1,,https://abbeyathletics.com/sports/womens-soccer/schedule/2025,"Official 2025 schedule/results page, read 2026-10-09",official_university,yes,2026-10-09,
CAR_CHOWAN_UNIVERSITY_WSOC,Chowan University,2023,3,7,5,3,4,5,,https://gocuhawks.com/sports/womens-soccer/schedule/2023,"Official 2023 schedule/results page, read 2026-10-09",official_university,yes,2026-10-09,
CAR_CHOWAN_UNIVERSITY_WSOC,Chowan University,2024,4,9,3,2,7,3,,https://gocuhawks.com/sports/womens-soccer/schedule/2024,"Official 2024 schedule/results page, read 2026-10-09",official_university,yes,2026-10-09,
CAR_CHOWAN_UNIVERSITY_WSOC,Chowan University,2025,7,9,1,7,5,1,,https://gocuhawks.com/sports/womens-soccer/schedule/2025,"Official 2025 schedule/results page, read 2026-10-09",official_university,yes,2026-10-09,
CAR_EMMANUEL_UNIVERSITY_WSOC,Emmanuel University,2023,5,10,1,5,6,1,,https://goeulions.com/sports/womens-soccer/schedule/2023,"Official 2023 schedule/results page, read 2026-10-09",official_university,yes,2026-10-09,
CAR_EMMANUEL_UNIVERSITY_WSOC,Emmanuel University,2024,5,10,2,5,5,2,,https://goeulions.com/sports/womens-soccer/schedule/2024,"Official 2024 schedule/results page, read 2026-10-09",official_university,yes,2026-10-09,
CAR_EMMANUEL_UNIVERSITY_WSOC,Emmanuel University,2025,6,7,4,6,4,3,,https://goeulions.com/sports/womens-soccer/schedule/2025,"Official 2025 schedule/results page, read 2026-10-09",official_university,yes,2026-10-09,
CAR_FRANCIS_MARION_UNIVERSITY_WSOC,Francis Marion University,2023,8,6,4,4,4,4,,https://fmupatriots.com/sports/womens-soccer/schedule/2023,"Official 2023 schedule/results page, read 2026-10-09",official_university,yes,2026-10-09,
CAR_FRANCIS_MARION_UNIVERSITY_WSOC,Francis Marion University,2024,12,3,4,8,1,3,,https://fmupatriots.com/sports/womens-soccer/schedule/2024,"Official 2024 schedule/results page, read 2026-10-09",official_university,yes,2026-10-09,
CAR_FRANCIS_MARION_UNIVERSITY_WSOC,Francis Marion University,2025,17,3,0,12,1,0,,https://fmupatriots.com/sports/womens-soccer/schedule/2025,"Official 2025 schedule/results page, read 2026-10-09",official_university,yes,2026-10-09,
CAR_KING_UNIVERSITY_WSOC,King University,2023,6,10,1,5,7,0,,https://kingtornado.com/sports/womens-soccer/schedule/2023,"Official 2023 schedule/results page, read 2026-10-09",official_university,yes,2026-10-09,
CAR_KING_UNIVERSITY_WSOC,King University,2024,2,10,3,2,7,3,,https://kingtornado.com/sports/womens-soccer/schedule/2024,"Official 2024 schedule/results page, read 2026-10-09",official_university,yes,2026-10-09,
CAR_KING_UNIVERSITY_WSOC,King University,2025,6,9,1,4,8,1,,https://kingtornado.com/sports/womens-soccer/schedule/2025,"Official 2025 schedule/results page, read 2026-10-09",official_university,yes,2026-10-09,
CAR_LEES_MCRAE_COLLEGE_WSOC,Lees–McRae College,2023,3,8,6,3,3,6,,https://lmcbobcats.com/sports/womens-soccer/schedule/2023,"Official 2023 schedule/results page, read 2026-10-09",official_university,yes,2026-10-09,
CAR_LEES_MCRAE_COLLEGE_WSOC,Lees–McRae College,2024,10,2,4,9,0,3,,https://lmcbobcats.com/sports/womens-soccer/schedule/2024,"Official 2024 schedule/results page, read 2026-10-09",official_university,yes,2026-10-09,
CAR_LEES_MCRAE_COLLEGE_WSOC,Lees–McRae College,2025,8,9,2,6,6,1,,https://lmcbobcats.com/sports/womens-soccer/schedule/2025,"Official 2025 schedule/results page, read 2026-10-09",official_university,yes,2026-10-09,
CAR_NORTH_GREENVILLE_UNIVERSITY_WSOC,North Greenville University,2023,11,5,2,9,1,2,,https://nguathletics.com/sports/womens-soccer/schedule/2023,"Official 2023 schedule/results page, read 2026-10-09",official_university,yes,2026-10-09,
CAR_NORTH_GREENVILLE_UNIVERSITY_WSOC,North Greenville University,2024,2,10,5,2,7,3,,https://nguathletics.com/sports/womens-soccer/schedule/2024,"Official 2024 schedule/results page, read 2026-10-09",official_university,yes,2026-10-09,
CAR_NORTH_GREENVILLE_UNIVERSITY_WSOC,North Greenville University,2025,5,10,3,5,5,3,,https://nguathletics.com/sports/womens-soccer/schedule/2025,"Official 2025 schedule/results page, read 2026-10-09",official_university,yes,2026-10-09,
CAR_SHORTER_UNIVERSITY_WSOC,Shorter University,2023,1,16,0,0,13,0,,https://goshorterhawks.com/sports/womens-soccer/schedule/2023,"Official 2023 schedule/results page, read 2026-10-09",official_university,yes,2026-10-09,
CAR_SHORTER_UNIVERSITY_WSOC,Shorter University,2024,1,14,1,0,11,1,,https://goshorterhawks.com/sports/womens-soccer/schedule/2024,"Official 2024 schedule/results page, read 2026-10-09",official_university,yes,2026-10-09,
CAR_SHORTER_UNIVERSITY_WSOC,Shorter University,2025,1,12,2,0,11,2,,https://goshorterhawks.com/sports/womens-soccer/schedule/2025,"Official 2025 schedule/results page, read 2026-10-09",official_university,yes,2026-10-09,
CAR_SOUTHERN_WESLEYAN_UNIVERSITY_WSOC,Southern Wesleyan University,2023,2,12,2,1,10,1,,https://swuathletics.com/sports/womens-soccer/schedule/2023,"Official 2023 schedule/results page, read 2026-10-09",official_university,yes,2026-10-09,
CAR_SOUTHERN_WESLEYAN_UNIVERSITY_WSOC,Southern Wesleyan University,2024,6,7,4,4,5,3,,https://swuathletics.com/sports/womens-soccer/schedule/2024,"Official 2024 schedule/results page, read 2026-10-09",official_university,yes,2026-10-09,
CAR_SOUTHERN_WESLEYAN_UNIVERSITY_WSOC,Southern Wesleyan University,2025,6,8,3,6,4,3,,https://swuathletics.com/sports/womens-soccer/schedule/2025,"Official 2025 schedule/results page, read 2026-10-09",official_university,yes,2026-10-09,
CAR_UNIVERSITY_OF_MOUNT_OLIVE_WSOC,University of Mount Olive,2023,6,5,7,4,3,5,,https://umotrojans.com/sports/womens-soccer/schedule/2023,"Official 2023 schedule/results page, read 2026-10-09",official_university,yes,2026-10-09,
CAR_UNIVERSITY_OF_MOUNT_OLIVE_WSOC,University of Mount Olive,2024,7,5,5,5,4,3,,https://umotrojans.com/sports/womens-soccer/schedule/2024,"Official 2024 schedule/results page, read 2026-10-09",official_university,yes,2026-10-09,
CAR_UNIVERSITY_OF_MOUNT_OLIVE_WSOC,University of Mount Olive,2025,5,11,3,2,8,3,,https://umotrojans.com/sports/womens-soccer/schedule/2025,"Official 2025 schedule/results page, read 2026-10-09",official_university,yes,2026-10-09,
CAR_YOUNG_HARRIS_COLLEGE_WSOC,Young Harris College,2023,9,6,4,8,4,0,,https://yhcathletics.com/sports/womens-soccer/schedule/2023,"Official 2023 schedule/results page, read 2026-10-09",official_university,yes,2026-10-09,
CAR_YOUNG_HARRIS_COLLEGE_WSOC,Young Harris College,2024,9,6,3,8,1,3,,https://yhcathletics.com/sports/womens-soccer/schedule/2024,"Official 2024 schedule/results page, read 2026-10-09",official_university,yes,2026-10-09,
CAR_YOUNG_HARRIS_COLLEGE_WSOC,Young Harris College,2025,11,6,3,8,2,3,,https://yhcathletics.com/sports/womens-soccer/schedule/2025,"Official 2025 schedule/results page, read 2026-10-09",official_university,yes,2026-10-09,
ECC_COLLEGE_OF_STATEN_ISLAND_WSOC,College of Staten Island,2023,4,7,4,2,5,1,,https://csidolphins.com/sports/womens-soccer/schedule/2023,"Official 2023 schedule/results page, read 2026-10-09",official_university,yes,2026-10-09,
ECC_COLLEGE_OF_STATEN_ISLAND_WSOC,College of Staten Island,2024,0,12,3,0,6,1,,https://csidolphins.com/sports/womens-soccer/schedule/2024,"Official 2024 schedule/results page, read 2026-10-09",official_university,yes,2026-10-09,
ECC_COLLEGE_OF_STATEN_ISLAND_WSOC,College of Staten Island,2025,3,11,2,1,5,1,,https://csidolphins.com/sports/womens-soccer/schedule/2025,"Official 2025 schedule/results page, read 2026-10-09",official_university,yes,2026-10-09,
ECC_D_YOUVILLE_UNIVERSITY_WSOC,D'Youville University,2023,4,9,3,3,4,1,,https://dyusaints.com/sports/womens-soccer/schedule/2023,"Official 2023 schedule/results page, read 2026-10-09",official_university,yes,2026-10-09,
ECC_D_YOUVILLE_UNIVERSITY_WSOC,D'Youville University,2024,1,12,2,1,6,0,,https://dyusaints.com/sports/womens-soccer/schedule/2024,"Official 2024 schedule/results page, read 2026-10-09",official_university,yes,2026-10-09,
ECC_D_YOUVILLE_UNIVERSITY_WSOC,D'Youville University,2025,2,11,3,1,5,1,,https://dyusaints.com/sports/womens-soccer/schedule/2025,"Official 2025 schedule/results page, read 2026-10-09",official_university,yes,2026-10-09,
ECC_DAEMEN_UNIVERSITY_WSOC,Daemen University,2023,6,1,1,6,3,1,,https://daemenwildcats.com/sports/womens-soccer/schedule/2023,"Official 2023 schedule/results page, read 2026-10-09",official_university,yes,2026-10-09,
ECC_DAEMEN_UNIVERSITY_WSOC,Daemen University,2024,6,1,0,5,2,0,,https://daemenwildcats.com/sports/womens-soccer/schedule/2024,"Official 2024 schedule/results page, read 2026-10-09",official_university,yes,2026-10-09,
ECC_DAEMEN_UNIVERSITY_WSOC,Daemen University,2025,4,2,1,8,3,0,,https://daemenwildcats.com/sports/womens-soccer/schedule/2025,"Official 2025 schedule/results page, read 2026-10-09",official_university,yes,2026-10-09,
ECC_MOLLOY_UNIVERSITY_WSOC,Molloy University,2023,12,5,5,4,2,2,,https://molloylions.com/sports/womens-soccer/schedule/2023,"Official 2023 schedule/results page, read 2026-10-09",official_university,yes,2026-10-09,
ECC_MOLLOY_UNIVERSITY_WSOC,Molloy University,2024,12,5,2,7,0,0,,https://molloylions.com/sports/womens-soccer/schedule/2024,"Official 2024 schedule/results page, read 2026-10-09",official_university,yes,2026-10-09,
ECC_MOLLOY_UNIVERSITY_WSOC,Molloy University,2025,11,3,4,4,0,3,,https://molloylions.com/sports/womens-soccer/schedule/2025,"Official 2025 schedule/results page, read 2026-10-09",official_university,yes,2026-10-09,
ECC_QUEENS_COLLEGE_WSOC,Queens College,2023,6,7,4,3,3,2,,https://queensknights.com/sports/womens-soccer/schedule/2023,"Official 2023 schedule/results page, read 2026-10-09",official_university,yes,2026-10-09,
ECC_QUEENS_COLLEGE_WSOC,Queens College,2024,10,7,1,4,3,0,,https://queensknights.com/sports/womens-soccer/schedule/2024,"Official 2024 schedule/results page, read 2026-10-09",official_university,yes,2026-10-09,
ECC_QUEENS_COLLEGE_WSOC,Queens College,2025,2,9,6,1,3,3,,https://queensknights.com/sports/womens-soccer/schedule/2025,"Official 2025 schedule/results page, read 2026-10-09",official_university,yes,2026-10-09,
ECC_ROBERTS_WESLEYAN_UNIVERSITY_WSOC,Roberts Wesleyan University,2023,10,3,3,6,0,2,,https://robertsredhawks.com/sports/womens-soccer/schedule/2023,"Official 2023 schedule/results page, read 2026-10-09",official_university,yes,2026-10-09,
ECC_ROBERTS_WESLEYAN_UNIVERSITY_WSOC,Roberts Wesleyan University,2024,5,10,1,3,4,0,,https://robertsredhawks.com/sports/womens-soccer/schedule/2024,"Official 2024 schedule/results page, read 2026-10-09",official_university,yes,2026-10-09,
ECC_ROBERTS_WESLEYAN_UNIVERSITY_WSOC,Roberts Wesleyan University,2025,11,3,5,4,1,2,,https://robertsredhawks.com/sports/womens-soccer/schedule/2025,"Official 2025 schedule/results page, read 2026-10-09",official_university,yes,2026-10-09,
GLIAC_DAVENPORT_UNIVERSITY_WSOC,Davenport University,2023,5,7,6,2,6,6,,https://dupanthers.com/sports/womens-soccer/schedule/2023,"Official 2023 schedule/results page, read 2026-10-09",official_university,yes,2026-10-09,
GLIAC_DAVENPORT_UNIVERSITY_WSOC,Davenport University,2024,8,4,8,5,2,7,,https://dupanthers.com/sports/womens-soccer/schedule/2024,"Official 2024 schedule/results page, read 2026-10-09",official_university,yes,2026-10-09,
GLIAC_DAVENPORT_UNIVERSITY_WSOC,Davenport University,2025,4,12,3,4,9,1,,https://dupanthers.com/sports/womens-soccer/schedule/2025,"Official 2025 schedule/results page, read 2026-10-09",official_university,yes,2026-10-09,
GLIAC_GRAND_VALLEY_STATE_UNIVERSITY_WSOC,Grand Valley State University,2023,14,4,6,8,1,5,,https://gvsulakers.com/sports/womens-soccer/schedule/2023,"Official 2023 schedule/results page, read 2026-10-09",official_university,yes,2026-10-09,
GLIAC_GRAND_VALLEY_STATE_UNIVERSITY_WSOC,Grand Valley State University,2024,15,1,8,8,1,5,,https://gvsulakers.com/sports/womens-soccer/schedule/2024,"Official 2024 schedule/results page, read 2026-10-09",official_university,yes,2026-10-09,
GLIAC_GRAND_VALLEY_STATE_UNIVERSITY_WSOC,Grand Valley State University,2025,19,2,1,13,1,0,,https://gvsulakers.com/sports/womens-soccer/schedule/2025,"Official 2025 schedule/results page, read 2026-10-09",official_university,yes,2026-10-09,
GLIAC_MICHIGAN_TECHNOLOGICAL_UNIVERSITY_WSOC,Michigan Technological University,2023,8,5,7,7,2,5,,https://michigantechhuskies.com/sports/womens-soccer/schedule/2023-24,"Official 2023 schedule/results page, read 2026-10-09",official_university,yes,2026-10-09,
GLIAC_MICHIGAN_TECHNOLOGICAL_UNIVERSITY_WSOC,Michigan Technological University,2024,6,11,1,4,9,1,,https://michigantechhuskies.com/sports/womens-soccer/schedule/2024,"Official 2024 schedule/results page, read 2026-10-09",official_university,yes,2026-10-09,
GLIAC_MICHIGAN_TECHNOLOGICAL_UNIVERSITY_WSOC,Michigan Technological University,2025,2,15,1,2,11,1,,https://michigantechhuskies.com/sports/womens-soccer/schedule/2025,"Official 2025 schedule/results page, read 2026-10-09",official_university,yes,2026-10-09,
GLIAC_NORTHERN_MICHIGAN_UNIVERSITY_WSOC,Northern Michigan University,2023,16,2,4,9,1,4,,https://nmuwildcats.com/sports/womens-soccer/schedule/2023,"Official 2023 schedule/results page, read 2026-10-09",official_university,yes,2026-10-09,
GLIAC_NORTHERN_MICHIGAN_UNIVERSITY_WSOC,Northern Michigan University,2024,14,4,4,9,2,3,,https://nmuwildcats.com/sports/womens-soccer/schedule/2024,"Official 2024 schedule/results page, read 2026-10-09",official_university,yes,2026-10-09,
GLIAC_NORTHERN_MICHIGAN_UNIVERSITY_WSOC,Northern Michigan University,2025,7,8,5,6,6,2,,https://nmuwildcats.com/sports/womens-soccer/schedule/2025,"Official 2025 schedule/results page, read 2026-10-09",official_university,yes,2026-10-09,
GLIAC_PURDUE_UNIVERSITY_NORTHWEST_WSOC,Purdue University Northwest,2023,2,14,3,0,12,2,,https://pnwathletics.com/sports/womens-soccer/schedule/2023,"Official 2023 schedule/results page, read 2026-10-09",official_university,yes,2026-10-09,
GLIAC_PURDUE_UNIVERSITY_NORTHWEST_WSOC,Purdue University Northwest,2024,7,7,5,4,6,4,,https://pnwathletics.com/sports/womens-soccer/schedule/2024,"Official 2024 schedule/results page, read 2026-10-09",official_university,yes,2026-10-09,
GLIAC_PURDUE_UNIVERSITY_NORTHWEST_WSOC,Purdue University Northwest,2025,6,11,2,4,10,0,,https://pnwathletics.com/sports/womens-soccer/schedule/2025,"Official 2025 schedule/results page, read 2026-10-09",official_university,yes,2026-10-09,
GLIAC_ROOSEVELT_UNIVERSITY_WSOC,Roosevelt University,2023,6,10,0,4,7,0,,https://rooseveltlakers.com/sports/womens-soccer/schedule/2023,"Official 2023 schedule/results page, read 2026-10-09",official_university,yes,2026-10-09,
GLIAC_ROOSEVELT_UNIVERSITY_WSOC,Roosevelt University,2024,0,13,4,0,12,2,,https://rooseveltlakers.com/sports/womens-soccer/schedule/2024,"Official 2024 schedule/results page, read 2026-10-09",official_university,yes,2026-10-09,
GLIAC_ROOSEVELT_UNIVERSITY_WSOC,Roosevelt University,2025,5,12,1,3,10,1,,https://rooseveltlakers.com/sports/womens-soccer/schedule/2025,"Official 2025 schedule/results page, read 2026-10-09",official_university,yes,2026-10-09,
GLIAC_SAGINAW_VALLEY_STATE_UNIVERSITY_WSOC,Saginaw Valley State University,2023,9,5,5,6,3,5,,https://svsucardinals.com/sports/womens-soccer/schedule/2023,"Official 2023 schedule/results page, read 2026-10-09",official_university,yes,2026-10-09,
GLIAC_SAGINAW_VALLEY_STATE_UNIVERSITY_WSOC,Saginaw Valley State University,2024,9,6,6,6,3,5,,https://svsucardinals.com/sports/womens-soccer/schedule/2024,"Official 2024 schedule/results page, read 2026-10-09",official_university,yes,2026-10-09,
GLIAC_SAGINAW_VALLEY_STATE_UNIVERSITY_WSOC,Saginaw Valley State University,2025,13,6,2,9,4,1,,https://svsucardinals.com/sports/womens-soccer/schedule/2025,"Official 2025 schedule/results page, read 2026-10-09",official_university,yes,2026-10-09,
GLIAC_UNIVERSITY_OF_WISCONSIN_PARKSIDE_WSOC,University of Wisconsin–Parkside,2023,8,8,4,3,7,4,,https://parksiderangers.com/sports/womens-soccer/schedule/2023,"Official 2023 schedule/results page, read 2026-10-09",official_university,yes,2026-10-09,
GLIAC_UNIVERSITY_OF_WISCONSIN_PARKSIDE_WSOC,University of Wisconsin–Parkside,2024,5,9,5,3,6,5,,https://parksiderangers.com/sports/womens-soccer/schedule/2024,"Official 2024 schedule/results page, read 2026-10-09",official_university,yes,2026-10-09,
GLIAC_UNIVERSITY_OF_WISCONSIN_PARKSIDE_WSOC,University of Wisconsin–Parkside,2025,10,8,2,9,4,1,,https://parksiderangers.com/sports/womens-soccer/schedule/2025,"Official 2025 schedule/results page, read 2026-10-09",official_university,yes,2026-10-09,
GLVC_DRURY_UNIVERSITY_WSOC,Drury University,2023,12,4,3,9,2,2,,https://drurypanthers.com/sports/womens-soccer/schedule/2023,"Official 2023 schedule/results page, read 2026-10-09",official_university,yes,2026-10-09,
GLVC_DRURY_UNIVERSITY_WSOC,Drury University,2024,16,3,4,11,1,2,,https://drurypanthers.com/sports/womens-soccer/schedule/2024,"Official 2024 schedule/results page, read 2026-10-09",official_university,yes,2026-10-09,
GLVC_DRURY_UNIVERSITY_WSOC,Drury University,2025,10,3,8,8,1,5,,https://drurypanthers.com/sports/womens-soccer/schedule/2025,"Official 2025 schedule/results page, read 2026-10-09",official_university,yes,2026-10-09,
GLVC_LEWIS_UNIVERSITY_WSOC,Lewis University,2023,9,6,6,7,2,4,,https://lewisflyers.com/sports/womens-soccer/schedule/2023,"Official 2023 schedule/results page, read 2026-10-09",official_university,yes,2026-10-09,
GLVC_LEWIS_UNIVERSITY_WSOC,Lewis University,2024,3,13,1,3,11,0,,https://lewisflyers.com/sports/womens-soccer/schedule/2024,"Official 2024 schedule/results page, read 2026-10-09",official_university,yes,2026-10-09,
GLVC_LEWIS_UNIVERSITY_WSOC,Lewis University,2025,7,6,5,6,5,3,,https://lewisflyers.com/sports/womens-soccer/schedule/2025,"Official 2025 schedule/results page, read 2026-10-09",official_university,yes,2026-10-09,
GLVC_MARYVILLE_UNIVERSITY_WSOC,Maryville University,2023,14,3,4,10,1,2,,https://maryvillesaints.com/sports/womens-soccer/schedule/2023,"Official 2023 schedule/results page, read 2026-10-09",official_university,yes,2026-10-09,
GLVC_MARYVILLE_UNIVERSITY_WSOC,Maryville University,2024,16,1,3,13,0,1,,https://maryvillesaints.com/sports/womens-soccer/schedule/2024,"Official 2024 schedule/results page, read 2026-10-09",official_university,yes,2026-10-09,
GLVC_MARYVILLE_UNIVERSITY_WSOC,Maryville University,2025,13,3,6,9,1,4,,https://maryvillesaints.com/sports/womens-soccer/schedule/2025,"Official 2025 schedule/results page, read 2026-10-09",official_university,yes,2026-10-09,
GLVC_MCKENDREE_UNIVERSITY_WSOC,McKendree University,2023,16,2,3,9,1,3,,https://mckbearcats.com/sports/womens-soccer/schedule/2023,"Official 2023 schedule/results page, read 2026-10-09",official_university,yes,2026-10-09,
GLVC_MCKENDREE_UNIVERSITY_WSOC,McKendree University,2024,16,5,1,10,3,1,,https://mckbearcats.com/sports/womens-soccer/schedule/2024,"Official 2024 schedule/results page, read 2026-10-09",official_university,yes,2026-10-09,
GLVC_MCKENDREE_UNIVERSITY_WSOC,McKendree University,2025,13,2,6,11,1,2,,https://mckbearcats.com/sports/womens-soccer/schedule/2025,"Official 2025 schedule/results page, read 2026-10-09",official_university,yes,2026-10-09,
GLVC_MISSOURI_UNIVERSITY_OF_SCIENCE_AND_TECHNOLOGY_WSOC,Missouri University of Science and Technology,2023,6,8,3,5,7,1,,https://minerathletics.com/sports/womens-soccer/schedule/2023,"Official 2023 schedule/results page, read 2026-10-09",official_university,yes,2026-10-09,
GLVC_MISSOURI_UNIVERSITY_OF_SCIENCE_AND_TECHNOLOGY_WSOC,Missouri University of Science and Technology,2024,4,11,2,4,8,2,,https://minerathletics.com/sports/womens-soccer/schedule/2024,"Official 2024 schedule/results page, read 2026-10-09",official_university,yes,2026-10-09,
GLVC_MISSOURI_UNIVERSITY_OF_SCIENCE_AND_TECHNOLOGY_WSOC,Missouri University of Science and Technology,2025,9,6,4,6,5,4,,https://minerathletics.com/sports/womens-soccer/schedule/2025,"Official 2025 schedule/results page, read 2026-10-09",official_university,yes,2026-10-09,
GLVC_QUINCY_UNIVERSITY_WSOC,Quincy University,2023,4,10,3,4,7,2,,https://quhawks.com/sports/womens-soccer/schedule/2023,"Official 2023 schedule/results page, read 2026-10-09",official_university,yes,2026-10-09,
GLVC_QUINCY_UNIVERSITY_WSOC,Quincy University,2024,4,10,3,4,7,3,,https://quhawks.com/sports/womens-soccer/schedule/2024,"Official 2024 schedule/results page, read 2026-10-09",official_university,yes,2026-10-09,
GLVC_QUINCY_UNIVERSITY_WSOC,Quincy University,2025,10,4,4,9,2,3,,https://quhawks.com/sports/womens-soccer/schedule/2025,"Official 2025 schedule/results page, read 2026-10-09",official_university,yes,2026-10-09,
GLVC_ROCKHURST_UNIVERSITY_WSOC,Rockhurst University,2023,8,6,4,6,4,3,,https://rockhursthawks.com/sports/womens-soccer/schedule/2023,"Official 2023 schedule/results page, read 2026-10-09",official_university,yes,2026-10-09,
GLVC_ROCKHURST_UNIVERSITY_WSOC,Rockhurst University,2024,12,6,1,10,3,1,,https://rockhursthawks.com/sports/womens-soccer/schedule/2024,"Official 2024 schedule/results page, read 2026-10-09",official_university,yes,2026-10-09,
GLVC_ROCKHURST_UNIVERSITY_WSOC,Rockhurst University,2025,8,6,4,7,4,3,,https://rockhursthawks.com/sports/womens-soccer/schedule/2025,"Official 2025 schedule/results page, read 2026-10-09",official_university,yes,2026-10-09,
GLVC_SOUTHWEST_BAPTIST_UNIVERSITY_WSOC,Southwest Baptist University,2023,4,11,3,2,9,2,,https://www.sbubearcats.com/sports/womens-soccer/schedule/2023-24,"Official 2023 schedule/results page, read 2026-10-09",official_university,yes,2026-10-09,
GLVC_SOUTHWEST_BAPTIST_UNIVERSITY_WSOC,Southwest Baptist University,2024,5,6,2,3,5,1,,https://www.sbubearcats.com/sports/womens-soccer/schedule,"Official 2024 schedule/results page, read 2026-10-09",official_university,yes,2026-10-09,
GLVC_SOUTHWEST_BAPTIST_UNIVERSITY_WSOC,Southwest Baptist University,2025,3,12,3,1,10,3,,https://www.sbubearcats.com/sports/womens-soccer/schedule/2025,"Official 2025 schedule/results page, read 2026-10-09",official_university,yes,2026-10-09,
GLVC_TRUMAN_STATE_UNIVERSITY_TRUMAN_WSOC,Truman State University (Truman),2023,4,8,5,3,6,3,,https://trumanbulldogs.com/sports/womens-soccer/schedule/2023,"Official 2023 schedule/results page, read 2026-10-09",official_university,yes,2026-10-09,
GLVC_TRUMAN_STATE_UNIVERSITY_TRUMAN_WSOC,Truman State University (Truman),2024,5,9,4,4,7,3,,https://trumanbulldogs.com/sports/womens-soccer/schedule/2024,"Official 2024 schedule/results page, read 2026-10-09",official_university,yes,2026-10-09,
GLVC_TRUMAN_STATE_UNIVERSITY_TRUMAN_WSOC,Truman State University (Truman),2025,5,6,5,5,5,4,,https://trumanbulldogs.com/sports/womens-soccer/schedule/2025,"Official 2025 schedule/results page, read 2026-10-09",official_university,yes,2026-10-09,
GLVC_UNIVERSITY_OF_INDIANAPOLIS_WSOC,University of Indianapolis,2023,4,8,5,3,6,4,,https://athletics.uindy.edu/sports/womens-soccer/schedule/2023,"Official 2023 schedule/results page, read 2026-10-09",official_university,yes,2026-10-09,
GLVC_UNIVERSITY_OF_INDIANAPOLIS_WSOC,University of Indianapolis,2024,8,9,1,7,6,1,,https://athletics.uindy.edu/sports/womens-soccer/schedule/2024,"Official 2024 schedule/results page, read 2026-10-09",official_university,yes,2026-10-09,
GLVC_UNIVERSITY_OF_INDIANAPOLIS_WSOC,University of Indianapolis,2025,1,11,4,1,10,3,,https://athletics.uindy.edu/sports/womens-soccer/schedule/2025,"Official 2025 schedule/results page, read 2026-10-09",official_university,yes,2026-10-09,
GLVC_UNIVERSITY_OF_MISSOURI_ST_LOUIS_WSOC,University of Missouri–St. Louis,2023,8,6,3,7,4,1,,https://umsltritons.com/sports/womens-soccer/schedule/2023,"Official 2023 schedule/results page, read 2026-10-09",official_university,yes,2026-10-09,
GLVC_UNIVERSITY_OF_MISSOURI_ST_LOUIS_WSOC,University of Missouri–St. Louis,2024,14,4,3,9,3,2,,https://umsltritons.com/sports/womens-soccer/schedule/2024,"Official 2024 schedule/results page, read 2026-10-09",official_university,yes,2026-10-09,
GLVC_UNIVERSITY_OF_MISSOURI_ST_LOUIS_WSOC,University of Missouri–St. Louis,2025,15,5,2,11,1,2,,https://umsltritons.com/sports/womens-soccer/schedule/2025,"Official 2025 schedule/results page, read 2026-10-09",official_university,yes,2026-10-09,
GLVC_UPPER_IOWA_UNIVERSITY_WSOC,Upper Iowa University,2023,2,13,2,1,10,2,,https://uiupeacocks.com/sports/womens-soccer/schedule/2023,"Official 2023 schedule/results page, read 2026-10-09",official_university,yes,2026-10-09,
GLVC_UPPER_IOWA_UNIVERSITY_WSOC,Upper Iowa University,2024,4,8,4,4,7,3,,https://uiupeacocks.com/sports/womens-soccer/schedule/2024,"Official 2024 schedule/results page, read 2026-10-09",official_university,yes,2026-10-09,
GLVC_UPPER_IOWA_UNIVERSITY_WSOC,Upper Iowa University,2025,4,12,2,2,11,1,,https://uiupeacocks.com/sports/womens-soccer/schedule/2025,"Official 2025 schedule/results page, read 2026-10-09",official_university,yes,2026-10-09,
GLVC_WILLIAM_JEWELL_COLLEGE_WSOC,William Jewell College,2023,1,14,1,1,11,1,,https://jewellcardinals.com/sports/womens-soccer/schedule/2023,"Official 2023 schedule/results page, read 2026-10-09",official_university,yes,2026-10-09,
GLVC_WILLIAM_JEWELL_COLLEGE_WSOC,William Jewell College,2024,4,11,2,3,9,2,,https://jewellcardinals.com/sports/womens-soccer/schedule/2024,"Official 2024 schedule/results page, read 2026-10-09",official_university,yes,2026-10-09,
GLVC_WILLIAM_JEWELL_COLLEGE_WSOC,William Jewell College,2025,2,11,4,2,9,3,,https://jewellcardinals.com/sports/womens-soccer/schedule/2025,"Official 2025 schedule/results page, read 2026-10-09",official_university,yes,2026-10-09,
GMAC_ASHLAND_UNIVERSITY_WSOC,Ashland University,2023,19,1,4,11,0,3,,https://goashlandeagles.com/sports/womens-soccer/schedule/2023,"Official 2023 schedule/results page, read 2026-10-09",official_university,yes,2026-10-09,
GMAC_ASHLAND_UNIVERSITY_WSOC,Ashland University,2024,17,2,2,12,0,2,,https://goashlandeagles.com/sports/womens-soccer/schedule/2024,"Official 2024 schedule/results page, read 2026-10-09",official_university,yes,2026-10-09,
GMAC_ASHLAND_UNIVERSITY_WSOC,Ashland University,2025,14,3,5,10,0,4,,https://goashlandeagles.com/sports/womens-soccer/schedule/2025,"Official 2025 schedule/results page, read 2026-10-09",official_university,yes,2026-10-09,
GMAC_CEDARVILLE_UNIVERSITY_WSOC,Cedarville University,2023,16,5,1,11,2,1,,https://yellowjackets.cedarville.edu/sports/womens-soccer/schedule/2023,"Official 2023 schedule/results page, read 2026-10-09",official_university,yes,2026-10-09,
GMAC_CEDARVILLE_UNIVERSITY_WSOC,Cedarville University,2024,11,6,3,9,3,2,,https://yellowjackets.cedarville.edu/sports/womens-soccer/schedule/2024,"Official 2024 schedule/results page, read 2026-10-09",official_university,yes,2026-10-09,
GMAC_CEDARVILLE_UNIVERSITY_WSOC,Cedarville University,2025,12,3,7,9,1,4,,https://yellowjackets.cedarville.edu/sports/womens-soccer/schedule/2025,"Official 2025 schedule/results page, read 2026-10-09",official_university,yes,2026-10-09,
GMAC_KENTUCKY_WESLEYAN_COLLEGE_WSOC,Kentucky Wesleyan College,2023,2,13,1,2,11,1,,https://kwcpanthers.com/sports/womens-soccer/schedule/2023,"Official 2023 schedule/results page, read 2026-10-09",official_university,yes,2026-10-09,
GMAC_KENTUCKY_WESLEYAN_COLLEGE_WSOC,Kentucky Wesleyan College,2024,5,13,0,4,10,0,,https://kwcpanthers.com/sports/womens-soccer/schedule/2024,"Official 2024 schedule/results page, read 2026-10-09",official_university,yes,2026-10-09,
GMAC_KENTUCKY_WESLEYAN_COLLEGE_WSOC,Kentucky Wesleyan College,2025,1,14,3,1,11,2,,https://kwcpanthers.com/sports/womens-soccer/schedule/2025,"Official 2025 schedule/results page, read 2026-10-09",official_university,yes,2026-10-09,
GMAC_LAKE_ERIE_COLLEGE_WSOC,Lake Erie College,2023,3,14,1,2,12,0,,https://lakeeriestorm.com/sports/womens-soccer/schedule/2023,"Official 2023 schedule/results page, read 2026-10-09",official_university,yes,2026-10-09,
GMAC_LAKE_ERIE_COLLEGE_WSOC,Lake Erie College,2024,3,13,2,1,11,2,,https://lakeeriestorm.com/sports/womens-soccer/schedule/2024,"Official 2024 schedule/results page, read 2026-10-09",official_university,yes,2026-10-09,
GMAC_LAKE_ERIE_COLLEGE_WSOC,Lake Erie College,2025,10,5,4,7,3,4,,https://lakeeriestorm.com/sports/womens-soccer/schedule/2025,"Official 2025 schedule/results page, read 2026-10-09",official_university,yes,2026-10-09,
GMAC_MALONE_UNIVERSITY_WSOC,Malone University,2023,5,12,0,2,12,0,,https://malonepioneers.com/sports/womens-soccer/schedule/2023,"Official 2023 schedule/results page, read 2026-10-09",official_university,yes,2026-10-09,
GMAC_MALONE_UNIVERSITY_WSOC,Malone University,2024,9,8,1,7,7,0,,https://malonepioneers.com/sports/womens-soccer/schedule/2024,"Official 2024 schedule/results page, read 2026-10-09",official_university,yes,2026-10-09,
GMAC_MALONE_UNIVERSITY_WSOC,Malone University,2025,5,9,3,4,8,2,,https://malonepioneers.com/sports/womens-soccer/schedule/2025,"Official 2025 schedule/results page, read 2026-10-09",official_university,yes,2026-10-09,
GMAC_OHIO_DOMINICAN_UNIVERSITY_WSOC,Ohio Dominican University,2023,5,8,6,4,6,4,,https://ohiodominicanpanthers.com/sports/womens-soccer/schedule/2023,"Official 2023 schedule/results page, read 2026-10-09",official_university,yes,2026-10-09,
GMAC_OHIO_DOMINICAN_UNIVERSITY_WSOC,Ohio Dominican University,2024,5,7,6,5,4,5,,https://ohiodominicanpanthers.com/sports/womens-soccer/schedule/2024,"Official 2024 schedule/results page, read 2026-10-09",official_university,yes,2026-10-09,
GMAC_OHIO_DOMINICAN_UNIVERSITY_WSOC,Ohio Dominican University,2025,4,9,5,4,6,4,,https://ohiodominicanpanthers.com/sports/womens-soccer/schedule/2025,"Official 2025 schedule/results page, read 2026-10-09",official_university,yes,2026-10-09,
GMAC_THOMAS_MORE_UNIVERSITY_WSOC,Thomas More University,2023,8,9,2,7,6,1,,https://thomasmoresaints.com/sports/womens-soccer/schedule/2023,"Official 2023 schedule/results page, read 2026-10-09",official_university,yes,2026-10-09,
GMAC_THOMAS_MORE_UNIVERSITY_WSOC,Thomas More University,2024,6,8,3,3,8,3,,https://thomasmoresaints.com/sports/womens-soccer/schedule/2024,"Official 2024 schedule/results page, read 2026-10-09",official_university,yes,2026-10-09,
GMAC_THOMAS_MORE_UNIVERSITY_WSOC,Thomas More University,2025,7,10,2,6,6,2,,https://thomasmoresaints.com/sports/womens-soccer/schedule/2025,"Official 2025 schedule/results page, read 2026-10-09",official_university,yes,2026-10-09,
GMAC_TIFFIN_UNIVERSITY_WSOC,Tiffin University,2023,3,9,5,3,8,3,,https://gotiffindragons.com/sports/womens-soccer/schedule/2023,"Official 2023 schedule/results page, read 2026-10-09",official_university,yes,2026-10-09,
GMAC_TIFFIN_UNIVERSITY_WSOC,Tiffin University,2024,1,15,2,1,11,2,,https://gotiffindragons.com/sports/womens-soccer/schedule/2024,"Official 2024 schedule/results page, read 2026-10-09",official_university,yes,2026-10-09,
GMAC_TIFFIN_UNIVERSITY_WSOC,Tiffin University,2025,3,12,3,2,10,2,,https://gotiffindragons.com/sports/womens-soccer/schedule/2025,"Official 2025 schedule/results page, read 2026-10-09",official_university,yes,2026-10-09,
GMAC_UNIVERSITY_OF_FINDLAY_WSOC,University of Findlay,2023,11,5,4,10,2,2,,https://findlayoilers.com/sports/womens-soccer/schedule/2023,"Official 2023 schedule/results page, read 2026-10-09",official_university,yes,2026-10-09,
GMAC_UNIVERSITY_OF_FINDLAY_WSOC,University of Findlay,2024,10,5,3,10,3,1,,https://findlayoilers.com/sports/womens-soccer/schedule/2024,"Official 2024 schedule/results page, read 2026-10-09",official_university,yes,2026-10-09,
GMAC_UNIVERSITY_OF_FINDLAY_WSOC,University of Findlay,2025,12,4,4,10,2,2,,https://findlayoilers.com/sports/womens-soccer/schedule/2025,"Official 2025 schedule/results page, read 2026-10-09",official_university,yes,2026-10-09,
GMAC_URSULINE_COLLEGE_WSOC,Ursuline College,2023,2,12,3,2,10,2,,https://ursulinearrows.com/sports/womens-soccer/schedule/2023,"Official 2023 schedule/results page, read 2026-10-09",official_university,yes,2026-10-09,
GMAC_URSULINE_COLLEGE_WSOC,Ursuline College,2024,4,8,5,4,7,3,,https://ursulinearrows.com/sports/womens-soccer/schedule/2024,"Official 2024 schedule/results page, read 2026-10-09",official_university,yes,2026-10-09,
GMAC_URSULINE_COLLEGE_WSOC,Ursuline College,2025,4,12,1,2,11,1,,https://ursulinearrows.com/sports/womens-soccer/schedule/2025,"Official 2025 schedule/results page, read 2026-10-09",official_university,yes,2026-10-09,
GMAC_WALSH_UNIVERSITY_WSOC,Walsh University,2023,9,7,2,7,6,1,,https://athletics.walsh.edu/sports/womens-soccer/schedule/2023,"Official 2023 schedule/results page, read 2026-10-09",official_university,yes,2026-10-09,
GMAC_WALSH_UNIVERSITY_WSOC,Walsh University,2024,10,7,1,7,6,1,,https://athletics.walsh.edu/sports/womens-soccer/schedule/2024,"Official 2024 schedule/results page, read 2026-10-09",official_university,yes,2026-10-09,
GMAC_WALSH_UNIVERSITY_WSOC,Walsh University,2025,6,8,3,5,7,2,,https://athletics.walsh.edu/sports/womens-soccer/schedule/2025,"Official 2025 schedule/results page, read 2026-10-09",official_university,yes,2026-10-09,
GNAC_CENTRAL_WASHINGTON_UNIVERSITY_WSOC,Central Washington University,2023,3,12,4,2,8,4,,https://wildcatsports.com/sports/womens-soccer/schedule/2023,"Official 2023 schedule/results page, read 2026-10-09",official_university,yes,2026-10-09,
GNAC_CENTRAL_WASHINGTON_UNIVERSITY_WSOC,Central Washington University,2024,1,11,5,0,10,4,,https://wildcatsports.com/sports/womens-soccer/schedule/2024,"Official 2024 schedule/results page, read 2026-10-09",official_university,yes,2026-10-09,
GNAC_CENTRAL_WASHINGTON_UNIVERSITY_WSOC,Central Washington University,2025,4,7,6,2,7,5,,https://wildcatsports.com/sports/womens-soccer/schedule/2025,"Official 2025 schedule/results page, read 2026-10-09",official_university,yes,2026-10-09,
GNAC_MONTANA_STATE_UNIVERSITY_BILLINGS_WSOC,Montana State University Billings,2023,5,9,3,4,8,2,,https://msubsports.com/sports/womens-soccer/schedule/2023,"Official 2023 schedule/results page, read 2026-10-09",official_university,yes,2026-10-09,
GNAC_MONTANA_STATE_UNIVERSITY_BILLINGS_WSOC,Montana State University Billings,2024,6,8,4,3,7,4,,https://msubsports.com/sports/womens-soccer/schedule/2024,"Official 2024 schedule/results page, read 2026-10-09",official_university,yes,2026-10-09,
GNAC_MONTANA_STATE_UNIVERSITY_BILLINGS_WSOC,Montana State University Billings,2025,3,15,0,2,12,0,,https://msubsports.com/sports/womens-soccer/schedule/2025,"Official 2025 schedule/results page, read 2026-10-09",official_university,yes,2026-10-09,
GNAC_NORTHWEST_NAZARENE_UNIVERSITY_WSOC,Northwest Nazarene University,2023,6,5,7,4,5,5,,https://nnusports.com/sports/womens-soccer/schedule/2023,"Official 2023 schedule/results page, read 2026-10-09",official_university,yes,2026-10-09,
GNAC_NORTHWEST_NAZARENE_UNIVERSITY_WSOC,Northwest Nazarene University,2024,4,14,0,4,10,0,,https://nnusports.com/sports/womens-soccer/schedule/2024,"Official 2024 schedule/results page, read 2026-10-09",official_university,yes,2026-10-09,
GNAC_NORTHWEST_NAZARENE_UNIVERSITY_WSOC,Northwest Nazarene University,2025,5,11,2,4,8,2,,https://nnusports.com/sports/womens-soccer/schedule/2025,"Official 2025 schedule/results page, read 2026-10-09",official_university,yes,2026-10-09,
GNAC_SAINT_MARTIN_S_UNIVERSITY_WSOC,Saint Martin's University,2023,3,8,7,1,7,6,,https://smusaints.com/sports/womens-soccer/schedule/2023,"Official 2023 schedule/results page, read 2026-10-09",official_university,yes,2026-10-09,
GNAC_SAINT_MARTIN_S_UNIVERSITY_WSOC,Saint Martin's University,2024,3,13,3,3,8,3,,https://smusaints.com/sports/womens-soccer/schedule/2024,"Official 2024 schedule/results page, read 2026-10-09",official_university,yes,2026-10-09,
GNAC_SAINT_MARTIN_S_UNIVERSITY_WSOC,Saint Martin's University,2025,2,12,4,1,9,4,,https://smusaints.com/sports/womens-soccer/schedule/2025,"Official 2025 schedule/results page, read 2026-10-09",official_university,yes,2026-10-09,
GNAC_SEATTLE_PACIFIC_UNIVERSITY_WSOC,Seattle Pacific University,2023,13,4,5,9,0,5,,https://spufalcons.com/sports/womens-soccer/schedule/2023,"Official 2023 schedule/results page, read 2026-10-09",official_university,yes,2026-10-09,
GNAC_SEATTLE_PACIFIC_UNIVERSITY_WSOC,Seattle Pacific University,2024,9,3,7,7,1,6,,https://spufalcons.com/sports/womens-soccer/schedule/2024,"Official 2024 schedule/results page, read 2026-10-09",official_university,yes,2026-10-09,
GNAC_SEATTLE_PACIFIC_UNIVERSITY_WSOC,Seattle Pacific University,2025,8,5,7,6,3,5,,https://spufalcons.com/sports/womens-soccer/schedule/2025,"Official 2025 schedule/results page, read 2026-10-09",official_university,yes,2026-10-09,
GNAC_SIMON_FRASER_UNIVERSITY_WSOC,Simon Fraser University,2023,8,5,6,5,5,4,,https://athletics.sfu.ca/sports/womens-soccer/schedule/2023,"Official 2023 schedule/results page, read 2026-10-09",official_university,yes,2026-10-09,
GNAC_SIMON_FRASER_UNIVERSITY_WSOC,Simon Fraser University,2024,14,4,3,8,3,3,,https://athletics.sfu.ca/sports/womens-soccer/schedule/2024,"Official 2024 schedule/results page, read 2026-10-09",official_university,yes,2026-10-09,
GNAC_SIMON_FRASER_UNIVERSITY_WSOC,Simon Fraser University,2025,14,3,5,9,2,3,,https://athletics.sfu.ca/sports/womens-soccer/schedule/2025,"Official 2025 schedule/results page, read 2026-10-09",official_university,yes,2026-10-09,
GNAC_WESTERN_WASHINGTON_UNIVERSITY_WSOC,Western Washington University,2023,12,5,4,9,2,3,,https://wwuvikings.com/sports/womens-soccer/schedule/2023,"Official 2023 schedule/results page, read 2026-10-09",official_university,yes,2026-10-09,
GNAC_WESTERN_WASHINGTON_UNIVERSITY_WSOC,Western Washington University,2024,14,4,5,11,0,3,,https://wwuvikings.com/sports/womens-soccer/schedule/2024,"Official 2024 schedule/results page, read 2026-10-09",official_university,yes,2026-10-09,
GNAC_WESTERN_WASHINGTON_UNIVERSITY_WSOC,Western Washington University,2025,14,1,7,11,0,3,,https://wwuvikings.com/sports/womens-soccer/schedule/2025,"Official 2025 schedule/results page, read 2026-10-09",official_university,yes,2026-10-09,
GSC_AUBURN_UNIVERSITY_AT_MONTGOMERY_WSOC,Auburn University at Montgomery,2023,4,12,2,3,8,2,,https://aumathletics.com/sports/womens-soccer/schedule/2023,"Official 2023 schedule/results page, read 2026-10-09",official_university,yes,2026-10-09,
GSC_AUBURN_UNIVERSITY_AT_MONTGOMERY_WSOC,Auburn University at Montgomery,2024,4,10,2,2,9,1,,https://aumathletics.com/sports/womens-soccer/schedule/2024,"Official 2024 schedule/results page, read 2026-10-09",official_university,yes,2026-10-09,
GSC_AUBURN_UNIVERSITY_AT_MONTGOMERY_WSOC,Auburn University at Montgomery,2025,1,13,2,0,10,2,,https://aumathletics.com/sports/womens-soccer/schedule/2025,"Official 2025 schedule/results page, read 2026-10-09",official_university,yes,2026-10-09,
GSC_CHRISTIAN_BROTHERS_UNIVERSITY_WSOC,Christian Brothers University,2023,6,9,3,4,8,1,,https://cbubucs.com/sports/womens-soccer/schedule/2023,"Official 2023 schedule/results page, read 2026-10-09",official_university,yes,2026-10-09,
GSC_CHRISTIAN_BROTHERS_UNIVERSITY_WSOC,Christian Brothers University,2024,0,15,1,0,11,1,,https://cbubucs.com/sports/womens-soccer/schedule/2024,"Official 2024 schedule/results page, read 2026-10-09",official_university,yes,2026-10-09,
GSC_CHRISTIAN_BROTHERS_UNIVERSITY_WSOC,Christian Brothers University,2025,3,12,1,1,11,0,,https://cbubucs.com/sports/womens-soccer/schedule/2025,"Official 2025 schedule/results page, read 2026-10-09",official_university,yes,2026-10-09,
GSC_LEE_UNIVERSITY_WSOC,Lee University,2023,16,1,4,11,0,2,,https://leeuflames.com/sports/womens-soccer/schedule/2023,"Official 2023 schedule/results page, read 2026-10-09",official_university,yes,2026-10-09,
GSC_LEE_UNIVERSITY_WSOC,Lee University,2024,7,5,6,6,2,4,,https://leeuflames.com/sports/womens-soccer/schedule/2024,"Official 2024 schedule/results page, read 2026-10-09",official_university,yes,2026-10-09,
GSC_LEE_UNIVERSITY_WSOC,Lee University,2025,11,4,3,9,2,1,,https://leeuflames.com/sports/womens-soccer/schedule/2025,"Official 2025 schedule/results page, read 2026-10-09",official_university,yes,2026-10-09,
GSC_MISSISSIPPI_CHRISTIAN_UNIVERSITY_WSOC,Mississippi Christian University,2023,11,4,2,9,3,1,,https://www.gochoctaws.com/sports/womens-soccer/schedule/2023,"Official 2023 schedule/results page, read 2026-10-09",official_university,yes,2026-10-09,
GSC_MISSISSIPPI_CHRISTIAN_UNIVERSITY_WSOC,Mississippi Christian University,2024,8,6,3,4,5,3,,https://www.gochoctaws.com/sports/womens-soccer/schedule/2024,"Official 2024 schedule/results page, read 2026-10-09",official_university,yes,2026-10-09,
GSC_MISSISSIPPI_CHRISTIAN_UNIVERSITY_WSOC,Mississippi Christian University,2025,8,9,3,5,5,2,,https://www.gochoctaws.com/sports/womens-soccer/schedule/2025,"Official 2025 schedule/results page, read 2026-10-09",official_university,yes,2026-10-09,
GSC_SPRING_HILL_COLLEGE_WSOC,Spring Hill College,2023,5,11,2,2,9,2,,https://shcbadgers.com/sports/womens-soccer/schedule/2023,"Official 2023 schedule/results page, read 2026-10-09",official_university,yes,2026-10-09,
GSC_SPRING_HILL_COLLEGE_WSOC,Spring Hill College,2024,7,8,3,4,5,3,,https://shcbadgers.com/sports/womens-soccer/schedule/2024,"Official 2024 schedule/results page, read 2026-10-09",official_university,yes,2026-10-09,
GSC_SPRING_HILL_COLLEGE_WSOC,Spring Hill College,2025,7,4,7,5,3,4,,https://shcbadgers.com/sports/womens-soccer/schedule/2025,"Official 2025 schedule/results page, read 2026-10-09",official_university,yes,2026-10-09,
GSC_TREVECCA_NAZARENE_UNIVERSITY_WSOC,Trevecca Nazarene University,2023,6,7,5,6,3,5,,https://tnutrojans.com/sports/womens-soccer/schedule/2023,"Official 2023 schedule/results page, read 2026-10-09",official_university,yes,2026-10-09,
GSC_TREVECCA_NAZARENE_UNIVERSITY_WSOC,Trevecca Nazarene University,2024,4,8,3,3,6,3,,https://tnutrojans.com/sports/womens-soccer/schedule/2024,"Official 2024 schedule/results page, read 2026-10-09",official_university,yes,2026-10-09,
GSC_TREVECCA_NAZARENE_UNIVERSITY_WSOC,Trevecca Nazarene University,2025,4,7,5,2,5,5,,https://tnutrojans.com/sports/womens-soccer/schedule/2025,"Official 2025 schedule/results page, read 2026-10-09",official_university,yes,2026-10-09,
GSC_UNION_UNIVERSITY_WSOC,Union University,2023,8,9,1,7,6,0,,https://uuathletics.com/sports/womens-soccer/schedule/2023,"Official 2023 schedule/results page, read 2026-10-09",official_university,yes,2026-10-09,
GSC_UNION_UNIVERSITY_WSOC,Union University,2024,10,6,2,8,2,2,,https://uuathletics.com/sports/womens-soccer/schedule/2024,"Official 2024 schedule/results page, read 2026-10-09",official_university,yes,2026-10-09,
GSC_UNION_UNIVERSITY_WSOC,Union University,2025,4,7,4,3,7,2,,https://uuathletics.com/sports/womens-soccer/schedule/2025,"Official 2025 schedule/results page, read 2026-10-09",official_university,yes,2026-10-09,
GSC_UNIVERSITY_OF_MONTEVALLO_WSOC,University of Montevallo,2023,12,5,3,7,3,3,,https://montevallofalcons.com/sports/womens-soccer/schedule/2023,"Official 2023 schedule/results page, read 2026-10-09",official_university,yes,2026-10-09,
GSC_UNIVERSITY_OF_MONTEVALLO_WSOC,University of Montevallo,2024,14,6,3,9,2,1,,https://montevallofalcons.com/sports/womens-soccer/schedule/2024,"Official 2024 schedule/results page, read 2026-10-09",official_university,yes,2026-10-09,
GSC_UNIVERSITY_OF_MONTEVALLO_WSOC,University of Montevallo,2025,13,7,2,8,2,2,,https://montevallofalcons.com/sports/womens-soccer/schedule/2025,"Official 2025 schedule/results page, read 2026-10-09",official_university,yes,2026-10-09,
GSC_UNIVERSITY_OF_WEST_ALABAMA_WSOC,University of West Alabama,2023,7,10,2,6,6,1,,https://uwaathletics.com/sports/womens-soccer/schedule/2023,"Official 2023 schedule/results page, read 2026-10-09",official_university,yes,2026-10-09,
GSC_UNIVERSITY_OF_WEST_ALABAMA_WSOC,University of West Alabama,2024,3,9,3,2,7,3,,https://uwaathletics.com/sports/womens-soccer/schedule/2024,"Official 2024 schedule/results page, read 2026-10-09",official_university,yes,2026-10-09,
GSC_UNIVERSITY_OF_WEST_ALABAMA_WSOC,University of West Alabama,2025,11,4,3,7,3,2,,https://uwaathletics.com/sports/womens-soccer/schedule/2025,"Official 2025 schedule/results page, read 2026-10-09",official_university,yes,2026-10-09,
GSC_VALDOSTA_STATE_UNIVERSITY_WSOC,Valdosta State University,2023,8,6,4,6,5,2,,https://vstateblazers.com/sports/womens-soccer/schedule/2023,"Official 2023 schedule/results page, read 2026-10-09",official_university,yes,2026-10-09,
GSC_VALDOSTA_STATE_UNIVERSITY_WSOC,Valdosta State University,2024,8,7,3,5,4,3,,https://vstateblazers.com/sports/womens-soccer/schedule/2024,"Official 2024 schedule/results page, read 2026-10-09",official_university,yes,2026-10-09,
GSC_VALDOSTA_STATE_UNIVERSITY_WSOC,Valdosta State University,2025,6,8,4,4,7,1,,https://vstateblazers.com/sports/womens-soccer/schedule/2025,"Official 2025 schedule/results page, read 2026-10-09",official_university,yes,2026-10-09,
IND_ALLEN_UNIVERSITY_WSOC,Allen University,2023,6,11,1,0,2,0,,https://auyellowjackets.com/sports/womens-soccer/schedule/2023,"Official 2023 schedule/results page, read 2026-10-09",official_university,yes,2026-10-09,
IND_ALLEN_UNIVERSITY_WSOC,Allen University,2024,0,10,1,0,0,0,,https://auyellowjackets.com/sports/womens-soccer/schedule/2024,"Official 2024 schedule/results page, read 2026-10-09",official_university,yes,2026-10-09,
IND_ALLEN_UNIVERSITY_WSOC,Allen University,2025,0,5,1,0,0,0,,https://auyellowjackets.com/sports/womens-soccer/schedule/2025,"Official 2025 schedule/results page, read 2026-10-09",official_university,yes,2026-10-09,
IND_SHAW_UNIVERSITY_WSOC,Shaw University,2023,16,4,1,0,0,0,,https://shawbears.com/sports/womens-soccer/schedule/2023,"Official 2023 schedule/results page, read 2026-10-09",official_university,yes,2026-10-09,
IND_SHAW_UNIVERSITY_WSOC,Shaw University,2024,11,6,1,0,0,0,,https://shawbears.com/sports/womens-soccer/schedule/2024,"Official 2024 schedule/results page, read 2026-10-09",official_university,yes,2026-10-09,
IND_SHAW_UNIVERSITY_WSOC,Shaw University,2025,8,5,3,0,0,0,,https://shawbears.com/sports/womens-soccer/schedule/2025,"Official 2025 schedule/results page, read 2026-10-09",official_university,yes,2026-10-09,
IND_VIRGINIA_STATE_UNIVERSITY_WSOC,Virginia State University,2023,2,11,2,0,0,0,,https://govsutrojans.com/sports/womens-soccer/schedule/2023,"Official 2023 schedule/results page, read 2026-10-09",official_university,yes,2026-10-09,
IND_VIRGINIA_STATE_UNIVERSITY_WSOC,Virginia State University,2024,1,10,4,0,0,0,,https://govsutrojans.com/sports/womens-soccer/schedule/2024,"Official 2024 schedule/results page, read 2026-10-09",official_university,yes,2026-10-09,
IND_VIRGINIA_STATE_UNIVERSITY_WSOC,Virginia State University,2025,7,10,1,0,0,0,,https://govsutrojans.com/sports/womens-soccer/schedule/2025,"Official 2025 schedule/results page, read 2026-10-09",official_university,yes,2026-10-09,
LSC_ANGELO_STATE_UNIVERSITY_WSOC,Angelo State University,2023,9,7,4,7,2,3,,https://angelosports.com/sports/womens-soccer/schedule/2023,"Official 2023 schedule/results page, read 2026-10-09",official_university,yes,2026-10-09,
LSC_ANGELO_STATE_UNIVERSITY_WSOC,Angelo State University,2024,14,2,5,10,0,3,,https://angelosports.com/sports/womens-soccer/schedule/2024,"Official 2024 schedule/results page, read 2026-10-09",official_university,yes,2026-10-09,
LSC_ANGELO_STATE_UNIVERSITY_WSOC,Angelo State University,2025,9,5,5,8,3,3,,https://angelosports.com/sports/womens-soccer/schedule/2025,"Official 2025 schedule/results page, read 2026-10-09",official_university,yes,2026-10-09,
LSC_LUBBOCK_CHRISTIAN_UNIVERSITY_WSOC,Lubbock Christian University,2023,7,7,3,4,6,1,,https://lcuchaps.com/sports/womens-soccer/schedule/2023,"Official 2023 schedule/results page, read 2026-10-09",official_university,yes,2026-10-09,
LSC_LUBBOCK_CHRISTIAN_UNIVERSITY_WSOC,Lubbock Christian University,2024,8,7,3,6,5,2,,https://lcuchaps.com/sports/womens-soccer/schedule/2024,"Official 2024 schedule/results page, read 2026-10-09",official_university,yes,2026-10-09,
LSC_LUBBOCK_CHRISTIAN_UNIVERSITY_WSOC,Lubbock Christian University,2025,8,7,3,6,5,2,,https://lcuchaps.com/sports/womens-soccer/schedule/2025,"Official 2025 schedule/results page, read 2026-10-09",official_university,yes,2026-10-09,
LSC_MIDWESTERN_STATE_UNIVERSITY_WSOC,Midwestern State University,2023,10,5,5,6,3,3,,https://msumustangs.com/sports/womens-soccer/schedule/2023,"Official 2023 schedule/results page, read 2026-10-09",official_university,yes,2026-10-09,
LSC_MIDWESTERN_STATE_UNIVERSITY_WSOC,Midwestern State University,2024,11,5,5,6,2,5,,https://msumustangs.com/sports/womens-soccer/schedule/2024,"Official 2024 schedule/results page, read 2026-10-09",official_university,yes,2026-10-09,
LSC_MIDWESTERN_STATE_UNIVERSITY_WSOC,Midwestern State University,2025,11,3,6,10,0,4,,https://msumustangs.com/sports/womens-soccer/schedule/2025,"Official 2025 schedule/results page, read 2026-10-09",official_university,yes,2026-10-09,
LSC_OKLAHOMA_CHRISTIAN_UNIVERSITY_WSOC,Oklahoma Christian University,2023,6,5,6,2,5,5,,https://oceagles.com/sports/womens-soccer/schedule/2023,"Official 2023 schedule/results page, read 2026-10-09",official_university,yes,2026-10-09,
LSC_OKLAHOMA_CHRISTIAN_UNIVERSITY_WSOC,Oklahoma Christian University,2024,10,5,4,6,4,3,,https://oceagles.com/sports/womens-soccer/schedule/2024,"Official 2024 schedule/results page, read 2026-10-09",official_university,yes,2026-10-09,
LSC_OKLAHOMA_CHRISTIAN_UNIVERSITY_WSOC,Oklahoma Christian University,2025,6,10,2,4,9,1,,https://oceagles.com/sports/womens-soccer/schedule/2025,"Official 2025 schedule/results page, read 2026-10-09",official_university,yes,2026-10-09,
LSC_ST_EDWARD_S_UNIVERSITY_WSOC,St. Edward's University,2023,6,7,3,5,5,2,,https://gohilltoppers.com/sports/womens-soccer/schedule/2023,"Official 2023 schedule/results page, read 2026-10-09",official_university,yes,2026-10-09,
LSC_ST_EDWARD_S_UNIVERSITY_WSOC,St. Edward's University,2024,9,7,3,7,5,1,,https://gohilltoppers.com/sports/womens-soccer/schedule/2024,"Official 2024 schedule/results page, read 2026-10-09",official_university,yes,2026-10-09,
LSC_ST_EDWARD_S_UNIVERSITY_WSOC,St. Edward's University,2025,7,10,3,6,6,2,,https://gohilltoppers.com/sports/womens-soccer/schedule/2025,"Official 2025 schedule/results page, read 2026-10-09",official_university,yes,2026-10-09,
LSC_ST_MARY_S_UNIVERSITY_WSOC,St. Mary's University,2023,11,6,5,8,3,1,,https://rattlerathletics.com/sports/womens-soccer/schedule/2023,"Official 2023 schedule/results page, read 2026-10-09",official_university,yes,2026-10-09,
LSC_ST_MARY_S_UNIVERSITY_WSOC,St. Mary's University,2024,9,7,3,7,4,2,,https://rattlerathletics.com/sports/womens-soccer/schedule/2024,"Official 2024 schedule/results page, read 2026-10-09",official_university,yes,2026-10-09,
LSC_ST_MARY_S_UNIVERSITY_WSOC,St. Mary's University,2025,9,6,3,8,4,2,,https://rattlerathletics.com/sports/womens-soccer/schedule/2025,"Official 2025 schedule/results page, read 2026-10-09",official_university,yes,2026-10-09,
LSC_SUL_ROSS_STATE_UNIVERSITY_WSOC,Sul Ross State University,2023,3,12,1,0,0,0,,https://srlobos.com/sports/womens-soccer/schedule/2023,"Official 2023 schedule/results page, read 2026-10-09",official_university,yes,2026-10-09,
LSC_SUL_ROSS_STATE_UNIVERSITY_WSOC,Sul Ross State University,2024,2,14,0,0,12,0,,https://srlobos.com/sports/womens-soccer/schedule/2024,"Official 2024 schedule/results page, read 2026-10-09",official_university,yes,2026-10-09,
LSC_SUL_ROSS_STATE_UNIVERSITY_WSOC,Sul Ross State University,2025,2,16,0,1,13,0,,https://srlobos.com/sports/womens-soccer/schedule/2025,"Official 2025 schedule/results page, read 2026-10-09",official_university,yes,2026-10-09,
LSC_TEXAS_A_AND_M_INTERNATIONAL_UNIVERSITY_WSOC,Texas A&M International University,2023,8,5,5,6,3,3,,https://godustdevils.com/sports/womens-soccer/schedule/2023,"Official 2023 schedule/results page, read 2026-10-09",official_university,yes,2026-10-09,
LSC_TEXAS_A_AND_M_INTERNATIONAL_UNIVERSITY_WSOC,Texas A&M International University,2024,4,8,6,3,6,4,,https://godustdevils.com/sports/womens-soccer/schedule/2024,"Official 2024 schedule/results page, read 2026-10-09",official_university,yes,2026-10-09,
LSC_TEXAS_A_AND_M_INTERNATIONAL_UNIVERSITY_WSOC,Texas A&M International University,2025,4,9,4,3,8,3,,https://godustdevils.com/sports/womens-soccer/schedule/2025,"Official 2025 schedule/results page, read 2026-10-09",official_university,yes,2026-10-09,
LSC_TEXAS_WOMAN_S_UNIVERSITY_WSOC,Texas Woman's University,2023,11,4,4,6,2,3,,https://twuathletics.com/sports/womens-soccer/schedule/2023,"Official 2023 schedule/results page, read 2026-10-09",official_university,yes,2026-10-09,
LSC_TEXAS_WOMAN_S_UNIVERSITY_WSOC,Texas Woman's University,2024,11,4,4,7,2,3,,https://twuathletics.com/sports/womens-soccer/schedule/2024,"Official 2024 schedule/results page, read 2026-10-09",official_university,yes,2026-10-09,
LSC_TEXAS_WOMAN_S_UNIVERSITY_WSOC,Texas Woman's University,2025,16,4,3,9,2,3,,https://twuathletics.com/sports/womens-soccer/schedule/2025,"Official 2025 schedule/results page, read 2026-10-09",official_university,yes,2026-10-09,
LSC_UNIVERSITY_OF_TEXAS_AT_TYLER_WSOC,University of Texas at Tyler,2023,3,5,9,1,4,7,,https://uttylerpatriots.com/sports/womens-soccer/schedule/2023,"Official 2023 schedule/results page, read 2026-10-09",official_university,yes,2026-10-09,
LSC_UNIVERSITY_OF_TEXAS_AT_TYLER_WSOC,University of Texas at Tyler,2024,10,4,3,5,4,3,,https://uttylerpatriots.com/sports/womens-soccer/schedule/2024,"Official 2024 schedule/results page, read 2026-10-09",official_university,yes,2026-10-09,
LSC_UNIVERSITY_OF_TEXAS_AT_TYLER_WSOC,University of Texas at Tyler,2025,11,3,5,7,2,5,,https://uttylerpatriots.com/sports/womens-soccer/schedule/2025,"Official 2025 schedule/results page, read 2026-10-09",official_university,yes,2026-10-09,
LSC_UNIVERSITY_OF_TEXAS_PERMIAN_BASIN_WSOC,University of Texas Permian Basin,2023,4,7,6,2,5,5,,https://utpbfalcons.com/sports/womens-soccer/schedule/2023,"Official 2023 schedule/results page, read 2026-10-09",official_university,yes,2026-10-09,
LSC_UNIVERSITY_OF_TEXAS_PERMIAN_BASIN_WSOC,University of Texas Permian Basin,2024,4,10,3,2,9,2,,https://utpbfalcons.com/sports/womens-soccer/schedule/2024,"Official 2024 schedule/results page, read 2026-10-09",official_university,yes,2026-10-09,
LSC_UNIVERSITY_OF_TEXAS_PERMIAN_BASIN_WSOC,University of Texas Permian Basin,2025,3,10,3,2,10,2,,https://utpbfalcons.com/sports/womens-soccer/schedule/2025,"Official 2025 schedule/results page, read 2026-10-09",official_university,yes,2026-10-09,
LSC_WEST_TEXAS_A_AND_M_UNIVERSITY_WSOC,West Texas A&M University,2023,1,10,6,0,8,4,,https://gobuffsgo.com/sports/womens-soccer/schedule/2023,"Official 2023 schedule/results page, read 2026-10-09",official_university,yes,2026-10-09,
LSC_WEST_TEXAS_A_AND_M_UNIVERSITY_WSOC,West Texas A&M University,2024,6,10,2,3,8,2,,https://gobuffsgo.com/sports/womens-soccer/schedule/2024,"Official 2024 schedule/results page, read 2026-10-09",official_university,yes,2026-10-09,
LSC_WEST_TEXAS_A_AND_M_UNIVERSITY_WSOC,West Texas A&M University,2025,7,9,2,4,9,1,,https://gobuffsgo.com/sports/womens-soccer/schedule/2025,"Official 2025 schedule/results page, read 2026-10-09",official_university,yes,2026-10-09,
MIAA_EMPORIA_STATE_UNIVERSITY_WSOC,Emporia State University,2023,14,6,4,8,2,1,,https://esuhornets.com/sports/womens-soccer/schedule/2023,"Official 2023 schedule/results page, read 2026-10-09",official_university,yes,2026-10-09,
MIAA_EMPORIA_STATE_UNIVERSITY_WSOC,Emporia State University,2024,6,8,3,4,6,2,,https://esuhornets.com/sports/womens-soccer/schedule/2024,"Official 2024 schedule/results page, read 2026-10-09",official_university,yes,2026-10-09,
MIAA_EMPORIA_STATE_UNIVERSITY_WSOC,Emporia State University,2025,9,6,5,5,2,5,,https://esuhornets.com/sports/womens-soccer/schedule/2025,"Official 2025 schedule/results page, read 2026-10-09",official_university,yes,2026-10-09,
MIAA_FORT_HAYS_STATE_UNIVERSITY_WSOC,Fort Hays State University,2023,13,5,3,8,2,1,,https://fhsuathletics.com/sports/womens-soccer/schedule/2023,"Official 2023 schedule/results page, read 2026-10-09",official_university,yes,2026-10-09,
MIAA_FORT_HAYS_STATE_UNIVERSITY_WSOC,Fort Hays State University,2024,7,8,4,4,6,2,,https://fhsuathletics.com/sports/womens-soccer/schedule/2024,"Official 2024 schedule/results page, read 2026-10-09",official_university,yes,2026-10-09,
MIAA_FORT_HAYS_STATE_UNIVERSITY_WSOC,Fort Hays State University,2025,3,11,3,1,8,3,,https://fhsuathletics.com/sports/womens-soccer/schedule/2025,"Official 2025 schedule/results page, read 2026-10-09",official_university,yes,2026-10-09,
MIAA_MISSOURI_SOUTHERN_STATE_UNIVERSITY_WSOC,Missouri Southern State University,2023,0,15,3,0,9,2,,https://mssulions.com/sports/womens-soccer/schedule/2023,"Official 2023 schedule/results page, read 2026-10-09",official_university,yes,2026-10-09,
MIAA_MISSOURI_SOUTHERN_STATE_UNIVERSITY_WSOC,Missouri Southern State University,2024,2,12,4,1,9,2,,https://mssulions.com/sports/womens-soccer/schedule/2024,"Official 2024 schedule/results page, read 2026-10-09",official_university,yes,2026-10-09,
MIAA_MISSOURI_SOUTHERN_STATE_UNIVERSITY_WSOC,Missouri Southern State University,2025,2,13,3,0,10,2,,https://mssulions.com/sports/womens-soccer/schedule/2025,"Official 2025 schedule/results page, read 2026-10-09",official_university,yes,2026-10-09,
MIAA_MISSOURI_WESTERN_STATE_UNIVERSITY_WSOC,Missouri Western State University,2023,5,8,6,3,4,4,,https://gogriffons.com/sports/womens-soccer/schedule/2023,"Official 2023 schedule/results page, read 2026-10-09",official_university,yes,2026-10-09,
MIAA_MISSOURI_WESTERN_STATE_UNIVERSITY_WSOC,Missouri Western State University,2024,16,3,3,9,1,2,,https://gogriffons.com/sports/womens-soccer/schedule/2024,"Official 2024 schedule/results page, read 2026-10-09",official_university,yes,2026-10-09,
MIAA_MISSOURI_WESTERN_STATE_UNIVERSITY_WSOC,Missouri Western State University,2025,12,3,7,6,2,4,,https://gogriffons.com/sports/womens-soccer/schedule/2025,"Official 2025 schedule/results page, read 2026-10-09",official_university,yes,2026-10-09,
MIAA_NEWMAN_UNIVERSITY_WSOC,Newman University,2023,2,15,1,1,10,0,,https://newmanjets.com/sports/womens-soccer/schedule/2023,"Official 2023 schedule/results page, read 2026-10-09",official_university,yes,2026-10-09,
MIAA_NEWMAN_UNIVERSITY_WSOC,Newman University,2024,0,17,1,0,12,0,,https://newmanjets.com/sports/womens-soccer/schedule/2024,"Official 2024 schedule/results page, read 2026-10-09",official_university,yes,2026-10-09,
MIAA_NEWMAN_UNIVERSITY_WSOC,Newman University,2025,2,14,2,1,10,1,,https://newmanjets.com/sports/womens-soccer/schedule/2025,"Official 2025 schedule/results page, read 2026-10-09",official_university,yes,2026-10-09,
MIAA_NORTHEASTERN_STATE_UNIVERSITY_WSOC,Northeastern State University,2023,6,9,4,4,6,1,,https://goriverhawksgo.com/sports/womens-soccer/schedule/2023,"Official 2023 schedule/results page, read 2026-10-09",official_university,yes,2026-10-09,
MIAA_NORTHEASTERN_STATE_UNIVERSITY_WSOC,Northeastern State University,2024,13,6,0,7,5,0,,https://goriverhawksgo.com/sports/womens-soccer/schedule/2024,"Official 2024 schedule/results page, read 2026-10-09",official_university,yes,2026-10-09,
MIAA_NORTHEASTERN_STATE_UNIVERSITY_WSOC,Northeastern State University,2025,12,7,1,6,5,1,,https://goriverhawksgo.com/sports/womens-soccer/schedule/2025,"Official 2025 schedule/results page, read 2026-10-09",official_university,yes,2026-10-09,
MIAA_NORTHWEST_MISSOURI_STATE_UNIVERSITY_WSOC,Northwest Missouri State University,2023,8,5,6,5,2,4,,https://bearcatsports.com/sports/womens-soccer/schedule/2023,"Official 2023 schedule/results page, read 2026-10-09",official_university,yes,2026-10-09,
MIAA_NORTHWEST_MISSOURI_STATE_UNIVERSITY_WSOC,Northwest Missouri State University,2024,7,6,6,5,4,3,,https://bearcatsports.com/sports/womens-soccer/schedule/2024,"Official 2024 schedule/results page, read 2026-10-09",official_university,yes,2026-10-09,
MIAA_NORTHWEST_MISSOURI_STATE_UNIVERSITY_WSOC,Northwest Missouri State University,2025,10,6,2,7,4,1,,https://bearcatsports.com/sports/womens-soccer/schedule/2025,"Official 2025 schedule/results page, read 2026-10-09",official_university,yes,2026-10-09,
MIAA_ROGERS_STATE_UNIVERSITY_WSOC,Rogers State University,2023,7,9,2,4,7,0,,https://rsuhillcats.com/sports/womens-soccer/schedule/2023,"Official 2023 schedule/results page, read 2026-10-09",official_university,yes,2026-10-09,
MIAA_ROGERS_STATE_UNIVERSITY_WSOC,Rogers State University,2024,3,12,3,2,7,3,,https://rsuhillcats.com/sports/womens-soccer/schedule/2024,"Official 2024 schedule/results page, read 2026-10-09",official_university,yes,2026-10-09,
MIAA_ROGERS_STATE_UNIVERSITY_WSOC,Rogers State University,2025,2,8,7,2,6,4,,https://rsuhillcats.com/sports/womens-soccer/schedule/2025,"Official 2025 schedule/results page, read 2026-10-09",official_university,yes,2026-10-09,
MIAA_UNIVERSITY_OF_CENTRAL_MISSOURI_WSOC,University of Central Missouri,2023,16,5,2,8,1,2,,https://ucmathletics.com/sports/womens-soccer/schedule/2023,"Official 2023 schedule/results page, read 2026-10-09",official_university,yes,2026-10-09,
MIAA_UNIVERSITY_OF_CENTRAL_MISSOURI_WSOC,University of Central Missouri,2024,17,5,2,9,2,1,,https://ucmathletics.com/sports/womens-soccer/schedule/2024,"Official 2024 schedule/results page, read 2026-10-09",official_university,yes,2026-10-09,
MIAA_UNIVERSITY_OF_CENTRAL_MISSOURI_WSOC,University of Central Missouri,2025,11,6,4,7,2,3,,https://ucmathletics.com/sports/womens-soccer/schedule/2025,"Official 2025 schedule/results page, read 2026-10-09",official_university,yes,2026-10-09,
MIAA_UNIVERSITY_OF_CENTRAL_OKLAHOMA_WSOC,University of Central Oklahoma,2023,6,7,6,3,4,4,,https://bronchosports.com/sports/womens-soccer/schedule/2023,"Official 2023 schedule/results page, read 2026-10-09",official_university,yes,2026-10-09,
MIAA_UNIVERSITY_OF_CENTRAL_OKLAHOMA_WSOC,University of Central Oklahoma,2024,12,7,4,7,2,3,,https://bronchosports.com/sports/womens-soccer/schedule/2024,"Official 2024 schedule/results page, read 2026-10-09",official_university,yes,2026-10-09,
MIAA_UNIVERSITY_OF_CENTRAL_OKLAHOMA_WSOC,University of Central Oklahoma,2025,10,6,5,6,3,3,,https://bronchosports.com/sports/womens-soccer/schedule/2025,"Official 2025 schedule/results page, read 2026-10-09",official_university,yes,2026-10-09,
MIAA_UNIVERSITY_OF_NEBRASKA_AT_KEARNEY_WSOC,University of Nebraska at Kearney,2023,3,13,2,2,7,2,,https://lopers.com/sports/womens-soccer/schedule/2023,"Official 2023 schedule/results page, read 2026-10-09",official_university,yes,2026-10-09,
MIAA_UNIVERSITY_OF_NEBRASKA_AT_KEARNEY_WSOC,University of Nebraska at Kearney,2024,8,6,5,4,5,3,,https://lopers.com/sports/womens-soccer/schedule/2024,"Official 2024 schedule/results page, read 2026-10-09",official_university,yes,2026-10-09,
MIAA_UNIVERSITY_OF_NEBRASKA_AT_KEARNEY_WSOC,University of Nebraska at Kearney,2025,3,9,5,1,6,5,,https://lopers.com/sports/womens-soccer/schedule/2025,"Official 2025 schedule/results page, read 2026-10-09",official_university,yes,2026-10-09,
MIAA_WASHBURN_UNIVERSITY_WSOC,Washburn University,2023,21,4,1,9,1,1,,https://wusports.com/sports/womens-soccer/schedule/2023,"Official 2023 schedule/results page, read 2026-10-09",official_university,yes,2026-10-09,
MIAA_WASHBURN_UNIVERSITY_WSOC,Washburn University,2024,14,4,3,10,1,1,,https://wusports.com/sports/womens-soccer/schedule/2024,"Official 2024 schedule/results page, read 2026-10-09",official_university,yes,2026-10-09,
MIAA_WASHBURN_UNIVERSITY_WSOC,Washburn University,2025,14,4,6,8,0,4,,https://wusports.com/sports/womens-soccer/schedule/2025,"Official 2025 schedule/results page, read 2026-10-09",official_university,yes,2026-10-09,
MEC_CONCORD_UNIVERSITY_WSOC,Concord University,2023,12,7,2,10,4,1,,https://cumountainlions.com/sports/womens-soccer/schedule/2023,"Official 2023 schedule/results page, read 2026-10-09",official_university,yes,2026-10-09,
MEC_CONCORD_UNIVERSITY_WSOC,Concord University,2024,11,7,1,10,4,1,,https://cumountainlions.com/sports/womens-soccer/schedule/2024,"Official 2024 schedule/results page, read 2026-10-09",official_university,yes,2026-10-09,
MEC_CONCORD_UNIVERSITY_WSOC,Concord University,2025,11,6,3,9,3,3,,https://cumountainlions.com/sports/womens-soccer/schedule/2025,"Official 2025 schedule/results page, read 2026-10-09",official_university,yes,2026-10-09,
MEC_DAVIS_AND_ELKINS_COLLEGE_WSOC,Davis & Elkins College,2023,2,14,2,1,12,2,,https://senatornation.com/sports/womens-soccer/schedule/2023,"Official 2023 schedule/results page, read 2026-10-09",official_university,yes,2026-10-09,
MEC_DAVIS_AND_ELKINS_COLLEGE_WSOC,Davis & Elkins College,2024,2,15,1,1,13,1,,https://senatornation.com/sports/womens-soccer/schedule/2024,"Official 2024 schedule/results page, read 2026-10-09",official_university,yes,2026-10-09,
MEC_DAVIS_AND_ELKINS_COLLEGE_WSOC,Davis & Elkins College,2025,2,11,5,2,10,4,,https://senatornation.com/sports/womens-soccer/schedule/2025,"Official 2025 schedule/results page, read 2026-10-09",official_university,yes,2026-10-09,
MEC_FAIRMONT_STATE_UNIVERSITY_WSOC,Fairmont State University,2023,7,10,2,5,8,1,,https://fightingfalcons.com/sports/womens-soccer/schedule/2023,"Official 2023 schedule/results page, read 2026-10-09",official_university,yes,2026-10-09,
MEC_FAIRMONT_STATE_UNIVERSITY_WSOC,Fairmont State University,2024,12,7,1,9,5,0,,https://fightingfalcons.com/sports/womens-soccer/schedule/2024,"Official 2024 schedule/results page, read 2026-10-09",official_university,yes,2026-10-09,
MEC_FAIRMONT_STATE_UNIVERSITY_WSOC,Fairmont State University,2025,17,2,3,10,1,3,,https://fightingfalcons.com/sports/womens-soccer/schedule/2025,"Official 2025 schedule/results page, read 2026-10-09",official_university,yes,2026-10-09,
MEC_FROSTBURG_STATE_UNIVERSITY_WSOC,Frostburg State University,2023,17,3,2,11,1,2,,https://frostburgsports.com/sports/womens-soccer/schedule/2023,"Official 2023 schedule/results page, read 2026-10-09",official_university,yes,2026-10-09,
MEC_FROSTBURG_STATE_UNIVERSITY_WSOC,Frostburg State University,2024,15,4,2,11,1,2,,https://frostburgsports.com/sports/womens-soccer/schedule/2024,"Official 2024 schedule/results page, read 2026-10-09",official_university,yes,2026-10-09,
MEC_FROSTBURG_STATE_UNIVERSITY_WSOC,Frostburg State University,2025,10,5,4,7,3,4,,https://frostburgsports.com/sports/womens-soccer/schedule/2025,"Official 2025 schedule/results page, read 2026-10-09",official_university,yes,2026-10-09,
MEC_POINT_PARK_UNIVERSITY_WSOC,Point Park University,2023,11,5,4,7,1,2,,https://pointparksports.com/sports/womens-soccer/schedule/2023,"Official 2023 schedule/results page, read 2026-10-09",official_university,yes,2026-10-09,
MEC_POINT_PARK_UNIVERSITY_WSOC,Point Park University,2024,3,10,5,1,9,4,,https://pointparksports.com/sports/womens-soccer/schedule/2024,"Official 2024 schedule/results page, read 2026-10-09",official_university,yes,2026-10-09,
MEC_POINT_PARK_UNIVERSITY_WSOC,Point Park University,2025,8,7,4,6,5,3,,https://pointparksports.com/sports/womens-soccer/schedule/2025,"Official 2025 schedule/results page, read 2026-10-09",official_university,yes,2026-10-09,
MEC_SHAWNEE_STATE_UNIVERSITY_WSOC,Shawnee State University,2023,8,10,1,6,3,1,,https://ssubears.com/sports/womens-soccer/schedule/2023,"Official 2023 schedule/results page, read 2026-10-09",official_university,yes,2026-10-09,
MEC_SHAWNEE_STATE_UNIVERSITY_WSOC,Shawnee State University,2024,3,9,4,3,3,3,,https://ssubears.com/sports/womens-soccer/schedule/2024,"Official 2024 schedule/results page, read 2026-10-09",official_university,yes,2026-10-09,
MEC_SHAWNEE_STATE_UNIVERSITY_WSOC,Shawnee State University,2025,4,13,1,3,7,0,,https://ssubears.com/sports/womens-soccer/schedule/2025,"Official 2025 schedule/results page, read 2026-10-09",official_university,yes,2026-10-09,
MEC_UNIVERSITY_OF_CHARLESTON_WSOC,University of Charleston,2023,18,1,3,13,0,2,,https://ucgoldeneagles.com/sports/womens-soccer/schedule/2023,"Official 2023 schedule/results page, read 2026-10-09",official_university,yes,2026-10-09,
MEC_UNIVERSITY_OF_CHARLESTON_WSOC,University of Charleston,2024,16,6,0,13,2,0,,https://ucgoldeneagles.com/sports/womens-soccer/schedule/2024,"Official 2024 schedule/results page, read 2026-10-09",official_university,yes,2026-10-09,
MEC_UNIVERSITY_OF_CHARLESTON_WSOC,University of Charleston,2025,10,8,3,7,5,3,,https://ucgoldeneagles.com/sports/womens-soccer/schedule/2025,"Official 2025 schedule/results page, read 2026-10-09",official_university,yes,2026-10-09,
MEC_WEST_LIBERTY_UNIVERSITY_WSOC,West Liberty University,2023,7,8,4,5,6,3,,https://hilltoppersports.com/sports/womens-soccer/schedule/2023,"Official 2023 schedule/results page, read 2026-10-09",official_university,yes,2026-10-09,
MEC_WEST_LIBERTY_UNIVERSITY_WSOC,West Liberty University,2024,6,11,2,4,8,2,,https://hilltoppersports.com/sports/womens-soccer/schedule/2024,"Official 2024 schedule/results page, read 2026-10-09",official_university,yes,2026-10-09,
MEC_WEST_LIBERTY_UNIVERSITY_WSOC,West Liberty University,2025,4,14,1,2,11,1,,https://hilltoppersports.com/sports/womens-soccer/schedule/2025,"Official 2025 schedule/results page, read 2026-10-09",official_university,yes,2026-10-09,
MEC_WEST_VIRGINIA_STATE_UNIVERSITY_WSOC,West Virginia State University,2023,11,6,3,9,3,3,,https://wvsuyellowjackets.com/sports/womens-soccer/schedule/2023,"Official 2023 schedule/results page, read 2026-10-09",official_university,yes,2026-10-09,
MEC_WEST_VIRGINIA_STATE_UNIVERSITY_WSOC,West Virginia State University,2024,16,4,3,11,2,2,,https://wvsuyellowjackets.com/sports/womens-soccer/schedule/2024,"Official 2024 schedule/results page, read 2026-10-09",official_university,yes,2026-10-09,
MEC_WEST_VIRGINIA_STATE_UNIVERSITY_WSOC,West Virginia State University,2025,15,5,1,14,1,1,,https://wvsuyellowjackets.com/sports/womens-soccer/schedule/2025,"Official 2025 schedule/results page, read 2026-10-09",official_university,yes,2026-10-09,
MEC_WEST_VIRGINIA_WESLEYAN_COLLEGE_WSOC,West Virginia Wesleyan College,2023,4,13,1,2,11,1,,https://wesleyanbobcats.com/sports/womens-soccer/schedule/2023,"Official 2023 schedule/results page, read 2026-10-09",official_university,yes,2026-10-09,
MEC_WEST_VIRGINIA_WESLEYAN_COLLEGE_WSOC,West Virginia Wesleyan College,2024,6,10,3,4,8,3,,https://wesleyanbobcats.com/sports/womens-soccer/schedule/2024,"Official 2024 schedule/results page, read 2026-10-09",official_university,yes,2026-10-09,
MEC_WEST_VIRGINIA_WESLEYAN_COLLEGE_WSOC,West Virginia Wesleyan College,2025,7,8,2,5,9,1,,https://wesleyanbobcats.com/sports/womens-soccer/schedule/2025,"Official 2025 schedule/results page, read 2026-10-09",official_university,yes,2026-10-09,
MEC_WHEELING_UNIVERSITY_WSOC,Wheeling University,2023,5,11,2,2,10,2,,https://wucardinals.com/sports/womens-soccer/schedule/2023,"Official 2023 schedule/results page, read 2026-10-09",official_university,yes,2026-10-09,
MEC_WHEELING_UNIVERSITY_WSOC,Wheeling University,2024,5,13,1,3,10,1,,https://wucardinals.com/sports/womens-soccer/schedule/2024,"Official 2024 schedule/results page, read 2026-10-09",official_university,yes,2026-10-09,
MEC_WHEELING_UNIVERSITY_WSOC,Wheeling University,2025,3,11,4,1,9,4,,https://wucardinals.com/sports/womens-soccer/schedule/2025,"Official 2025 schedule/results page, read 2026-10-09",official_university,yes,2026-10-09,
NEC_ADELPHI_UNIVERSITY_WSOC,Adelphi University,2023,15,4,5,7,1,3,,https://aupanthers.com/sports/womens-soccer/schedule/2023,"Official 2023 schedule/results page, read 2026-10-09",official_university,yes,2026-10-09,
NEC_ADELPHI_UNIVERSITY_WSOC,Adelphi University,2024,12,4,1,9,1,0,,https://aupanthers.com/sports/womens-soccer/schedule/2024,"Official 2024 schedule/results page, read 2026-10-09",official_university,yes,2026-10-09,
NEC_ADELPHI_UNIVERSITY_WSOC,Adelphi University,2025,10,6,1,5,4,0,,https://aupanthers.com/sports/womens-soccer/schedule/2025,"Official 2025 schedule/results page, read 2026-10-09",official_university,yes,2026-10-09,
NEC_AMERICAN_INTERNATIONAL_COLLEGE_WSOC,American International College,2023,7,7,1,4,6,1,,https://aicyellowjackets.com/sports/womens-soccer/schedule/2023,"Official 2023 schedule/results page, read 2026-10-09",official_university,yes,2026-10-09,
NEC_AMERICAN_INTERNATIONAL_COLLEGE_WSOC,American International College,2024,5,7,4,1,5,4,,https://aicyellowjackets.com/sports/womens-soccer/schedule/2024,"Official 2024 schedule/results page, read 2026-10-09",official_university,yes,2026-10-09,
NEC_AMERICAN_INTERNATIONAL_COLLEGE_WSOC,American International College,2025,3,10,2,2,7,0,,https://aicyellowjackets.com/sports/womens-soccer/schedule/2025,"Official 2025 schedule/results page, read 2026-10-09",official_university,yes,2026-10-09,
NEC_ASSUMPTION_UNIVERSITY_WSOC,Assumption University,2023,3,4,9,1,4,6,,https://assumptiongreyhounds.com/sports/womens-soccer/schedule/2023,"Official 2023 schedule/results page, read 2026-10-09",official_university,yes,2026-10-09,
NEC_ASSUMPTION_UNIVERSITY_WSOC,Assumption University,2024,7,5,6,1,4,5,,https://assumptiongreyhounds.com/sports/womens-soccer/schedule/2024,"Official 2024 schedule/results page, read 2026-10-09",official_university,yes,2026-10-09,
NEC_ASSUMPTION_UNIVERSITY_WSOC,Assumption University,2025,6,6,3,3,6,0,,https://assumptiongreyhounds.com/sports/womens-soccer/schedule/2025,"Official 2025 schedule/results page, read 2026-10-09",official_university,yes,2026-10-09,
NEC_BENTLEY_UNIVERSITY_WSOC,Bentley University,2023,5,7,4,4,5,2,,https://bentleyfalcons.com/sports/womens-soccer/schedule/2023,"Official 2023 schedule/results page, read 2026-10-09",official_university,yes,2026-10-09,
NEC_BENTLEY_UNIVERSITY_WSOC,Bentley University,2024,8,4,7,4,2,4,,https://bentleyfalcons.com/sports/womens-soccer/schedule/2024,"Official 2024 schedule/results page, read 2026-10-09",official_university,yes,2026-10-09,
NEC_BENTLEY_UNIVERSITY_WSOC,Bentley University,2025,6,7,4,3,4,2,,https://bentleyfalcons.com/sports/womens-soccer/schedule/2025,"Official 2025 schedule/results page, read 2026-10-09",official_university,yes,2026-10-09,
NEC_FRANKLIN_PIERCE_UNIVERSITY_WSOC,Franklin Pierce University,2023,7,5,6,5,3,3,,https://fpuravens.com/sports/womens-soccer/schedule/2023,"Official 2023 schedule/results page, read 2026-10-09",official_university,yes,2026-10-09,
NEC_FRANKLIN_PIERCE_UNIVERSITY_WSOC,Franklin Pierce University,2024,20,4,1,7,2,1,,https://fpuravens.com/sports/womens-soccer/schedule/2024,"Official 2024 schedule/results page, read 2026-10-09",official_university,yes,2026-10-09,
NEC_FRANKLIN_PIERCE_UNIVERSITY_WSOC,Franklin Pierce University,2025,17,3,5,6,1,2,,https://fpuravens.com/sports/womens-soccer/schedule/2025,"Official 2025 schedule/results page, read 2026-10-09",official_university,yes,2026-10-09,
NEC_PACE_UNIVERSITY_WSOC,Pace University,2023,7,7,2,3,6,2,,https://paceuathletics.com/sports/womens-soccer/schedule/2023,"Official 2023 schedule/results page, read 2026-10-09",official_university,yes,2026-10-09,
NEC_PACE_UNIVERSITY_WSOC,Pace University,2024,4,8,5,1,5,4,,https://paceuathletics.com/sports/womens-soccer/schedule/2024,"Official 2024 schedule/results page, read 2026-10-09",official_university,yes,2026-10-09,
NEC_PACE_UNIVERSITY_WSOC,Pace University,2025,8,9,1,3,5,1,,https://paceuathletics.com/sports/womens-soccer/schedule/2025,"Official 2025 schedule/results page, read 2026-10-09",official_university,yes,2026-10-09,
NEC_SAINT_ANSELM_COLLEGE_WSOC,Saint Anselm College,2023,7,6,5,5,4,2,,https://saintanselmhawks.com/sports/womens-soccer/schedule/2023,"Official 2023 schedule/results page, read 2026-10-09",official_university,yes,2026-10-09,
NEC_SAINT_ANSELM_COLLEGE_WSOC,Saint Anselm College,2024,5,4,10,2,2,6,,https://saintanselmhawks.com/sports/womens-soccer/schedule/2024,"Official 2024 schedule/results page, read 2026-10-09",official_university,yes,2026-10-09,
NEC_SAINT_ANSELM_COLLEGE_WSOC,Saint Anselm College,2025,10,3,5,7,0,2,,https://saintanselmhawks.com/sports/womens-soccer/schedule/2025,"Official 2025 schedule/results page, read 2026-10-09",official_university,yes,2026-10-09,
NEC_SAINT_MICHAEL_S_COLLEGE_WSOC,Saint Michael's College,2023,7,6,4,3,6,2,,https://smcathletics.com/sports/womens-soccer/schedule/2023,"Official 2023 schedule/results page, read 2026-10-09",official_university,yes,2026-10-09,
NEC_SAINT_MICHAEL_S_COLLEGE_WSOC,Saint Michael's College,2024,11,4,4,3,3,4,,https://smcathletics.com/sports/womens-soccer/schedule/2024,"Official 2024 schedule/results page, read 2026-10-09",official_university,yes,2026-10-09,
NEC_SAINT_MICHAEL_S_COLLEGE_WSOC,Saint Michael's College,2025,16,3,1,6,2,1,,https://smcathletics.com/sports/womens-soccer/schedule/2025,"Official 2025 schedule/results page, read 2026-10-09",official_university,yes,2026-10-09,
NEC_SOUTHERN_CONNECTICUT_STATE_UNIVERSITY_WSOC,Southern Connecticut State University,2023,5,7,5,3,4,4,,https://scsuowls.com/sports/womens-soccer/schedule/2023,"Official 2023 schedule/results page, read 2026-10-09",official_university,yes,2026-10-09,
NEC_SOUTHERN_CONNECTICUT_STATE_UNIVERSITY_WSOC,Southern Connecticut State University,2024,6,6,6,1,4,5,,https://scsuowls.com/sports/womens-soccer/schedule/2024,"Official 2024 schedule/results page, read 2026-10-09",official_university,yes,2026-10-09,
NEC_SOUTHERN_CONNECTICUT_STATE_UNIVERSITY_WSOC,Southern Connecticut State University,2025,3,9,3,1,7,1,,https://scsuowls.com/sports/womens-soccer/schedule/2025,"Official 2025 schedule/results page, read 2026-10-09",official_university,yes,2026-10-09,
NEC_SOUTHERN_NEW_HAMPSHIRE_UNIVERSITY_WSOC,Southern New Hampshire University,2023,10,5,5,5,2,4,,https://snhupenmen.com/sports/womens-soccer/schedule/2023,"Official 2023 schedule/results page, read 2026-10-09",official_university,yes,2026-10-09,
NEC_SOUTHERN_NEW_HAMPSHIRE_UNIVERSITY_WSOC,Southern New Hampshire University,2024,10,2,6,5,1,4,,https://snhupenmen.com/sports/womens-soccer/schedule/2024,"Official 2024 schedule/results page, read 2026-10-09",official_university,yes,2026-10-09,
NEC_SOUTHERN_NEW_HAMPSHIRE_UNIVERSITY_WSOC,Southern New Hampshire University,2025,5,8,3,3,3,3,,https://snhupenmen.com/sports/womens-soccer/schedule/2025,"Official 2025 schedule/results page, read 2026-10-09",official_university,yes,2026-10-09,
NSIC_AUGUSTANA_UNIVERSITY_WSOC,Augustana University,2023,9,7,3,7,5,2,,https://goaugie.com/sports/womens-soccer/schedule/2023,"Official 2023 schedule/results page, read 2026-10-09",official_university,yes,2026-10-09,
NSIC_AUGUSTANA_UNIVERSITY_WSOC,Augustana University,2024,10,5,4,9,2,3,,https://goaugie.com/sports/womens-soccer/schedule/2024,"Official 2024 schedule/results page, read 2026-10-09",official_university,yes,2026-10-09,
NSIC_AUGUSTANA_UNIVERSITY_WSOC,Augustana University,2025,11,5,3,9,4,2,,https://goaugie.com/sports/womens-soccer/schedule/2025,"Official 2025 schedule/results page, read 2026-10-09",official_university,yes,2026-10-09,
NSIC_BEMIDJI_STATE_UNIVERSITY_WSOC,Bemidji State University,2023,13,4,6,7,3,4,,https://bsubeavers.com/sports/womens-soccer/schedule/2023,"Official 2023 schedule/results page, read 2026-10-09",official_university,yes,2026-10-09,
NSIC_BEMIDJI_STATE_UNIVERSITY_WSOC,Bemidji State University,2024,9,7,3,7,4,3,,https://bsubeavers.com/sports/womens-soccer/schedule/2024,"Official 2024 schedule/results page, read 2026-10-09",official_university,yes,2026-10-09,
NSIC_BEMIDJI_STATE_UNIVERSITY_WSOC,Bemidji State University,2025,14,3,4,11,1,3,,https://bsubeavers.com/sports/womens-soccer/schedule/2025,"Official 2025 schedule/results page, read 2026-10-09",official_university,yes,2026-10-09,
NSIC_CONCORDIA_UNIVERSITY_ST_PAUL_WSOC,Concordia University–St. Paul,2023,9,7,4,6,4,4,,https://cspbears.com/sports/womens-soccer/schedule/2023,"Official 2023 schedule/results page, read 2026-10-09",official_university,yes,2026-10-09,
NSIC_CONCORDIA_UNIVERSITY_ST_PAUL_WSOC,Concordia University–St. Paul,2024,13,4,4,10,3,1,,https://cspbears.com/sports/womens-soccer/schedule/2024,"Official 2024 schedule/results page, read 2026-10-09",official_university,yes,2026-10-09,
NSIC_CONCORDIA_UNIVERSITY_ST_PAUL_WSOC,Concordia University–St. Paul,2025,12,3,5,9,3,3,,https://cspbears.com/sports/womens-soccer/schedule/2025,"Official 2025 schedule/results page, read 2026-10-09",official_university,yes,2026-10-09,
NSIC_MINNESOTA_STATE_UNIVERSITY_MOORHEAD_WSOC,Minnesota State University Moorhead,2023,3,10,5,2,7,5,,https://www.msumdragons.com/sports/womens-soccer/schedule/2023,"Official 2023 schedule/results page, read 2026-10-09",official_university,yes,2026-10-09,
NSIC_MINNESOTA_STATE_UNIVERSITY_MOORHEAD_WSOC,Minnesota State University Moorhead,2024,1,14,3,1,11,2,,https://www.msumdragons.com/sports/womens-soccer/schedule/2024,"Official 2024 schedule/results page, read 2026-10-09",official_university,yes,2026-10-09,
NSIC_MINNESOTA_STATE_UNIVERSITY_MOORHEAD_WSOC,Minnesota State University Moorhead,2025,3,14,1,2,13,0,,https://www.msumdragons.com/sports/womens-soccer/schedule/2025,"Official 2025 schedule/results page, read 2026-10-09",official_university,yes,2026-10-09,
NSIC_MINNESOTA_STATE_UNIVERSITY_MANKATO_WSOC,"Minnesota State University, Mankato",2023,11,4,5,9,1,4,,https://msumavericks.com/sports/womens-soccer/schedule/2023,"Official 2023 schedule/results page, read 2026-10-09",official_university,yes,2026-10-09,
NSIC_MINNESOTA_STATE_UNIVERSITY_MANKATO_WSOC,"Minnesota State University, Mankato",2024,18,2,7,11,0,3,,https://msumavericks.com/sports/womens-soccer/schedule/2024,"Official 2024 schedule/results page, read 2026-10-09",official_university,yes,2026-10-09,
NSIC_MINNESOTA_STATE_UNIVERSITY_MANKATO_WSOC,"Minnesota State University, Mankato",2025,18,1,4,13,1,1,,https://msumavericks.com/sports/womens-soccer/schedule/2025,"Official 2025 schedule/results page, read 2026-10-09",official_university,yes,2026-10-09,
NSIC_MINOT_STATE_UNIVERSITY_WSOC,Minot State University,2023,6,8,4,3,7,4,,https://msubeavers.com/sports/womens-soccer/schedule/2023,"Official 2023 schedule/results page, read 2026-10-09",official_university,yes,2026-10-09,
NSIC_MINOT_STATE_UNIVERSITY_WSOC,Minot State University,2024,11,4,5,8,3,3,,https://msubeavers.com/sports/womens-soccer/schedule/2024,"Official 2024 schedule/results page, read 2026-10-09",official_university,yes,2026-10-09,
NSIC_MINOT_STATE_UNIVERSITY_WSOC,Minot State University,2025,9,5,5,9,2,4,,https://msubeavers.com/sports/womens-soccer/schedule/2025,"Official 2025 schedule/results page, read 2026-10-09",official_university,yes,2026-10-09,
NSIC_NORTHERN_STATE_UNIVERSITY_WSOC,Northern State University,2023,9,4,5,8,1,5,,https://nsuwolves.com/sports/womens-soccer/schedule/2023,"Official 2023 schedule/results page, read 2026-10-09",official_university,yes,2026-10-09,
NSIC_NORTHERN_STATE_UNIVERSITY_WSOC,Northern State University,2024,7,7,4,6,5,3,,https://nsuwolves.com/sports/womens-soccer/schedule/2024,"Official 2024 schedule/results page, read 2026-10-09",official_university,yes,2026-10-09,
NSIC_NORTHERN_STATE_UNIVERSITY_WSOC,Northern State University,2025,6,9,4,6,5,4,,https://nsuwolves.com/sports/womens-soccer/schedule/2025,"Official 2025 schedule/results page, read 2026-10-09",official_university,yes,2026-10-09,
NSIC_SOUTHWEST_MINNESOTA_STATE_UNIVERSITY_WSOC,Southwest Minnesota State University,2023,6,10,1,6,7,1,,https://smsumustangs.com/sports/womens-soccer/schedule/2023,"Official 2023 schedule/results page, read 2026-10-09",official_university,yes,2026-10-09,
NSIC_SOUTHWEST_MINNESOTA_STATE_UNIVERSITY_WSOC,Southwest Minnesota State University,2024,2,14,2,2,10,2,,https://smsumustangs.com/sports/womens-soccer/schedule/2024,"Official 2024 schedule/results page, read 2026-10-09",official_university,yes,2026-10-09,
NSIC_SOUTHWEST_MINNESOTA_STATE_UNIVERSITY_WSOC,Southwest Minnesota State University,2025,3,15,0,2,13,0,,https://smsumustangs.com/sports/womens-soccer/schedule/2025,"Official 2025 schedule/results page, read 2026-10-09",official_university,yes,2026-10-09,
NSIC_ST_CLOUD_STATE_UNIVERSITY_WSOC,St. Cloud State University,2023,14,5,2,10,2,2,,https://scsuhuskies.com/sports/womens-soccer/schedule/2023,"Official 2023 schedule/results page, read 2026-10-09",official_university,yes,2026-10-09,
NSIC_ST_CLOUD_STATE_UNIVERSITY_WSOC,St. Cloud State University,2024,11,4,5,8,1,5,,https://scsuhuskies.com/sports/womens-soccer/schedule/2024,"Official 2024 schedule/results page, read 2026-10-09",official_university,yes,2026-10-09,
NSIC_ST_CLOUD_STATE_UNIVERSITY_WSOC,St. Cloud State University,2025,16,3,5,11,1,3,,https://scsuhuskies.com/sports/womens-soccer/schedule/2025,"Official 2025 schedule/results page, read 2026-10-09",official_university,yes,2026-10-09,
NSIC_UNIVERSITY_OF_MINNESOTA_CROOKSTON_WSOC,University of Minnesota Crookston,2023,0,18,0,0,14,0,,https://goldeneaglesports.com/sports/womens-soccer/schedule/2023,"Official 2023 schedule/results page, read 2026-10-09",official_university,yes,2026-10-09,
NSIC_UNIVERSITY_OF_MINNESOTA_CROOKSTON_WSOC,University of Minnesota Crookston,2024,1,15,2,1,12,1,,https://goldeneaglesports.com/sports/womens-soccer/schedule/2024,"Official 2024 schedule/results page, read 2026-10-09",official_university,yes,2026-10-09,
NSIC_UNIVERSITY_OF_MINNESOTA_CROOKSTON_WSOC,University of Minnesota Crookston,2025,2,13,3,1,12,2,,https://goldeneaglesports.com/sports/womens-soccer/schedule/2025,"Official 2025 schedule/results page, read 2026-10-09",official_university,yes,2026-10-09,
NSIC_UNIVERSITY_OF_MINNESOTA_DULUTH_WSOC,University of Minnesota Duluth,2023,6,7,6,5,4,5,,https://umdbulldogs.com/sports/womens-soccer/schedule/2023,"Official 2023 schedule/results page, read 2026-10-09",official_university,yes,2026-10-09,
NSIC_UNIVERSITY_OF_MINNESOTA_DULUTH_WSOC,University of Minnesota Duluth,2024,2,12,3,2,9,3,,https://umdbulldogs.com/sports/womens-soccer/schedule/2024,"Official 2024 schedule/results page, read 2026-10-09",official_university,yes,2026-10-09,
NSIC_UNIVERSITY_OF_MINNESOTA_DULUTH_WSOC,University of Minnesota Duluth,2025,6,8,4,5,7,3,,https://umdbulldogs.com/sports/womens-soccer/schedule/2025,"Official 2025 schedule/results page, read 2026-10-09",official_university,yes,2026-10-09,
NSIC_UNIVERSITY_OF_SIOUX_FALLS_WSOC,University of Sioux Falls,2023,3,11,3,3,8,3,,https://usfcougars.com/sports/womens-soccer/schedule/2023,"Official 2023 schedule/results page, read 2026-10-09",official_university,yes,2026-10-09,
NSIC_UNIVERSITY_OF_SIOUX_FALLS_WSOC,University of Sioux Falls,2024,2,15,1,2,11,1,,https://usfcougars.com/sports/womens-soccer/schedule/2024,"Official 2024 schedule/results page, read 2026-10-09",official_university,yes,2026-10-09,
NSIC_UNIVERSITY_OF_SIOUX_FALLS_WSOC,University of Sioux Falls,2025,6,10,2,4,9,2,,https://usfcougars.com/sports/womens-soccer/schedule/2025,"Official 2025 schedule/results page, read 2026-10-09",official_university,yes,2026-10-09,
NSIC_WAYNE_STATE_COLLEGE_WSOC,Wayne State College,2023,7,8,3,5,6,3,,https://wscwildcats.com/sports/womens-soccer/schedule/2023,"Official 2023 schedule/results page, read 2026-10-09",official_university,yes,2026-10-09,
NSIC_WAYNE_STATE_COLLEGE_WSOC,Wayne State College,2024,7,7,5,6,4,4,,https://wscwildcats.com/sports/womens-soccer/schedule/2024,"Official 2024 schedule/results page, read 2026-10-09",official_university,yes,2026-10-09,
NSIC_WAYNE_STATE_COLLEGE_WSOC,Wayne State College,2025,6,8,4,5,8,2,,https://wscwildcats.com/sports/womens-soccer/schedule/2025,"Official 2025 schedule/results page, read 2026-10-09",official_university,yes,2026-10-09,
NSIC_WINONA_STATE_UNIVERSITY_WSOC,Winona State University,2023,3,7,7,2,6,6,,https://winonastatewarriors.com/sports/womens-soccer/schedule/2023,"Official 2023 schedule/results page, read 2026-10-09",official_university,yes,2026-10-09,
NSIC_WINONA_STATE_UNIVERSITY_WSOC,Winona State University,2024,6,8,2,5,8,1,,https://winonastatewarriors.com/sports/womens-soccer/schedule/2024,"Official 2024 schedule/results page, read 2026-10-09",official_university,yes,2026-10-09,
NSIC_WINONA_STATE_UNIVERSITY_WSOC,Winona State University,2025,7,6,4,6,6,3,,https://winonastatewarriors.com/sports/womens-soccer/schedule/2025,"Official 2025 schedule/results page, read 2026-10-09",official_university,yes,2026-10-09,
PACWEST_CHAMINADE_UNIVERSITY_OF_HONOLULU_WSOC,Chaminade University of Honolulu,2023,7,4,5,5,2,3,,https://goswords.com/sports/womens-soccer/schedule/2023,"Official 2023 schedule/results page, read 2026-10-09",official_university,yes,2026-10-09,
PACWEST_CHAMINADE_UNIVERSITY_OF_HONOLULU_WSOC,Chaminade University of Honolulu,2024,6,5,5,5,3,3,,https://goswords.com/sports/womens-soccer/schedule/2024,"Official 2024 schedule/results page, read 2026-10-09",official_university,yes,2026-10-09,
PACWEST_CHAMINADE_UNIVERSITY_OF_HONOLULU_WSOC,Chaminade University of Honolulu,2025,1,5,8,1,5,4,,https://goswords.com/sports/womens-soccer/schedule/2025,"Official 2025 schedule/results page, read 2026-10-09",official_university,yes,2026-10-09,
PACWEST_CONCORDIA_UNIVERSITY_IRVINE_WSOC,Concordia University–Irvine,2023,13,3,2,7,1,2,,https://cuigoldeneagles.com/sports/womens-soccer/schedule/2023,"Official 2023 schedule/results page, read 2026-10-09",official_university,yes,2026-10-09,
PACWEST_CONCORDIA_UNIVERSITY_IRVINE_WSOC,Concordia University–Irvine,2024,13,3,2,9,1,1,,https://cuigoldeneagles.com/sports/womens-soccer/schedule/2024,"Official 2024 schedule/results page, read 2026-10-09",official_university,yes,2026-10-09,
PACWEST_CONCORDIA_UNIVERSITY_IRVINE_WSOC,Concordia University–Irvine,2025,10,3,4,5,2,3,,https://cuigoldeneagles.com/sports/womens-soccer/schedule/2025,"Official 2025 schedule/results page, read 2026-10-09",official_university,yes,2026-10-09,
PACWEST_DOMINICAN_UNIVERSITY_OF_CALIFORNIA_WSOC,Dominican University of California,2023,5,10,3,1,6,3,,https://dominicanathletics.com/sports/womens-soccer/schedule/2023,"Official 2023 schedule/results page, read 2026-10-09",official_university,yes,2026-10-09,
PACWEST_DOMINICAN_UNIVERSITY_OF_CALIFORNIA_WSOC,Dominican University of California,2024,7,10,1,4,7,0,,https://dominicanathletics.com/sports/womens-soccer/schedule/2024,"Official 2024 schedule/results page, read 2026-10-09",official_university,yes,2026-10-09,
PACWEST_DOMINICAN_UNIVERSITY_OF_CALIFORNIA_WSOC,Dominican University of California,2025,9,2,9,5,1,4,,https://dominicanathletics.com/sports/womens-soccer/schedule/2025,"Official 2025 schedule/results page, read 2026-10-09",official_university,yes,2026-10-09,
PACWEST_HAWAI_I_PACIFIC_UNIVERSITY_WSOC,Hawai'i Pacific University,2023,1,9,5,1,5,4,,https://hpusharks.com/sports/womens-soccer/schedule/2023,"Official 2023 schedule/results page, read 2026-10-09",official_university,yes,2026-10-09,
PACWEST_HAWAI_I_PACIFIC_UNIVERSITY_WSOC,Hawai'i Pacific University,2024,3,8,2,2,7,2,,https://hpusharks.com/sports/womens-soccer/schedule/2024,"Official 2024 schedule/results page, read 2026-10-09",official_university,yes,2026-10-09,
PACWEST_HAWAI_I_PACIFIC_UNIVERSITY_WSOC,Hawai'i Pacific University,2025,2,8,5,1,6,3,,https://hpusharks.com/sports/womens-soccer/schedule/2025,"Official 2025 schedule/results page, read 2026-10-09",official_university,yes,2026-10-09,
PACWEST_JESSUP_UNIVERSITY_WSOC,Jessup University,2023,5,10,2,1,5,1,,https://jessupathletics.com/sports/womens-soccer/schedule/2023,"Official 2023 schedule/results page, read 2026-10-09",official_university,yes,2026-10-09,
PACWEST_JESSUP_UNIVERSITY_WSOC,Jessup University,2024,4,12,2,2,8,1,,https://jessupathletics.com/sports/womens-soccer/schedule/2024,"Official 2024 schedule/results page, read 2026-10-09",official_university,yes,2026-10-09,
PACWEST_JESSUP_UNIVERSITY_WSOC,Jessup University,2025,1,9,5,0,6,4,,https://jessupathletics.com/sports/womens-soccer/schedule/2025,"Official 2025 schedule/results page, read 2026-10-09",official_university,yes,2026-10-09,
PACWEST_POINT_LOMA_NAZARENE_UNIVERSITY_WSOC,Point Loma Nazarene University,2023,17,3,1,8,2,0,,https://plnusealions.com/sports/womens-soccer/schedule/2023,"Official 2023 schedule/results page, read 2026-10-09",official_university,yes,2026-10-09,
PACWEST_POINT_LOMA_NAZARENE_UNIVERSITY_WSOC,Point Loma Nazarene University,2024,17,3,1,10,1,0,,https://plnusealions.com/sports/womens-soccer/schedule/2024,"Official 2024 schedule/results page, read 2026-10-09",official_university,yes,2026-10-09,
PACWEST_POINT_LOMA_NAZARENE_UNIVERSITY_WSOC,Point Loma Nazarene University,2025,10,4,5,5,1,4,,https://plnusealions.com/sports/womens-soccer/schedule/2025,"Official 2025 schedule/results page, read 2026-10-09",official_university,yes,2026-10-09,
PACWEST_VANGUARD_UNIVERSITY_WSOC,Vanguard University,2023,8,5,4,3,3,1,,https://vanguardlions.com/sports/womens-soccer/schedule/2023,"Official 2023 schedule/results page, read 2026-10-09",official_university,yes,2026-10-09,
PACWEST_VANGUARD_UNIVERSITY_WSOC,Vanguard University,2024,3,10,2,2,7,2,,https://vanguardlions.com/sports/womens-soccer/schedule/2024,"Official 2024 schedule/results page, read 2026-10-09",official_university,yes,2026-10-09,
PACWEST_VANGUARD_UNIVERSITY_WSOC,Vanguard University,2025,6,7,3,4,4,2,,https://vanguardlions.com/sports/womens-soccer/schedule/2025,"Official 2025 schedule/results page, read 2026-10-09",official_university,yes,2026-10-09,
PACWEST_WESTMONT_COLLEGE_WSOC,Westmont College,2023,7,4,5,5,3,2,,https://athletics.westmont.edu/sports/womens-soccer/schedule/2023,"Official 2023 schedule/results page, read 2026-10-09",official_university,yes,2026-10-09,
PACWEST_WESTMONT_COLLEGE_WSOC,Westmont College,2024,9,8,2,9,2,0,,https://athletics.westmont.edu/sports/womens-soccer/schedule/2024,"Official 2024 schedule/results page, read 2026-10-09",official_university,yes,2026-10-09,
PACWEST_WESTMONT_COLLEGE_WSOC,Westmont College,2025,5,11,0,5,5,0,,https://athletics.westmont.edu/sports/womens-soccer/schedule/2025,"Official 2025 schedule/results page, read 2026-10-09",official_university,yes,2026-10-09,
PBC_CLAYTON_STATE_UNIVERSITY_WSOC,Clayton State University,2023,7,7,3,3,5,1,,https://claytonstatesports.com/sports/womens-soccer/schedule/2023,"Official 2023 schedule/results page, read 2026-10-09",official_university,yes,2026-10-09,
PBC_CLAYTON_STATE_UNIVERSITY_WSOC,Clayton State University,2024,8,3,6,3,2,4,,https://claytonstatesports.com/sports/womens-soccer/schedule/2024,"Official 2024 schedule/results page, read 2026-10-09",official_university,yes,2026-10-09,
PBC_CLAYTON_STATE_UNIVERSITY_WSOC,Clayton State University,2025,4,11,2,3,6,1,,https://claytonstatesports.com/sports/womens-soccer/schedule/2025,"Official 2025 schedule/results page, read 2026-10-09",official_university,yes,2026-10-09,
PBC_COLUMBUS_STATE_UNIVERSITY_WSOC,Columbus State University,2023,15,4,2,7,1,1,,https://csucougars.com/sports/womens-soccer/schedule/2023,"Official 2023 schedule/results page, read 2026-10-09",official_university,yes,2026-10-09,
PBC_COLUMBUS_STATE_UNIVERSITY_WSOC,Columbus State University,2024,22,1,2,9,0,0,,https://csucougars.com/sports/womens-soccer/schedule/2024,"Official 2024 schedule/results page, read 2026-10-09",official_university,yes,2026-10-09,
PBC_COLUMBUS_STATE_UNIVERSITY_WSOC,Columbus State University,2025,14,6,1,8,2,0,,https://csucougars.com/sports/womens-soccer/schedule/2025,"Official 2025 schedule/results page, read 2026-10-09",official_university,yes,2026-10-09,
PBC_FLAGLER_COLLEGE_WSOC,Flagler College,2023,11,5,3,6,1,2,,https://flaglerathletics.com/sports/womens-soccer/schedule/2023,"Official 2023 schedule/results page, read 2026-10-09",official_university,yes,2026-10-09,
PBC_FLAGLER_COLLEGE_WSOC,Flagler College,2024,8,4,6,4,2,3,,https://flaglerathletics.com/sports/womens-soccer/schedule/2024,"Official 2024 schedule/results page, read 2026-10-09",official_university,yes,2026-10-09,
PBC_FLAGLER_COLLEGE_WSOC,Flagler College,2025,10,7,3,5,3,2,,https://flaglerathletics.com/sports/womens-soccer/schedule/2025,"Official 2025 schedule/results page, read 2026-10-09",official_university,yes,2026-10-09,
PBC_GEORGIA_SOUTHWESTERN_STATE_UNIVERSITY_WSOC,Georgia Southwestern State University,2023,6,9,3,2,5,2,,https://gswcanes.com/sports/womens-soccer/schedule/2023,"Official 2023 schedule/results page, read 2026-10-09",official_university,yes,2026-10-09,
PBC_GEORGIA_SOUTHWESTERN_STATE_UNIVERSITY_WSOC,Georgia Southwestern State University,2024,7,8,1,4,4,1,,https://gswcanes.com/sports/womens-soccer/schedule/2024,"Official 2024 schedule/results page, read 2026-10-09",official_university,yes,2026-10-09,
PBC_GEORGIA_SOUTHWESTERN_STATE_UNIVERSITY_WSOC,Georgia Southwestern State University,2025,4,8,3,1,6,3,,https://gswcanes.com/sports/womens-soccer/schedule/2025,"Official 2025 schedule/results page, read 2026-10-09",official_university,yes,2026-10-09,
PBC_LANDER_UNIVERSITY_WSOC,Lander University,2023,10,4,4,5,2,2,,https://landerbearcats.com/sports/womens-soccer/schedule/2023,"Official 2023 schedule/results page, read 2026-10-09",official_university,yes,2026-10-09,
PBC_LANDER_UNIVERSITY_WSOC,Lander University,2024,9,4,5,3,2,4,,https://landerbearcats.com/sports/womens-soccer/schedule/2024,"Official 2024 schedule/results page, read 2026-10-09",official_university,yes,2026-10-09,
PBC_LANDER_UNIVERSITY_WSOC,Lander University,2025,14,4,2,8,1,1,,https://landerbearcats.com/sports/womens-soccer/schedule/2025,"Official 2025 schedule/results page, read 2026-10-09",official_university,yes,2026-10-09,
PBC_MIDDLE_GEORGIA_STATE_UNIVERSITY_WSOC,Middle Georgia State University,2023,4,11,3,2,6,2,,https://mgaknights.com/sports/womens-soccer/schedule/2023,"Official 2023 schedule/results page, read 2026-10-09",official_university,yes,2026-10-09,
PBC_MIDDLE_GEORGIA_STATE_UNIVERSITY_WSOC,Middle Georgia State University,2024,8,11,0,6,5,0,,https://mgaknights.com/sports/womens-soccer/schedule/2024,"Official 2024 schedule/results page, read 2026-10-09",official_university,yes,2026-10-09,
PBC_MIDDLE_GEORGIA_STATE_UNIVERSITY_WSOC,Middle Georgia State University,2025,4,9,5,0,8,2,,https://mgaknights.com/sports/womens-soccer/schedule/2025,"Official 2025 schedule/results page, read 2026-10-09",official_university,yes,2026-10-09,
PBC_UNIVERSITY_OF_SOUTH_CAROLINA_AIKEN_WSOC,University of South Carolina Aiken,2023,1,8,3,0,7,2,,https://pacersports.com/sports/womens-soccer/schedule/2023,"Official 2023 schedule/results page, read 2026-10-09",official_university,yes,2026-10-09,
PBC_UNIVERSITY_OF_SOUTH_CAROLINA_AIKEN_WSOC,University of South Carolina Aiken,2024,3,12,2,1,8,0,,https://pacersports.com/sports/womens-soccer/schedule/2024,"Official 2024 schedule/results page, read 2026-10-09",official_university,yes,2026-10-09,
PBC_UNIVERSITY_OF_SOUTH_CAROLINA_AIKEN_WSOC,University of South Carolina Aiken,2025,8,7,3,4,4,2,,https://pacersports.com/sports/womens-soccer/schedule/2025,"Official 2025 schedule/results page, read 2026-10-09",official_university,yes,2026-10-09,
PBC_UNIVERSITY_OF_SOUTH_CAROLINA_BEAUFORT_WSOC,University of South Carolina Beaufort,2023,13,4,2,4,4,1,,https://uscbathletics.com/sports/womens-soccer/schedule/2023,"Official 2023 schedule/results page, read 2026-10-09",official_university,yes,2026-10-09,
PBC_UNIVERSITY_OF_SOUTH_CAROLINA_BEAUFORT_WSOC,University of South Carolina Beaufort,2024,7,6,4,3,4,2,,https://uscbathletics.com/sports/womens-soccer/schedule/2024,"Official 2024 schedule/results page, read 2026-10-09",official_university,yes,2026-10-09,
PBC_UNIVERSITY_OF_SOUTH_CAROLINA_BEAUFORT_WSOC,University of South Carolina Beaufort,2025,9,6,4,3,5,2,,https://uscbathletics.com/sports/womens-soccer/schedule/2025,"Official 2025 schedule/results page, read 2026-10-09",official_university,yes,2026-10-09,
PSAC_COMMONWEALTH_UNIVERSITY_BLOOMSBURG_WSOC,Commonwealth University-Bloomsburg,2023,8,6,5,8,4,4,,https://bloomsburgathletics.com/sports/womens-soccer/schedule/2023,"Official 2023 schedule/results page, read 2026-10-09",official_university,yes,2026-10-09,
PSAC_COMMONWEALTH_UNIVERSITY_BLOOMSBURG_WSOC,Commonwealth University-Bloomsburg,2024,9,5,5,7,4,5,,https://bloomsburgathletics.com/sports/womens-soccer/schedule/2024,"Official 2024 schedule/results page, read 2026-10-09",official_university,yes,2026-10-09,
PSAC_COMMONWEALTH_UNIVERSITY_BLOOMSBURG_WSOC,Commonwealth University-Bloomsburg,2025,10,7,2,7,5,2,,https://bloomsburgathletics.com/sports/womens-soccer/schedule/2025,"Official 2025 schedule/results page, read 2026-10-09",official_university,yes,2026-10-09,
PSAC_COMMONWEALTH_UNIVERSITY_MANSFIELD_WSOC,Commonwealth University-Mansfield,2023,3,12,3,2,11,3,,https://gomounties.com/sports/womens-soccer/schedule/2023,"Official 2023 schedule/results page, read 2026-10-09",official_university,yes,2026-10-09,
PSAC_COMMONWEALTH_UNIVERSITY_MANSFIELD_WSOC,Commonwealth University-Mansfield,2024,0,15,3,0,15,1,,https://gomounties.com/sports/womens-soccer/schedule/2024,"Official 2024 schedule/results page, read 2026-10-09",official_university,yes,2026-10-09,
PSAC_COMMONWEALTH_UNIVERSITY_MANSFIELD_WSOC,Commonwealth University-Mansfield,2025,0,10,0,0,0,0,,https://gomounties.com/sports/womens-soccer/schedule/2025,"Official 2025 schedule/results page, read 2026-10-09",official_university,yes,2026-10-09,
PSAC_EAST_STROUDSBURG_UNIVERSITY_OF_PENNSYLVANIA_WSOC,East Stroudsburg University of Pennsylvania,2023,10,5,4,8,4,4,,https://esuwarriors.com/sports/womens-soccer/schedule/2023,"Official 2023 schedule/results page, read 2026-10-09",official_university,yes,2026-10-09,
PSAC_EAST_STROUDSBURG_UNIVERSITY_OF_PENNSYLVANIA_WSOC,East Stroudsburg University of Pennsylvania,2024,8,3,7,6,3,7,,https://esuwarriors.com/sports/womens-soccer/schedule/2024,"Official 2024 schedule/results page, read 2026-10-09",official_university,yes,2026-10-09,
PSAC_EAST_STROUDSBURG_UNIVERSITY_OF_PENNSYLVANIA_WSOC,East Stroudsburg University of Pennsylvania,2025,5,9,3,3,9,3,,https://esuwarriors.com/sports/womens-soccer/schedule/2025,"Official 2025 schedule/results page, read 2026-10-09",official_university,yes,2026-10-09,
PSAC_GANNON_UNIVERSITY_WSOC,Gannon University,2023,17,5,3,13,2,1,,https://gannonsports.com/sports/womens-soccer/schedule/2023,"Official 2023 schedule/results page, read 2026-10-09",official_university,yes,2026-10-09,
PSAC_GANNON_UNIVERSITY_WSOC,Gannon University,2024,16,2,4,10,0,4,,https://gannonsports.com/sports/womens-soccer/schedule/2024,"Official 2024 schedule/results page, read 2026-10-09",official_university,yes,2026-10-09,
PSAC_GANNON_UNIVERSITY_WSOC,Gannon University,2025,16,3,2,11,1,2,,https://gannonsports.com/sports/womens-soccer/schedule/2025,"Official 2025 schedule/results page, read 2026-10-09",official_university,yes,2026-10-09,
PSAC_INDIANA_UNIVERSITY_OF_PENNSYLVANIA_WSOC,Indiana University of Pennsylvania,2023,5,9,4,4,9,3,,https://iupathletics.com/sports/womens-soccer/schedule/2023,"Official 2023 schedule/results page, read 2026-10-09",official_university,yes,2026-10-09,
PSAC_INDIANA_UNIVERSITY_OF_PENNSYLVANIA_WSOC,Indiana University of Pennsylvania,2024,11,3,4,9,1,4,,https://iupathletics.com/sports/womens-soccer/schedule/2024,"Official 2024 schedule/results page, read 2026-10-09",official_university,yes,2026-10-09,
PSAC_INDIANA_UNIVERSITY_OF_PENNSYLVANIA_WSOC,Indiana University of Pennsylvania,2025,14,3,2,11,2,1,,https://iupathletics.com/sports/womens-soccer/schedule/2025,"Official 2025 schedule/results page, read 2026-10-09",official_university,yes,2026-10-09,
PSAC_KUTZTOWN_UNIVERSITY_OF_PENNSYLVANIA_WSOC,Kutztown University of Pennsylvania,2023,15,2,5,12,0,4,,https://kubears.com/sports/womens-soccer/schedule/2023,"Official 2023 schedule/results page, read 2026-10-09",official_university,yes,2026-10-09,
PSAC_KUTZTOWN_UNIVERSITY_OF_PENNSYLVANIA_WSOC,Kutztown University of Pennsylvania,2024,12,5,6,7,3,6,,https://kubears.com/sports/womens-soccer/schedule/2024,"Official 2024 schedule/results page, read 2026-10-09",official_university,yes,2026-10-09,
PSAC_KUTZTOWN_UNIVERSITY_OF_PENNSYLVANIA_WSOC,Kutztown University of Pennsylvania,2025,13,6,1,9,4,1,,https://kubears.com/sports/womens-soccer/schedule/2025,"Official 2025 schedule/results page, read 2026-10-09",official_university,yes,2026-10-09,
PSAC_MILLERSVILLE_UNIVERSITY_OF_PENNSYLVANIA_WSOC,Millersville University of Pennsylvania,2023,6,8,3,6,8,2,,https://millersvilleathletics.com/sports/womens-soccer/schedule/2023,"Official 2023 schedule/results page, read 2026-10-09",official_university,yes,2026-10-09,
PSAC_MILLERSVILLE_UNIVERSITY_OF_PENNSYLVANIA_WSOC,Millersville University of Pennsylvania,2024,6,6,5,5,6,5,,https://millersvilleathletics.com/sports/womens-soccer/schedule/2024,"Official 2024 schedule/results page, read 2026-10-09",official_university,yes,2026-10-09,
PSAC_MILLERSVILLE_UNIVERSITY_OF_PENNSYLVANIA_WSOC,Millersville University of Pennsylvania,2025,9,7,3,6,5,3,,https://millersvilleathletics.com/sports/womens-soccer/schedule/2025,"Official 2025 schedule/results page, read 2026-10-09",official_university,yes,2026-10-09,
PSAC_PENNSYLVANIA_WESTERN_UNIVERSITY_CALIFORNIA_PENNWES_WSOC,Pennsylvania Western University – California (PennWest California),2023,2,13,3,1,12,3,,https://calvulcans.com/sports/womens-soccer/schedule/2023,"Official 2023 schedule/results page, read 2026-10-09",official_university,yes,2026-10-09,
PSAC_PENNSYLVANIA_WESTERN_UNIVERSITY_CALIFORNIA_PENNWES_WSOC,Pennsylvania Western University – California (PennWest California),2024,4,12,2,3,10,1,,https://calvulcans.com/sports/womens-soccer/schedule/2024,"Official 2024 schedule/results page, read 2026-10-09",official_university,yes,2026-10-09,
PSAC_PENNSYLVANIA_WESTERN_UNIVERSITY_CALIFORNIA_PENNWES_WSOC,Pennsylvania Western University – California (PennWest California),2025,2,12,3,2,9,3,,https://calvulcans.com/sports/womens-soccer/schedule/2025,"Official 2025 schedule/results page, read 2026-10-09",official_university,yes,2026-10-09,
PSAC_PENNSYLVANIA_WESTERN_UNIVERSITY_CLARION_PENNWEST_C_WSOC,Pennsylvania Western University – Clarion (PennWest Clarion),2023,4,10,4,4,9,3,,https://clariongoldeneagles.com/sports/womens-soccer/schedule/2023,"Official 2023 schedule/results page, read 2026-10-09",official_university,yes,2026-10-09,
PSAC_PENNSYLVANIA_WESTERN_UNIVERSITY_CLARION_PENNWEST_C_WSOC,Pennsylvania Western University – Clarion (PennWest Clarion),2024,2,14,1,1,12,1,,https://clariongoldeneagles.com/sports/womens-soccer/schedule/2024,"Official 2024 schedule/results page, read 2026-10-09",official_university,yes,2026-10-09,
PSAC_PENNSYLVANIA_WESTERN_UNIVERSITY_CLARION_PENNWEST_C_WSOC,Pennsylvania Western University – Clarion (PennWest Clarion),2025,4,12,3,3,8,3,,https://clariongoldeneagles.com/sports/womens-soccer/schedule/2025,"Official 2025 schedule/results page, read 2026-10-09",official_university,yes,2026-10-09,
PSAC_PENNSYLVANIA_WESTERN_UNIVERSITY_EDINBORO_PENNWEST_WSOC,Pennsylvania Western University – Edinboro (PennWest Edinboro),2023,5,9,4,5,8,3,,https://gofightingscots.com/sports/womens-soccer/schedule/2023,"Official 2023 schedule/results page, read 2026-10-09",official_university,yes,2026-10-09,
PSAC_PENNSYLVANIA_WESTERN_UNIVERSITY_EDINBORO_PENNWEST_WSOC,Pennsylvania Western University – Edinboro (PennWest Edinboro),2024,5,7,4,5,7,2,,https://gofightingscots.com/sports/womens-soccer/schedule/2024,"Official 2024 schedule/results page, read 2026-10-09",official_university,yes,2026-10-09,
PSAC_PENNSYLVANIA_WESTERN_UNIVERSITY_EDINBORO_PENNWEST_WSOC,Pennsylvania Western University – Edinboro (PennWest Edinboro),2025,8,9,1,6,7,1,,https://gofightingscots.com/sports/womens-soccer/schedule/2025,"Official 2025 schedule/results page, read 2026-10-09",official_university,yes,2026-10-09,
PSAC_SETON_HILL_UNIVERSITY_WSOC,Seton Hill University,2023,7,11,1,6,9,1,,https://athletics.setonhill.edu/sports/womens-soccer/schedule/2023,"Official 2023 schedule/results page, read 2026-10-09",official_university,yes,2026-10-09,
PSAC_SETON_HILL_UNIVERSITY_WSOC,Seton Hill University,2024,5,6,6,3,6,5,,https://athletics.setonhill.edu/sports/womens-soccer/schedule/2024,"Official 2024 schedule/results page, read 2026-10-09",official_university,yes,2026-10-09,
PSAC_SETON_HILL_UNIVERSITY_WSOC,Seton Hill University,2025,3,12,2,0,10,2,,https://athletics.setonhill.edu/sports/womens-soccer/schedule/2025,"Official 2025 schedule/results page, read 2026-10-09",official_university,yes,2026-10-09,
PSAC_SHEPHERD_UNIVERSITY_WSOC,Shepherd University,2023,7,5,6,5,5,6,,https://shepherdrams.com/sports/womens-soccer/schedule/2023,"Official 2023 schedule/results page, read 2026-10-09",official_university,yes,2026-10-09,
PSAC_SHEPHERD_UNIVERSITY_WSOC,Shepherd University,2024,18,2,4,13,1,2,,https://shepherdrams.com/sports/womens-soccer/schedule/2024,"Official 2024 schedule/results page, read 2026-10-09",official_university,yes,2026-10-09,
PSAC_SHEPHERD_UNIVERSITY_WSOC,Shepherd University,2025,12,2,6,7,1,6,,https://shepherdrams.com/sports/womens-soccer/schedule/2025,"Official 2025 schedule/results page, read 2026-10-09",official_university,yes,2026-10-09,
PSAC_SLIPPERY_ROCK_UNIVERSITY_OF_PENNSYLVANIA_WSOC,Slippery Rock University of Pennsylvania,2023,12,4,3,11,2,3,,https://rockathletics.com/sports/womens-soccer/schedule/2023,"Official 2023 schedule/results page, read 2026-10-09",official_university,yes,2026-10-09,
PSAC_SLIPPERY_ROCK_UNIVERSITY_OF_PENNSYLVANIA_WSOC,Slippery Rock University of Pennsylvania,2024,9,6,4,8,3,3,,https://rockathletics.com/sports/womens-soccer/schedule/2024,"Official 2024 schedule/results page, read 2026-10-09",official_university,yes,2026-10-09,
PSAC_SLIPPERY_ROCK_UNIVERSITY_OF_PENNSYLVANIA_WSOC,Slippery Rock University of Pennsylvania,2025,12,4,1,12,1,1,,https://rockathletics.com/sports/womens-soccer/schedule/2025,"Official 2025 schedule/results page, read 2026-10-09",official_university,yes,2026-10-09,
PSAC_UNIVERSITY_OF_PITTSBURGH_AT_JOHNSTOWN_WSOC,University of Pittsburgh at Johnstown,2023,3,10,5,3,9,4,,https://pittjohnstownathletics.com/sports/womens-soccer/schedule/2023,"Official 2023 schedule/results page, read 2026-10-09",official_university,yes,2026-10-09,
PSAC_UNIVERSITY_OF_PITTSBURGH_AT_JOHNSTOWN_WSOC,University of Pittsburgh at Johnstown,2024,8,7,2,6,6,2,,https://pittjohnstownathletics.com/sports/womens-soccer/schedule/2024,"Official 2024 schedule/results page, read 2026-10-09",official_university,yes,2026-10-09,
PSAC_UNIVERSITY_OF_PITTSBURGH_AT_JOHNSTOWN_WSOC,University of Pittsburgh at Johnstown,2025,2,9,5,2,9,3,,https://pittjohnstownathletics.com/sports/womens-soccer/schedule/2025,"Official 2025 schedule/results page, read 2026-10-09",official_university,yes,2026-10-09,
PSAC_WEST_CHESTER_UNIVERSITY_WSOC,West Chester University,2023,16,3,4,11,3,2,,https://wcupagoldenrams.com/sports/womens-soccer/schedule/2023,"Official 2023 schedule/results page, read 2026-10-09",official_university,yes,2026-10-09,
PSAC_WEST_CHESTER_UNIVERSITY_WSOC,West Chester University,2024,10,7,1,9,6,1,,https://wcupagoldenrams.com/sports/womens-soccer/schedule/2024,"Official 2024 schedule/results page, read 2026-10-09",official_university,yes,2026-10-09,
PSAC_WEST_CHESTER_UNIVERSITY_WSOC,West Chester University,2025,16,3,4,9,1,4,,https://wcupagoldenrams.com/sports/womens-soccer/schedule/2025,"Official 2025 schedule/results page, read 2026-10-09",official_university,yes,2026-10-09,
RMAC_ADAMS_STATE_UNIVERSITY_WSOC,Adams State University,2023,3,9,5,2,7,3,,https://asugrizzlies.com/sports/womens-soccer/schedule/2023,"Official 2023 schedule/results page, read 2026-10-09",official_university,yes,2026-10-09,
RMAC_ADAMS_STATE_UNIVERSITY_WSOC,Adams State University,2024,3,12,2,1,10,1,,https://asugrizzlies.com/sports/womens-soccer/schedule/2024,"Official 2024 schedule/results page, read 2026-10-09",official_university,yes,2026-10-09,
RMAC_ADAMS_STATE_UNIVERSITY_WSOC,Adams State University,2025,9,8,3,4,6,2,,https://asugrizzlies.com/sports/womens-soccer/schedule/2025,"Official 2025 schedule/results page, read 2026-10-09",official_university,yes,2026-10-09,
RMAC_BLACK_HILLS_STATE_UNIVERSITY_WSOC,Black Hills State University,2023,3,12,2,1,9,2,,https://bhsuathletics.com/sports/womens-soccer/schedule/2023,"Official 2023 schedule/results page, read 2026-10-09",official_university,yes,2026-10-09,
RMAC_BLACK_HILLS_STATE_UNIVERSITY_WSOC,Black Hills State University,2024,3,11,4,3,8,1,,https://bhsuathletics.com/sports/womens-soccer/schedule/2024,"Official 2024 schedule/results page, read 2026-10-09",official_university,yes,2026-10-09,
RMAC_BLACK_HILLS_STATE_UNIVERSITY_WSOC,Black Hills State University,2025,4,9,5,1,8,3,,https://bhsuathletics.com/sports/womens-soccer/schedule/2025,"Official 2025 schedule/results page, read 2026-10-09",official_university,yes,2026-10-09,
RMAC_COLORADO_MESA_UNIVERSITY_WSOC,Colorado Mesa University,2023,18,4,1,8,3,1,,https://cmumavericks.com/sports/womens-soccer/schedule/2023,"Official 2023 schedule/results page, read 2026-10-09",official_university,yes,2026-10-09,
RMAC_COLORADO_MESA_UNIVERSITY_WSOC,Colorado Mesa University,2024,14,2,4,11,1,0,,https://cmumavericks.com/sports/womens-soccer/schedule/2024,"Official 2024 schedule/results page, read 2026-10-09",official_university,yes,2026-10-09,
RMAC_COLORADO_MESA_UNIVERSITY_WSOC,Colorado Mesa University,2025,14,4,2,9,0,2,,https://cmumavericks.com/sports/womens-soccer/schedule/2025,"Official 2025 schedule/results page, read 2026-10-09",official_university,yes,2026-10-09,
RMAC_COLORADO_SCHOOL_OF_MINES_WSOC,Colorado School of Mines,2023,15,4,3,9,1,2,,https://minesathletics.com/sports/womens-soccer/schedule/2023,"Official 2023 schedule/results page, read 2026-10-09",official_university,yes,2026-10-09,
RMAC_COLORADO_SCHOOL_OF_MINES_WSOC,Colorado School of Mines,2024,20,1,2,11,0,1,,https://minesathletics.com/sports/womens-soccer/schedule/2024,"Official 2024 schedule/results page, read 2026-10-09",official_university,yes,2026-10-09,
RMAC_COLORADO_SCHOOL_OF_MINES_WSOC,Colorado School of Mines,2025,14,2,5,9,1,2,,https://minesathletics.com/sports/womens-soccer/schedule/2025,"Official 2025 schedule/results page, read 2026-10-09",official_university,yes,2026-10-09,
RMAC_COLORADO_STATE_UNIVERSITY_PUEBLO_WSOC,Colorado State University–Pueblo,2023,7,5,6,5,3,4,,https://gothunderwolves.com/sports/womens-soccer/schedule/2023,"Official 2023 schedule/results page, read 2026-10-09",official_university,yes,2026-10-09,
RMAC_COLORADO_STATE_UNIVERSITY_PUEBLO_WSOC,Colorado State University–Pueblo,2024,4,10,4,3,7,2,,https://gothunderwolves.com/sports/womens-soccer/schedule/2024,"Official 2024 schedule/results page, read 2026-10-09",official_university,yes,2026-10-09,
RMAC_COLORADO_STATE_UNIVERSITY_PUEBLO_WSOC,Colorado State University–Pueblo,2025,4,9,6,3,5,4,,https://gothunderwolves.com/sports/womens-soccer/schedule/2025,"Official 2025 schedule/results page, read 2026-10-09",official_university,yes,2026-10-09,
RMAC_FORT_LEWIS_COLLEGE_WSOC,Fort Lewis College,2023,9,4,6,5,3,4,,https://goskyhawks.com/sports/womens-soccer/schedule/2023,"Official 2023 schedule/results page, read 2026-10-09",official_university,yes,2026-10-09,
RMAC_FORT_LEWIS_COLLEGE_WSOC,Fort Lewis College,2024,9,6,6,5,4,3,,https://goskyhawks.com/sports/womens-soccer/schedule/2024,"Official 2024 schedule/results page, read 2026-10-09",official_university,yes,2026-10-09,
RMAC_FORT_LEWIS_COLLEGE_WSOC,Fort Lewis College,2025,11,5,3,7,2,2,,https://goskyhawks.com/sports/womens-soccer/schedule/2025,"Official 2025 schedule/results page, read 2026-10-09",official_university,yes,2026-10-09,
RMAC_METROPOLITAN_STATE_UNIVERSITY_OF_DENVER_WSOC,Metropolitan State University of Denver,2023,7,6,6,6,3,3,,https://roadrunnersathletics.com/sports/womens-soccer/schedule/2023,"Official 2023 schedule/results page, read 2026-10-09",official_university,yes,2026-10-09,
RMAC_METROPOLITAN_STATE_UNIVERSITY_OF_DENVER_WSOC,Metropolitan State University of Denver,2024,10,4,7,8,2,2,,https://roadrunnersathletics.com/sports/womens-soccer/schedule/2024,"Official 2024 schedule/results page, read 2026-10-09",official_university,yes,2026-10-09,
RMAC_METROPOLITAN_STATE_UNIVERSITY_OF_DENVER_WSOC,Metropolitan State University of Denver,2025,2,9,7,2,6,4,,https://roadrunnersathletics.com/sports/womens-soccer/schedule/2025,"Official 2025 schedule/results page, read 2026-10-09",official_university,yes,2026-10-09,
RMAC_REGIS_UNIVERSITY_WSOC,Regis University,2023,14,5,1,9,2,1,,https://regisrangers.com/sports/womens-soccer/schedule/2023,"Official 2023 schedule/results page, read 2026-10-09",official_university,yes,2026-10-09,
RMAC_REGIS_UNIVERSITY_WSOC,Regis University,2024,6,10,3,5,5,2,,https://regisrangers.com/sports/womens-soccer/schedule/2024,"Official 2024 schedule/results page, read 2026-10-09",official_university,yes,2026-10-09,
RMAC_REGIS_UNIVERSITY_WSOC,Regis University,2025,10,5,4,6,3,3,,https://regisrangers.com/sports/womens-soccer/schedule/2025,"Official 2025 schedule/results page, read 2026-10-09",official_university,yes,2026-10-09,
RMAC_UNIVERSITY_OF_COLORADO_COLORADO_SPRINGS_WSOC,University of Colorado Colorado Springs,2023,15,5,3,10,1,1,,https://gomountainlions.com/sports/womens-soccer/schedule/2023,"Official 2023 schedule/results page, read 2026-10-09",official_university,yes,2026-10-09,
RMAC_UNIVERSITY_OF_COLORADO_COLORADO_SPRINGS_WSOC,University of Colorado Colorado Springs,2024,10,8,2,7,5,0,,https://gomountainlions.com/sports/womens-soccer/schedule/2024,"Official 2024 schedule/results page, read 2026-10-09",official_university,yes,2026-10-09,
RMAC_UNIVERSITY_OF_COLORADO_COLORADO_SPRINGS_WSOC,University of Colorado Colorado Springs,2025,14,3,6,8,1,3,,https://gomountainlions.com/sports/womens-soccer/schedule/2025,"Official 2025 schedule/results page, read 2026-10-09",official_university,yes,2026-10-09,
RMAC_WESTERN_COLORADO_UNIVERSITY_WSOC,Western Colorado University,2023,4,11,3,4,7,1,,https://gomountaineers.com/sports/womens-soccer/schedule/2023,"Official 2023 schedule/results page, read 2026-10-09",official_university,yes,2026-10-09,
RMAC_WESTERN_COLORADO_UNIVERSITY_WSOC,Western Colorado University,2024,4,10,4,3,6,3,,https://gomountaineers.com/sports/womens-soccer/schedule/2024,"Official 2024 schedule/results page, read 2026-10-09",official_university,yes,2026-10-09,
RMAC_WESTERN_COLORADO_UNIVERSITY_WSOC,Western Colorado University,2025,2,12,5,2,5,5,,https://gomountaineers.com/sports/womens-soccer/schedule/2025,"Official 2025 schedule/results page, read 2026-10-09",official_university,yes,2026-10-09,
SAC_ANDERSON_UNIVERSITY_WSOC,Anderson University,2023,8,7,2,6,3,2,,https://autrojans.com/sports/womens-soccer/schedule/2023-24,"Official 2023 schedule/results page, read 2026-10-09",official_university,yes,2026-10-09,
SAC_ANDERSON_UNIVERSITY_WSOC,Anderson University,2024,9,7,2,5,5,1,,https://autrojans.com/sports/womens-soccer/schedule/2024,"Official 2024 schedule/results page, read 2026-10-09",official_university,yes,2026-10-09,
SAC_ANDERSON_UNIVERSITY_WSOC,Anderson University,2025,11,6,2,6,3,1,,https://autrojans.com/sports/womens-soccer/schedule/2025,"Official 2025 schedule/results page, read 2026-10-09",official_university,yes,2026-10-09,
SAC_LENOIR_RHYNE_UNIVERSITY_WSOC,Lenoir–Rhyne University,2023,17,1,5,11,0,0,,https://lrbears.com/sports/womens-soccer/schedule/2023,"Official 2023 schedule/results page, read 2026-10-09",official_university,yes,2026-10-09,
SAC_LENOIR_RHYNE_UNIVERSITY_WSOC,Lenoir–Rhyne University,2024,13,2,5,8,0,3,,https://lrbears.com/sports/womens-soccer/schedule/2024,"Official 2024 schedule/results page, read 2026-10-09",official_university,yes,2026-10-09,
SAC_LENOIR_RHYNE_UNIVERSITY_WSOC,Lenoir–Rhyne University,2025,13,5,3,7,1,2,,https://lrbears.com/sports/womens-soccer/schedule/2025,"Official 2025 schedule/results page, read 2026-10-09",official_university,yes,2026-10-09,
SAC_LINCOLN_MEMORIAL_UNIVERSITY_WSOC,Lincoln Memorial University,2023,8,7,3,4,4,3,,https://lmurailsplitters.com/sports/womens-soccer/schedule/2023,"Official 2023 schedule/results page, read 2026-10-09",official_university,yes,2026-10-09,
SAC_LINCOLN_MEMORIAL_UNIVERSITY_WSOC,Lincoln Memorial University,2024,10,5,3,6,2,3,,https://lmurailsplitters.com/sports/womens-soccer/schedule/2024,"Official 2024 schedule/results page, read 2026-10-09",official_university,yes,2026-10-09,
SAC_LINCOLN_MEMORIAL_UNIVERSITY_WSOC,Lincoln Memorial University,2025,8,6,4,3,4,3,,https://lmurailsplitters.com/sports/womens-soccer/schedule/2025,"Official 2025 schedule/results page, read 2026-10-09",official_university,yes,2026-10-09,
SAC_NEWBERRY_COLLEGE_WSOC,Newberry College,2023,5,11,2,2,7,2,,https://newberrywolves.com/sports/womens-soccer/schedule/2023,"Official 2023 schedule/results page, read 2026-10-09",official_university,yes,2026-10-09,
SAC_NEWBERRY_COLLEGE_WSOC,Newberry College,2024,6,6,4,1,6,4,,https://newberrywolves.com/sports/womens-soccer/schedule/2024,"Official 2024 schedule/results page, read 2026-10-09",official_university,yes,2026-10-09,
SAC_NEWBERRY_COLLEGE_WSOC,Newberry College,2025,5,6,4,1,6,3,,https://newberrywolves.com/sports/womens-soccer/schedule/2025,"Official 2025 schedule/results page, read 2026-10-09",official_university,yes,2026-10-09,
SAC_WINGATE_UNIVERSITY_WSOC,Wingate University,2023,14,4,2,9,2,0,,https://wingatebulldogs.com/sports/womens-soccer/schedule/2023,"Official 2023 schedule/results page, read 2026-10-09",official_university,yes,2026-10-09,
SAC_WINGATE_UNIVERSITY_WSOC,Wingate University,2024,12,4,3,9,1,1,,https://wingatebulldogs.com/sports/womens-soccer/schedule/2024,"Official 2024 schedule/results page, read 2026-10-09",official_university,yes,2026-10-09,
SAC_WINGATE_UNIVERSITY_WSOC,Wingate University,2025,9,8,1,5,5,0,,https://wingatebulldogs.com/sports/womens-soccer/schedule/2025,"Official 2025 schedule/results page, read 2026-10-09",official_university,yes,2026-10-09,
SSC_BARRY_UNIVERSITY_WSOC,Barry University,2023,6,7,3,2,6,2,,https://gobarrybucs.com/sports/womens-soccer/schedule/2023,"Official 2023 schedule/results page, read 2026-10-09",official_university,yes,2026-10-09,
SSC_BARRY_UNIVERSITY_WSOC,Barry University,2024,8,7,2,3,5,2,,https://gobarrybucs.com/sports/womens-soccer/schedule/2024,"Official 2024 schedule/results page, read 2026-10-09",official_university,yes,2026-10-09,
SSC_BARRY_UNIVERSITY_WSOC,Barry University,2025,5,5,9,1,2,7,,https://gobarrybucs.com/sports/womens-soccer/schedule/2025,"Official 2025 schedule/results page, read 2026-10-09",official_university,yes,2026-10-09,
SSC_ECKERD_COLLEGE_WSOC,Eckerd College,2023,10,7,2,5,3,2,,https://eckerdtritons.com/sports/womens-soccer/schedule/2023,"Official 2023 schedule/results page, read 2026-10-09",official_university,yes,2026-10-09,
SSC_ECKERD_COLLEGE_WSOC,Eckerd College,2024,4,6,6,3,4,3,,https://eckerdtritons.com/sports/womens-soccer/schedule/2024,"Official 2024 schedule/results page, read 2026-10-09",official_university,yes,2026-10-09,
SSC_ECKERD_COLLEGE_WSOC,Eckerd College,2025,7,5,5,6,2,2,,https://eckerdtritons.com/sports/womens-soccer/schedule/2025,"Official 2025 schedule/results page, read 2026-10-09",official_university,yes,2026-10-09,
SSC_EMBRY_RIDDLE_AERONAUTICAL_UNIVERSITY_WSOC,Embry–Riddle Aeronautical University,2023,14,2,3,8,1,1,,https://erauathletics.com/sports/womens-soccer/schedule/2023,"Official 2023 schedule/results page, read 2026-10-09",official_university,yes,2026-10-09,
SSC_EMBRY_RIDDLE_AERONAUTICAL_UNIVERSITY_WSOC,Embry–Riddle Aeronautical University,2024,8,8,3,4,3,3,,https://erauathletics.com/sports/womens-soccer/schedule/2024,"Official 2024 schedule/results page, read 2026-10-09",official_university,yes,2026-10-09,
SSC_EMBRY_RIDDLE_AERONAUTICAL_UNIVERSITY_WSOC,Embry–Riddle Aeronautical University,2025,6,3,9,4,1,5,,https://erauathletics.com/sports/womens-soccer/schedule/2025,"Official 2025 schedule/results page, read 2026-10-09",official_university,yes,2026-10-09,
SSC_FLORIDA_INSTITUTE_OF_TECHNOLOGY_WSOC,Florida Institute of Technology,2023,17,3,3,8,1,1,,https://floridatechsports.com/sports/womens-soccer/schedule/2023,"Official 2023 schedule/results page, read 2026-10-09",official_university,yes,2026-10-09,
SSC_FLORIDA_INSTITUTE_OF_TECHNOLOGY_WSOC,Florida Institute of Technology,2024,13,3,3,8,1,1,,https://floridatechsports.com/sports/womens-soccer/schedule/2024,"Official 2024 schedule/results page, read 2026-10-09",official_university,yes,2026-10-09,
SSC_FLORIDA_INSTITUTE_OF_TECHNOLOGY_WSOC,Florida Institute of Technology,2025,17,3,6,5,2,3,,https://floridatechsports.com/sports/womens-soccer/schedule/2025,"Official 2025 schedule/results page, read 2026-10-09",official_university,yes,2026-10-09,
SSC_LYNN_UNIVERSITY_WSOC,Lynn University,2023,7,9,1,3,7,0,,https://lynnfightingknights.com/sports/womens-soccer/schedule/2023,"Official 2023 schedule/results page, read 2026-10-09",official_university,yes,2026-10-09,
SSC_LYNN_UNIVERSITY_WSOC,Lynn University,2024,4,6,7,2,3,5,,https://lynnfightingknights.com/sports/womens-soccer/schedule/2024,"Official 2024 schedule/results page, read 2026-10-09",official_university,yes,2026-10-09,
SSC_LYNN_UNIVERSITY_WSOC,Lynn University,2025,2,10,4,1,8,1,,https://lynnfightingknights.com/sports/womens-soccer/schedule/2025,"Official 2025 schedule/results page, read 2026-10-09",official_university,yes,2026-10-09,
SSC_NOVA_SOUTHEASTERN_UNIVERSITY_WSOC,Nova Southeastern University,2023,12,5,1,7,3,0,,https://nsusharks.com/sports/womens-soccer/schedule/2023,"Official 2023 schedule/results page, read 2026-10-09",official_university,yes,2026-10-09,
SSC_NOVA_SOUTHEASTERN_UNIVERSITY_WSOC,Nova Southeastern University,2024,8,6,4,4,2,3,,https://nsusharks.com/sports/womens-soccer/schedule/2024,"Official 2024 schedule/results page, read 2026-10-09",official_university,yes,2026-10-09,
SSC_NOVA_SOUTHEASTERN_UNIVERSITY_WSOC,Nova Southeastern University,2025,16,1,4,7,0,3,,https://nsusharks.com/sports/womens-soccer/schedule/2025,"Official 2025 schedule/results page, read 2026-10-09",official_university,yes,2026-10-09,
SSC_PALM_BEACH_ATLANTIC_UNIVERSITY_WSOC,Palm Beach Atlantic University,2023,1,10,4,0,8,2,,https://pbasailfish.com/sports/womens-soccer/schedule/2023,"Official 2023 schedule/results page, read 2026-10-09",official_university,yes,2026-10-09,
SSC_PALM_BEACH_ATLANTIC_UNIVERSITY_WSOC,Palm Beach Atlantic University,2024,7,7,2,3,6,1,,https://pbasailfish.com/sports/womens-soccer/schedule/2024,"Official 2024 schedule/results page, read 2026-10-09",official_university,yes,2026-10-09,
SSC_PALM_BEACH_ATLANTIC_UNIVERSITY_WSOC,Palm Beach Atlantic University,2025,3,8,5,2,5,3,,https://pbasailfish.com/sports/womens-soccer/schedule/2025,"Official 2025 schedule/results page, read 2026-10-09",official_university,yes,2026-10-09,
SSC_ROLLINS_COLLEGE_WSOC,Rollins College,2023,9,7,3,6,3,1,,https://rollinssports.com/sports/womens-soccer/schedule/2023,"Official 2023 schedule/results page, read 2026-10-09",official_university,yes,2026-10-09,
SSC_ROLLINS_COLLEGE_WSOC,Rollins College,2024,8,5,3,5,3,1,,https://rollinssports.com/sports/womens-soccer/schedule/2024,"Official 2024 schedule/results page, read 2026-10-09",official_university,yes,2026-10-09,
SSC_ROLLINS_COLLEGE_WSOC,Rollins College,2025,7,6,4,3,4,3,,https://rollinssports.com/sports/womens-soccer/schedule/2025,"Official 2025 schedule/results page, read 2026-10-09",official_university,yes,2026-10-09,
SSC_SAINT_LEO_UNIVERSITY_WSOC,Saint Leo University,2023,4,7,5,1,5,4,,https://saintleolions.com/sports/womens-soccer/schedule/2023,"Official 2023 schedule/results page, read 2026-10-09",official_university,yes,2026-10-09,
SSC_SAINT_LEO_UNIVERSITY_WSOC,Saint Leo University,2024,9,5,5,4,3,3,,https://saintleolions.com/sports/womens-soccer/schedule/2024,"Official 2024 schedule/results page, read 2026-10-09",official_university,yes,2026-10-09,
SSC_SAINT_LEO_UNIVERSITY_WSOC,Saint Leo University,2025,3,9,3,1,6,3,,https://saintleolions.com/sports/womens-soccer/schedule/2025,"Official 2025 schedule/results page, read 2026-10-09",official_university,yes,2026-10-09,
