program_id,school_name,season,wins,losses,ties,conference_wins,conference_losses,conference_ties,conference,source_url,source_name,source_type,verified,last_verified_at,notes
AE_ALBANY_WSOC,Albany,2023,4,10,2,1,5,2,,https://ualbanysports.com/sports/womens-soccer/schedule/2023,"Official 2023 schedule/results page, read 2026-10-09",official_university,yes,2026-10-09,
AE_ALBANY_WSOC,Albany,2024,3,12,1,2,5,1,,https://ualbanysports.com/sports/womens-soccer/schedule/2024,"Official 2024 schedule/results page, read 2026-10-09",official_university,yes,2026-10-09,
AE_ALBANY_WSOC,Albany,2025,2,13,2,1,7,0,,https://ualbanysports.com/sports/womens-soccer/schedule/2025,"Official 2025 schedule/results page, read 2026-10-09",official_university,yes,2026-10-09,
AE_BINGHAMTON_WSOC,Binghamton,2023,6,5,6,5,0,3,,https://binghamtonbearcats.com/sports/womens-soccer/schedule/2023,"Official 2023 schedule/results page, read 2026-10-09",official_university,yes,2026-10-09,
AE_BINGHAMTON_WSOC,Binghamton,2024,7,6,5,4,2,2,,https://binghamtonbearcats.com/sports/womens-soccer/schedule/2024,"Official 2024 schedule/results page, read 2026-10-09",official_university,yes,2026-10-09,
AE_BINGHAMTON_WSOC,Binghamton,2025,10,2,5,5,0,3,,https://binghamtonbearcats.com/sports/womens-soccer/schedule/2025,"Official 2025 schedule/results page, read 2026-10-09",official_university,yes,2026-10-09,
AE_BRYANT_WSOC,Bryant,2023,7,5,4,2,3,3,,https://bryantbulldogs.com/sports/womens-soccer/schedule/2023,"Official 2023 schedule/results page, read 2026-10-09",official_university,yes,2026-10-09,
AE_BRYANT_WSOC,Bryant,2024,5,9,4,3,4,1,,https://bryantbulldogs.com/sports/womens-soccer/schedule/2024,"Official 2024 schedule/results page, read 2026-10-09",official_university,yes,2026-10-09,
AE_BRYANT_WSOC,Bryant,2025,5,5,8,2,2,4,,https://bryantbulldogs.com/sports/womens-soccer/schedule/2025,"Official 2025 schedule/results page, read 2026-10-09",official_university,yes,2026-10-09,
AE_MAINE_WSOC,Maine,2023,11,2,6,4,1,3,,https://goblackbears.com/sports/womens-soccer/schedule/2023,"Official 2023 schedule/results page, read 2026-10-09",official_university,yes,2026-10-09,
AE_MAINE_WSOC,Maine,2024,13,2,3,7,0,1,,https://goblackbears.com/sports/womens-soccer/schedule/2024,"Official 2024 schedule/results page, read 2026-10-09",official_university,yes,2026-10-09,
AE_MAINE_WSOC,Maine,2025,6,8,4,3,3,2,,https://goblackbears.com/sports/womens-soccer/schedule/2025,"Official 2025 schedule/results page, read 2026-10-09",official_university,yes,2026-10-09,
AE_NEW_HAMPSHIRE_WSOC,New Hampshire,2023,6,5,5,3,1,4,,https://unhwildcats.com/sports/womens-soccer/schedule/2023,"Official 2023 schedule/results page, read 2026-10-09",official_university,yes,2026-10-09,
AE_NEW_HAMPSHIRE_WSOC,New Hampshire,2024,12,5,1,6,2,0,,https://unhwildcats.com/sports/womens-soccer/schedule/2024,"Official 2024 schedule/results page, read 2026-10-09",official_university,yes,2026-10-09,
AE_NEW_HAMPSHIRE_WSOC,New Hampshire,2025,4,6,7,2,2,4,,https://unhwildcats.com/sports/womens-soccer/schedule/2025,"Official 2025 schedule/results page, read 2026-10-09",official_university,yes,2026-10-09,
AE_NJIT_WSOC,NJIT,2023,7,7,5,3,4,1,,https://njithighlanders.com/sports/womens-soccer/schedule/2023,"Official 2023 schedule/results page, read 2026-10-09",official_university,yes,2026-10-09,
AE_NJIT_WSOC,NJIT,2024,4,10,3,1,5,2,,https://njithighlanders.com/sports/womens-soccer/schedule/2024,"Official 2024 schedule/results page, read 2026-10-09",official_university,yes,2026-10-09,
AE_NJIT_WSOC,NJIT,2025,7,5,6,2,3,3,,https://njithighlanders.com/sports/womens-soccer/schedule/2025,"Official 2025 schedule/results page, read 2026-10-09",official_university,yes,2026-10-09,
AE_UMASS_LOWELL_WSOC,UMass Lowell,2023,5,6,7,3,2,3,,https://goriverhawks.com/sports/womens-soccer/schedule/2023,"Official 2023 schedule/results page, read 2026-10-09",official_university,yes,2026-10-09,
AE_UMASS_LOWELL_WSOC,UMass Lowell,2024,6,10,3,4,3,1,,https://goriverhawks.com/sports/womens-soccer/schedule/2024,"Official 2024 schedule/results page, read 2026-10-09",official_university,yes,2026-10-09,
AE_UMASS_LOWELL_WSOC,UMass Lowell,2025,6,5,6,3,2,3,,https://goriverhawks.com/sports/womens-soccer/schedule/2025,"Official 2025 schedule/results page, read 2026-10-09",official_university,yes,2026-10-09,
AE_UMBC_WSOC,UMBC,2023,3,11,4,0,4,4,,https://umbcretrievers.com/sports/womens-soccer/schedule/2023,"Official 2023 schedule/results page, read 2026-10-09",official_university,yes,2026-10-09,
AE_UMBC_WSOC,UMBC,2024,5,12,1,1,6,1,,https://umbcretrievers.com/sports/womens-soccer/schedule/2024,"Official 2024 schedule/results page, read 2026-10-09",official_university,yes,2026-10-09,
AE_UMBC_WSOC,UMBC,2025,6,8,4,2,5,1,,https://umbcretrievers.com/sports/womens-soccer/schedule/2025,"Official 2025 schedule/results page, read 2026-10-09",official_university,yes,2026-10-09,
AE_VERMONT_WSOC,Vermont,2023,10,7,1,3,4,1,,https://uvmathletics.com/sports/womens-soccer/schedule/2023,"Official 2023 schedule/results page, read 2026-10-09",official_university,yes,2026-10-09,
AE_VERMONT_WSOC,Vermont,2024,8,5,5,3,4,1,,https://uvmathletics.com/sports/womens-soccer/schedule/2024,"Official 2024 schedule/results page, read 2026-10-09",official_university,yes,2026-10-09,
AE_VERMONT_WSOC,Vermont,2025,8,4,6,5,1,2,,https://uvmathletics.com/sports/womens-soccer/schedule/2025,"Official 2025 schedule/results page, read 2026-10-09",official_university,yes,2026-10-09,
AAC_CHARLOTTE_WSOC,Charlotte,2023,9,7,4,4,3,2,,https://charlotte49ers.com/sports/womens-soccer/schedule/2023,"Official 2023 schedule/results page, read 2026-10-09",official_university,yes,2026-10-09,
AAC_CHARLOTTE_WSOC,Charlotte,2024,4,8,7,3,2,5,,https://charlotte49ers.com/sports/womens-soccer/schedule/2024,"Official 2024 schedule/results page, read 2026-10-09",official_university,yes,2026-10-09,
AAC_CHARLOTTE_WSOC,Charlotte,2025,10,6,2,6,2,2,,https://charlotte49ers.com/sports/womens-soccer/schedule/2025,"Official 2025 schedule/results page, read 2026-10-09",official_university,yes,2026-10-09,
AAC_EAST_CAROLINA_WSOC,East Carolina,2023,9,5,5,4,2,3,,https://ecupirates.com/sports/womens-soccer/schedule/2023,"Official 2023 schedule/results page, read 2026-10-09",official_university,yes,2026-10-09,
AAC_EAST_CAROLINA_WSOC,East Carolina,2024,10,4,7,5,2,3,,https://ecupirates.com/sports/womens-soccer/schedule/2024,"Official 2024 schedule/results page, read 2026-10-09",official_university,yes,2026-10-09,
AAC_EAST_CAROLINA_WSOC,East Carolina,2025,6,8,4,4,4,2,,https://ecupirates.com/sports/womens-soccer/schedule/2025,"Official 2025 schedule/results page, read 2026-10-09",official_university,yes,2026-10-09,
AAC_FLORIDA_ATLANTIC_WSOC,Florida Atlantic,2023,8,7,5,3,3,3,,https://fausports.com/sports/womens-soccer/schedule/2023,"Official 2023 schedule/results page, read 2026-10-09",official_university,yes,2026-10-09,
AAC_FLORIDA_ATLANTIC_WSOC,Florida Atlantic,2024,3,11,4,2,6,2,,https://fausports.com/sports/womens-soccer/schedule/2024,"Official 2024 schedule/results page, read 2026-10-09",official_university,yes,2026-10-09,
AAC_FLORIDA_ATLANTIC_WSOC,Florida Atlantic,2025,4,12,3,1,7,2,,https://fausports.com/sports/womens-soccer/schedule/2025,"Official 2025 schedule/results page, read 2026-10-09",official_university,yes,2026-10-09,
AAC_MEMPHIS_WSOC,Memphis,2023,20,2,0,9,0,0,,https://gotigersgo.com/sports/womens-soccer/schedule/2023,"Official 2023 schedule/results page, read 2026-10-09",official_university,yes,2026-10-09,
AAC_MEMPHIS_WSOC,Memphis,2024,13,2,4,6,0,4,,https://gotigersgo.com/sports/womens-soccer/schedule/2024,"Official 2024 schedule/results page, read 2026-10-09",official_university,yes,2026-10-09,
AAC_MEMPHIS_WSOC,Memphis,2025,17,1,3,9,0,1,,https://gotigersgo.com/sports/womens-soccer/schedule/2025,"Official 2025 schedule/results page, read 2026-10-09",official_university,yes,2026-10-09,
AAC_NORTH_TEXAS_WSOC,North Texas,2023,8,5,3,2,4,3,,https://meangreensports.com/sports/womens-soccer/schedule/2023,"Official 2023 schedule/results page, read 2026-10-09",official_university,yes,2026-10-09,
AAC_NORTH_TEXAS_WSOC,North Texas,2024,7,6,6,3,3,4,,https://meangreensports.com/sports/womens-soccer/schedule/2024,"Official 2024 schedule/results page, read 2026-10-09",official_university,yes,2026-10-09,
AAC_NORTH_TEXAS_WSOC,North Texas,2025,6,10,4,2,5,3,,https://meangreensports.com/sports/womens-soccer/schedule/2025,"Official 2025 schedule/results page, read 2026-10-09",official_university,yes,2026-10-09,
AAC_RICE_WSOC,Rice,2023,3,13,2,1,7,1,,https://riceowls.com/sports/womens-soccer/schedule/2023,"Official 2023 schedule/results page, read 2026-10-09",official_university,yes,2026-10-09,
AAC_RICE_WSOC,Rice,2024,12,6,2,5,4,1,,https://riceowls.com/sports/womens-soccer/schedule/2024,"Official 2024 schedule/results page, read 2026-10-09",official_university,yes,2026-10-09,
AAC_RICE_WSOC,Rice,2025,10,4,6,3,2,5,,https://riceowls.com/sports/womens-soccer/schedule/2025,"Official 2025 schedule/results page, read 2026-10-09",official_university,yes,2026-10-09,
AAC_SOUTH_FLORIDA_WSOC,South Florida,2023,10,6,2,6,1,2,,https://gousfbulls.com/sports/womens-soccer/schedule/2023,"Official 2023 schedule/results page, read 2026-10-09",official_university,yes,2026-10-09,
AAC_SOUTH_FLORIDA_WSOC,South Florida,2024,12,2,5,6,1,3,,https://gousfbulls.com/sports/womens-soccer/schedule/2024,"Official 2024 schedule/results page, read 2026-10-09",official_university,yes,2026-10-09,
AAC_SOUTH_FLORIDA_WSOC,South Florida,2025,9,8,3,4,4,2,,https://gousfbulls.com/sports/womens-soccer/schedule/2025,"Official 2025 schedule/results page, read 2026-10-09",official_university,yes,2026-10-09,
AAC_TEMPLE_WSOC,Temple,2023,2,13,3,0,9,0,,https://owlsports.com/sports/womens-soccer/schedule/2023,"Official 2023 schedule/results page, read 2026-10-09",official_university,yes,2026-10-09,
AAC_TEMPLE_WSOC,Temple,2024,2,17,0,0,10,0,,https://owlsports.com/sports/womens-soccer/schedule/2024,"Official 2024 schedule/results page, read 2026-10-09",official_university,yes,2026-10-09,
AAC_TEMPLE_WSOC,Temple,2025,4,15,0,1,9,0,,https://owlsports.com/sports/womens-soccer/schedule/2025,"Official 2025 schedule/results page, read 2026-10-09",official_university,yes,2026-10-09,
AAC_TULSA_WSOC,Tulsa,2023,5,9,5,3,2,4,,https://tulsahurricane.com/sports/womens-soccer/schedule/2023,"Official 2023 schedule/results page, read 2026-10-09",official_university,yes,2026-10-09,
AAC_TULSA_WSOC,Tulsa,2024,7,9,4,3,5,2,,https://tulsahurricane.com/sports/womens-soccer/schedule/2024,"Official 2024 schedule/results page, read 2026-10-09",official_university,yes,2026-10-09,
AAC_TULSA_WSOC,Tulsa,2025,9,6,5,4,3,3,,https://tulsahurricane.com/sports/womens-soccer/schedule/2025,"Official 2025 schedule/results page, read 2026-10-09",official_university,yes,2026-10-09,
AAC_UAB_WSOC,UAB,2023,6,7,5,2,3,4,,https://uabsports.com/sports/womens-soccer/schedule/2023,"Official 2023 schedule/results page, read 2026-10-09",official_university,yes,2026-10-09,
AAC_UAB_WSOC,UAB,2024,7,5,5,4,2,4,,https://uabsports.com/sports/womens-soccer/schedule/2024,"Official 2024 schedule/results page, read 2026-10-09",official_university,yes,2026-10-09,
AAC_UAB_WSOC,UAB,2025,7,6,6,4,3,3,,https://uabsports.com/sports/womens-soccer/schedule/2025,"Official 2025 schedule/results page, read 2026-10-09",official_university,yes,2026-10-09,
AAC_UTSA_WSOC,UTSA,2023,7,7,4,2,4,3,,https://goutsa.com/sports/soccer/schedule/season/2023,"Official 2023 schedule/results page, read 2026-10-09",official_university,yes,2026-10-09,
AAC_UTSA_WSOC,UTSA,2024,8,7,3,3,5,2,,https://goutsa.com/sports/soccer/schedule/season/2024,"Official 2024 schedule/results page, read 2026-10-09",official_university,yes,2026-10-09,
AAC_UTSA_WSOC,UTSA,2025,10,6,6,4,3,3,,https://goutsa.com/sports/soccer/schedule/season/2025,"Official 2025 schedule/results page, read 2026-10-09",official_university,yes,2026-10-09,
A10_DAVIDSON_WSOC,Davidson,2023,4,11,2,1,7,2,,https://davidsonwildcats.com/sports/womens-soccer/schedule/2023,"Official 2023 schedule/results page, read 2026-10-09",official_university,yes,2026-10-09,
A10_DAVIDSON_WSOC,Davidson,2024,8,8,3,4,5,1,,https://davidsonwildcats.com/sports/womens-soccer/schedule/2024,"Official 2024 schedule/results page, read 2026-10-09",official_university,yes,2026-10-09,
A10_DAVIDSON_WSOC,Davidson,2025,7,7,3,3,5,2,,https://davidsonwildcats.com/sports/womens-soccer/schedule/2025,"Official 2025 schedule/results page, read 2026-10-09",official_university,yes,2026-10-09,
A10_DAYTON_WSOC,Dayton,2023,13,2,5,7,0,3,,https://daytonflyers.com/sports/womens-soccer/schedule/2023,"Official 2023 schedule/results page, read 2026-10-09",official_university,yes,2026-10-09,
A10_DAYTON_WSOC,Dayton,2024,14,4,2,7,1,2,,https://daytonflyers.com/sports/womens-soccer/schedule/2024,"Official 2024 schedule/results page, read 2026-10-09",official_university,yes,2026-10-09,
A10_DAYTON_WSOC,Dayton,2025,15,4,3,10,0,0,,https://daytonflyers.com/sports/womens-soccer/schedule/2025,"Official 2025 schedule/results page, read 2026-10-09",official_university,yes,2026-10-09,
A10_DUQUESNE_WSOC,Duquesne,2023,8,8,4,4,2,4,,https://goduquesne.com/sports/womens-soccer/schedule/2023,"Official 2023 schedule/results page, read 2026-10-09",official_university,yes,2026-10-09,
A10_DUQUESNE_WSOC,Duquesne,2024,9,7,1,3,6,1,,https://goduquesne.com/sports/womens-soccer/schedule/2024,"Official 2024 schedule/results page, read 2026-10-09",official_university,yes,2026-10-09,
A10_DUQUESNE_WSOC,Duquesne,2025,12,5,2,7,3,0,,https://goduquesne.com/sports/womens-soccer/schedule/2025,"Official 2025 schedule/results page, read 2026-10-09",official_university,yes,2026-10-09,
A10_FORDHAM_WSOC,Fordham,2023,4,10,4,2,5,3,,https://fordhamsports.com/sports/womens-soccer/schedule/2023,"Official 2023 schedule/results page, read 2026-10-09",official_university,yes,2026-10-09,
A10_FORDHAM_WSOC,Fordham,2024,10,5,4,5,2,3,,https://fordhamsports.com/sports/womens-soccer/schedule/2024,"Official 2024 schedule/results page, read 2026-10-09",official_university,yes,2026-10-09,
A10_FORDHAM_WSOC,Fordham,2025,10,7,3,5,4,1,,https://fordhamsports.com/sports/womens-soccer/schedule/2025,"Official 2025 schedule/results page, read 2026-10-09",official_university,yes,2026-10-09,
A10_GEORGE_WASHINGTON_WSOC,George Washington,2023,4,11,3,1,8,1,,https://gwsports.com/sports/womens-soccer/schedule/2023,"Official 2023 schedule/results page, read 2026-10-09",official_university,yes,2026-10-09,
A10_GEORGE_WASHINGTON_WSOC,George Washington,2024,4,11,3,2,7,1,,https://gwsports.com/sports/womens-soccer/schedule/2024,"Official 2024 schedule/results page, read 2026-10-09",official_university,yes,2026-10-09,
A10_GEORGE_WASHINGTON_WSOC,George Washington,2025,5,9,4,2,7,1,,https://gwsports.com/sports/womens-soccer/schedule/2025,"Official 2025 schedule/results page, read 2026-10-09",official_university,yes,2026-10-09,
A10_LA_SALLE_WSOC,La Salle,2023,12,6,3,8,1,1,,https://goexplorers.com/sports/womens-soccer/schedule/2023,"Official 2023 schedule/results page, read 2026-10-09",official_university,yes,2026-10-09,
A10_LA_SALLE_WSOC,La Salle,2024,8,5,5,3,4,3,,https://goexplorers.com/sports/womens-soccer/schedule/2024,"Official 2024 schedule/results page, read 2026-10-09",official_university,yes,2026-10-09,
A10_LA_SALLE_WSOC,La Salle,2025,7,8,3,4,4,2,,https://goexplorers.com/sports/womens-soccer/schedule/2025,"Official 2025 schedule/results page, read 2026-10-09",official_university,yes,2026-10-09,
A10_LOYOLA_CHICAGO_WSOC,Loyola Chicago,2023,7,7,4,3,3,4,,https://loyolaramblers.com/sports/womens-soccer/schedule/2023,"Official 2023 schedule/results page, read 2026-10-09",official_university,yes,2026-10-09,
A10_LOYOLA_CHICAGO_WSOC,Loyola Chicago,2024,9,5,5,4,2,4,,https://loyolaramblers.com/sports/womens-soccer/schedule/2024,"Official 2024 schedule/results page, read 2026-10-09",official_university,yes,2026-10-09,
A10_LOYOLA_CHICAGO_WSOC,Loyola Chicago,2025,9,4,6,4,2,4,,https://loyolaramblers.com/sports/womens-soccer/schedule/2025,"Official 2025 schedule/results page, read 2026-10-09",official_university,yes,2026-10-09,
A10_RHODE_ISLAND_WSOC,Rhode Island,2023,4,9,6,4,3,3,,https://gorhody.com/sports/womens-soccer/schedule/2023,"Official 2023 schedule/results page, read 2026-10-09",official_university,yes,2026-10-09,
A10_RHODE_ISLAND_WSOC,Rhode Island,2024,7,8,3,4,5,1,,https://gorhody.com/sports/womens-soccer/schedule/2024,"Official 2024 schedule/results page, read 2026-10-09",official_university,yes,2026-10-09,
A10_RHODE_ISLAND_WSOC,Rhode Island,2025,13,5,3,5,3,2,,https://gorhody.com/sports/womens-soccer/schedule/2025,"Official 2025 schedule/results page, read 2026-10-09",official_university,yes,2026-10-09,
A10_RICHMOND_WSOC,Richmond,2023,3,11,4,1,8,1,,https://richmondspiders.com/sports/womens-soccer/schedule/2023,"Official 2023 schedule/results page, read 2026-10-09",official_university,yes,2026-10-09,
A10_RICHMOND_WSOC,Richmond,2024,4,10,3,2,7,1,,https://richmondspiders.com/sports/womens-soccer/schedule/2024,"Official 2024 schedule/results page, read 2026-10-09",official_university,yes,2026-10-09,
A10_RICHMOND_WSOC,Richmond,2025,4,7,7,1,5,4,,https://richmondspiders.com/sports/womens-soccer/schedule/2025,"Official 2025 schedule/results page, read 2026-10-09",official_university,yes,2026-10-09,
A10_SAINT_JOSEPH_S_WSOC,Saint Joseph's,2023,4,9,6,4,3,3,,https://sjuhawks.com/sports/womens-soccer/schedule/2023,"Official 2023 schedule/results page, read 2026-10-09",official_university,yes,2026-10-09,
A10_SAINT_JOSEPH_S_WSOC,Saint Joseph's,2024,9,4,7,4,1,5,,https://sjuhawks.com/sports/womens-soccer/schedule/2024,"Official 2024 schedule/results page, read 2026-10-09",official_university,yes,2026-10-09,
A10_SAINT_JOSEPH_S_WSOC,Saint Joseph's,2025,5,10,3,2,6,2,,https://sjuhawks.com/sports/womens-soccer/schedule/2025,"Official 2025 schedule/results page, read 2026-10-09",official_university,yes,2026-10-09,
A10_SAINT_LOUIS_WSOC,Saint Louis,2023,19,3,2,9,0,1,,https://slubillikens.com/sports/womens-soccer/schedule/2023,"Official 2023 schedule/results page, read 2026-10-09",official_university,yes,2026-10-09,
A10_SAINT_LOUIS_WSOC,Saint Louis,2024,15,2,6,7,0,3,,https://slubillikens.com/sports/womens-soccer/schedule/2024,"Official 2024 schedule/results page, read 2026-10-09",official_university,yes,2026-10-09,
A10_SAINT_LOUIS_WSOC,Saint Louis,2025,14,4,2,8,1,1,,https://slubillikens.com/sports/womens-soccer/schedule/2025,"Official 2025 schedule/results page, read 2026-10-09",official_university,yes,2026-10-09,
A10_ST_BONAVENTURE_WSOC,St. Bonaventure,2023,3,8,6,2,6,2,,https://gobonnies.com/sports/womens-soccer/schedule/2023,"Official 2023 schedule/results page, read 2026-10-09",official_university,yes,2026-10-09,
A10_ST_BONAVENTURE_WSOC,St. Bonaventure,2024,2,13,3,1,7,2,,https://gobonnies.com/sports/womens-soccer/schedule/2024,"Official 2024 schedule/results page, read 2026-10-09",official_university,yes,2026-10-09,
A10_ST_BONAVENTURE_WSOC,St. Bonaventure,2025,3,13,2,0,10,0,,https://gobonnies.com/sports/womens-soccer/schedule/2025,"Official 2025 schedule/results page, read 2026-10-09",official_university,yes,2026-10-09,
A10_VCU_WSOC,VCU,2023,5,9,4,4,4,2,,https://vcuathletics.com/sports/womens-soccer/schedule/2023,"Official 2023 schedule/results page, read 2026-10-09",official_university,yes,2026-10-09,
A10_VCU_WSOC,VCU,2024,4,9,5,3,2,5,,https://vcuathletics.com/sports/womens-soccer/schedule/2024,"Official 2024 schedule/results page, read 2026-10-09",official_university,yes,2026-10-09,
A10_VCU_WSOC,VCU,2025,7,10,3,5,4,1,,https://vcuathletics.com/sports/womens-soccer/schedule/2025,"Official 2025 schedule/results page, read 2026-10-09",official_university,yes,2026-10-09,
ACC_BC_WSOC,Boston College,2023,3,9,6,0,6,4,,https://bceagles.com/sports/womens-soccer/schedule/2023,"Official 2023 schedule/results page, read 2026-10-09",official_university,yes,2026-10-09,
ACC_BC_WSOC,Boston College,2024,12,5,2,4,4,2,,https://bceagles.com/sports/womens-soccer/schedule/2024,"Official 2024 schedule/results page, read 2026-10-09",official_university,yes,2026-10-09,
ACC_BC_WSOC,Boston College,2025,5,8,5,1,7,2,,https://bceagles.com/sports/womens-soccer/schedule/2025,"Official 2025 schedule/results page, read 2026-10-09",official_university,yes,2026-10-09,
ACC_CAL_WSOC,California,2023,7,6,6,4,3,4,,https://calbears.com/sports/womens-soccer/schedule/2023,"Official 2023 schedule/results page, read 2026-10-09",official_university,yes,2026-10-09,
ACC_CAL_WSOC,California,2024,13,6,2,5,4,1,,https://calbears.com/sports/womens-soccer/schedule/2024,"Official 2024 schedule/results page, read 2026-10-09",official_university,yes,2026-10-09,
ACC_CAL_WSOC,California,2025,8,3,8,4,2,4,,https://calbears.com/sports/womens-soccer/schedule/2025,"Official 2025 schedule/results page, read 2026-10-09",official_university,yes,2026-10-09,
ACC_CLEM_WSOC,Clemson,2023,18,4,4,7,2,1,,https://clemsontigers.com/sports/womens-soccer/schedule/season/2023,"Official 2023 schedule/results page, read 2026-10-09",official_university,yes,2026-10-09,
ACC_CLEM_WSOC,Clemson,2024,6,8,3,2,7,1,,https://clemsontigers.com/sports/womens-soccer/schedule/season/2024,"Official 2024 schedule/results page, read 2026-10-09",official_university,yes,2026-10-09,
ACC_CLEM_WSOC,Clemson,2025,8,6,5,4,4,2,,https://clemsontigers.com/sports/womens-soccer/schedule/season/2025,"Official 2025 schedule/results page, read 2026-10-09",official_university,yes,2026-10-09,
ACC_DUKE_WSOC,Duke,2023,6,7,3,2,5,3,,https://goduke.com/sports/womens-soccer/schedule/2023,"Official 2023 schedule/results page, read 2026-10-09",official_university,yes,2026-10-09,
ACC_DUKE_WSOC,Duke,2024,18,3,1,9,0,1,,https://goduke.com/sports/womens-soccer/schedule/2024,"Official 2024 schedule/results page, read 2026-10-09",official_university,yes,2026-10-09,
ACC_DUKE_WSOC,Duke,2025,17,5,1,7,3,0,,https://goduke.com/sports/womens-soccer/schedule/2025,"Official 2025 schedule/results page, read 2026-10-09",official_university,yes,2026-10-09,
ACC_FSU_WSOC,Florida State,2023,22,0,1,9,0,1,,https://seminoles.com/sports/womens-soccer/schedule/2023-24,"Official 2023 schedule/results page, read 2026-10-09",official_university,yes,2026-10-09,
ACC_FSU_WSOC,Florida State,2024,15,2,4,7,2,1,,https://seminoles.com/sports/womens-soccer/schedule/2024-25,"Official 2024 schedule/results page, read 2026-10-09",official_university,yes,2026-10-09,
ACC_FSU_WSOC,Florida State,2025,16,2,4,6,2,2,,https://seminoles.com/sports/womens-soccer/schedule/2025-26,"Official 2025 schedule/results page, read 2026-10-09",official_university,yes,2026-10-09,
ACC_LOU_WSOC,Louisville,2023,4,9,5,3,5,2,,https://gocards.com/sports/womens-soccer/schedule/2023,"Official 2023 schedule/results page, read 2026-10-09",official_university,yes,2026-10-09,
ACC_LOU_WSOC,Louisville,2024,7,6,5,2,5,3,,https://gocards.com/sports/womens-soccer/schedule/2024,"Official 2024 schedule/results page, read 2026-10-09",official_university,yes,2026-10-09,
ACC_LOU_WSOC,Louisville,2025,13,5,3,6,2,2,,https://gocards.com/sports/womens-soccer/schedule/2025,"Official 2025 schedule/results page, read 2026-10-09",official_university,yes,2026-10-09,
ACC_NCSU_WSOC,NC State,2023,3,9,6,2,5,3,,https://gopack.com/sports/womens-soccer/schedule/2023,"Official 2023 schedule/results page, read 2026-10-09",official_university,yes,2026-10-09,
ACC_NCSU_WSOC,NC State,2024,4,10,4,1,6,3,,https://gopack.com/sports/womens-soccer/schedule/2024,"Official 2024 schedule/results page, read 2026-10-09",official_university,yes,2026-10-09,
ACC_NCSU_WSOC,NC State,2025,5,9,4,4,4,2,,https://gopack.com/sports/womens-soccer/schedule/2025,"Official 2025 schedule/results page, read 2026-10-09",official_university,yes,2026-10-09,
ACC_UNC_WSOC,North Carolina,2023,13,2,8,5,0,5,,https://goheels.com/sports/womens-soccer/schedule/2023,"Official 2023 schedule/results page, read 2026-10-09",official_university,yes,2026-10-09,
ACC_UNC_WSOC,North Carolina,2024,22,5,0,7,3,0,,https://goheels.com/sports/womens-soccer/schedule/2024,"Official 2024 schedule/results page, read 2026-10-09",official_university,yes,2026-10-09,
ACC_UNC_WSOC,North Carolina,2025,13,6,2,6,4,0,,https://goheels.com/sports/womens-soccer/schedule/2025,"Official 2025 schedule/results page, read 2026-10-09",official_university,yes,2026-10-09,
ACC_PITT_WSOC,Pittsburgh,2023,17,6,1,6,3,1,,https://pittsburghpanthers.com/sports/womens-soccer/schedule/2023,"Official 2023 schedule/results page, read 2026-10-09",official_university,yes,2026-10-09,
ACC_PITT_WSOC,Pittsburgh,2024,9,6,3,3,5,2,,https://pittsburghpanthers.com/sports/womens-soccer/schedule/2024,"Official 2024 schedule/results page, read 2026-10-09",official_university,yes,2026-10-09,
ACC_PITT_WSOC,Pittsburgh,2025,6,10,2,2,8,0,,https://pittsburghpanthers.com/sports/womens-soccer/schedule/2025,"Official 2025 schedule/results page, read 2026-10-09",official_university,yes,2026-10-09,
ACC_SMU_WSOC,SMU,2023,11,6,1,5,3,1,,https://smumustangs.com/sports/womens-soccer/schedule/2023,"Official 2023 schedule/results page, read 2026-10-09",official_university,yes,2026-10-09,
ACC_SMU_WSOC,SMU,2024,6,9,2,2,6,2,,https://smumustangs.com/sports/womens-soccer/schedule/2024,"Official 2024 schedule/results page, read 2026-10-09",official_university,yes,2026-10-09,
ACC_SMU_WSOC,SMU,2025,8,8,2,2,6,2,,https://smumustangs.com/sports/womens-soccer/schedule/2025,"Official 2025 schedule/results page, read 2026-10-09",official_university,yes,2026-10-09,
ACC_STAN_WSOC,Stanford,2023,20,1,4,8,0,3,,https://gostanford.com/sports/womens-soccer/schedule/season/2023,"Official 2023 schedule/results page, read 2026-10-09",official_university,yes,2026-10-09,
ACC_STAN_WSOC,Stanford,2024,16,5,2,5,4,1,,https://gostanford.com/sports/womens-soccer/schedule/season/2024,"Official 2024 schedule/results page, read 2026-10-09",official_university,yes,2026-10-09,
ACC_STAN_WSOC,Stanford,2025,21,2,2,9,0,1,,https://gostanford.com/sports/womens-soccer/schedule/season/2025,"Official 2025 schedule/results page, read 2026-10-09",official_university,yes,2026-10-09,
ACC_SYR_WSOC,Syracuse,2023,2,14,2,0,9,1,,https://cuse.com/sports/womens-soccer/schedule/2023,"Official 2023 schedule/results page, read 2026-10-09",official_university,yes,2026-10-09,
ACC_SYR_WSOC,Syracuse,2024,6,10,2,0,9,1,,https://cuse.com/sports/womens-soccer/schedule/2024,"Official 2024 schedule/results page, read 2026-10-09",official_university,yes,2026-10-09,
ACC_SYR_WSOC,Syracuse,2025,5,9,4,1,8,1,,https://cuse.com/sports/womens-soccer/schedule/2025,"Official 2025 schedule/results page, read 2026-10-09",official_university,yes,2026-10-09,
ACC_VT_WSOC,Virginia Tech,2023,7,8,3,4,6,0,,https://hokiesports.com/sports/womens-soccer/schedule/season/2023,"Official 2023 schedule/results page, read 2026-10-09",official_university,yes,2026-10-09,
ACC_VT_WSOC,Virginia Tech,2024,14,6,3,6,2,2,,https://hokiesports.com/sports/womens-soccer/schedule/season/2024,"Official 2024 schedule/results page, read 2026-10-09",official_university,yes,2026-10-09,
ACC_VT_WSOC,Virginia Tech,2025,4,10,4,0,8,2,,https://hokiesports.com/sports/womens-soccer/schedule/season/2025,"Official 2025 schedule/results page, read 2026-10-09",official_university,yes,2026-10-09,
ACC_WAKE_WSOC,Wake Forest,2023,10,3,5,4,2,4,,https://godeacs.com/sports/womens-soccer/schedule/2023,"Official 2023 schedule/results page, read 2026-10-09",official_university,yes,2026-10-09,
ACC_WAKE_WSOC,Wake Forest,2024,16,4,4,7,2,1,,https://godeacs.com/sports/womens-soccer/schedule/2024,"Official 2024 schedule/results page, read 2026-10-09",official_university,yes,2026-10-09,
ACC_WAKE_WSOC,Wake Forest,2025,11,5,4,4,3,3,,https://godeacs.com/sports/womens-soccer/schedule/2025,"Official 2025 schedule/results page, read 2026-10-09",official_university,yes,2026-10-09,
ASUN_BELLARMINE_WSOC,Bellarmine,2023,4,9,5,1,7,3,,https://athletics.bellarmine.edu/sports/womens-soccer/schedule/2023,"Official 2023 schedule/results page, read 2026-10-09",official_university,yes,2026-10-09,
ASUN_BELLARMINE_WSOC,Bellarmine,2024,5,12,3,4,6,1,,https://athletics.bellarmine.edu/sports/womens-soccer/schedule/2024,"Official 2024 schedule/results page, read 2026-10-09",official_university,yes,2026-10-09,
ASUN_BELLARMINE_WSOC,Bellarmine,2025,11,6,3,4,5,1,,https://athletics.bellarmine.edu/sports/womens-soccer/schedule/2025,"Official 2025 schedule/results page, read 2026-10-09",official_university,yes,2026-10-09,
ASUN_FLORIDA_GULF_COAST_WSOC,Florida Gulf Coast,2023,12,5,5,7,1,3,,https://fgcuathletics.com/sports/womens-soccer/schedule/2023,"Official 2023 schedule/results page, read 2026-10-09",official_university,yes,2026-10-09,
ASUN_FLORIDA_GULF_COAST_WSOC,Florida Gulf Coast,2024,11,6,2,9,1,1,,https://fgcuathletics.com/sports/womens-soccer/schedule/2024,"Official 2024 schedule/results page, read 2026-10-09",official_university,yes,2026-10-09,
ASUN_FLORIDA_GULF_COAST_WSOC,Florida Gulf Coast,2025,11,5,2,8,1,1,,https://fgcuathletics.com/sports/womens-soccer/schedule/2025,"Official 2025 schedule/results page, read 2026-10-09",official_university,yes,2026-10-09,
ASUN_JACKSONVILLE_WSOC,Jacksonville,2023,3,11,4,1,8,2,,https://judolphins.com/sports/womens-soccer/schedule/2023,"Official 2023 schedule/results page, read 2026-10-09",official_university,yes,2026-10-09,
ASUN_JACKSONVILLE_WSOC,Jacksonville,2024,4,10,4,3,6,2,,https://judolphins.com/sports/womens-soccer/schedule/2024,"Official 2024 schedule/results page, read 2026-10-09",official_university,yes,2026-10-09,
ASUN_JACKSONVILLE_WSOC,Jacksonville,2025,9,5,5,6,1,3,,https://judolphins.com/sports/womens-soccer/schedule/2025,"Official 2025 schedule/results page, read 2026-10-09",official_university,yes,2026-10-09,
ASUN_LIPSCOMB_WSOC,Lipscomb,2023,14,5,1,10,1,1,,https://lipscombsports.com/sports/womens-soccer/schedule/2023,"Official 2023 schedule/results page, read 2026-10-09",official_university,yes,2026-10-09,
ASUN_LIPSCOMB_WSOC,Lipscomb,2024,14,4,4,7,1,3,,https://lipscombsports.com/sports/womens-soccer/schedule/2024,"Official 2024 schedule/results page, read 2026-10-09",official_university,yes,2026-10-09,
ASUN_LIPSCOMB_WSOC,Lipscomb,2025,15,6,2,7,2,1,,https://lipscombsports.com/sports/womens-soccer/schedule/2025,"Official 2025 schedule/results page, read 2026-10-09",official_university,yes,2026-10-09,
ASUN_NORTH_FLORIDA_WSOC,North Florida,2023,4,9,5,2,6,3,,https://unfospreys.com/sports/womens-soccer/schedule/2023,"Official 2023 schedule/results page, read 2026-10-09",official_university,yes,2026-10-09,
ASUN_NORTH_FLORIDA_WSOC,North Florida,2024,9,4,7,6,1,4,,https://unfospreys.com/sports/womens-soccer/schedule/2024,"Official 2024 schedule/results page, read 2026-10-09",official_university,yes,2026-10-09,
ASUN_NORTH_FLORIDA_WSOC,North Florida,2025,9,9,4,5,3,2,,https://unfospreys.com/sports/womens-soccer/schedule/2025,"Official 2025 schedule/results page, read 2026-10-09",official_university,yes,2026-10-09,
ASUN_STETSON_WSOC,Stetson,2023,3,12,3,3,6,2,,https://gohatters.com/sports/womens-soccer/schedule/2023,"Official 2023 schedule/results page, read 2026-10-09",official_university,yes,2026-10-09,
ASUN_STETSON_WSOC,Stetson,2024,8,11,0,3,8,0,,https://gohatters.com/sports/womens-soccer/schedule/2024,"Official 2024 schedule/results page, read 2026-10-09",official_university,yes,2026-10-09,
ASUN_STETSON_WSOC,Stetson,2025,5,14,0,2,8,0,,https://gohatters.com/sports/womens-soccer/schedule/2025,"Official 2025 schedule/results page, read 2026-10-09",official_university,yes,2026-10-09,
ASUN_WEST_FLORIDA_WSOC,West Florida,2023,15,3,1,12,1,0,,https://goargos.com/sports/womens-soccer/schedule/2023,"Official 2023 schedule/results page, read 2026-10-09",official_university,yes,2026-10-09,
ASUN_WEST_FLORIDA_WSOC,West Florida,2024,17,1,4,10,0,2,,https://goargos.com/sports/womens-soccer/schedule/2024,"Official 2024 schedule/results page, read 2026-10-09",official_university,yes,2026-10-09,
ASUN_WEST_FLORIDA_WSOC,West Florida,2025,18,1,2,11,0,1,,https://goargos.com/sports/womens-soccer/schedule/2025,"Official 2025 schedule/results page, read 2026-10-09",official_university,yes,2026-10-09,
B12_ARIZ_WSOC,Arizona,2023,6,8,5,3,6,2,,https://arizonawildcats.com/sports/womens-soccer/schedule/2023,"Official 2023 schedule/results page, read 2026-10-09",official_university,yes,2026-10-09,
B12_ARIZ_WSOC,Arizona,2024,11,6,2,6,4,1,,https://arizonawildcats.com/sports/womens-soccer/schedule/2024,"Official 2024 schedule/results page, read 2026-10-09",official_university,yes,2026-10-09,
B12_ARIZ_WSOC,Arizona,2025,7,11,1,2,8,1,,https://arizonawildcats.com/sports/womens-soccer/schedule/2025,"Official 2025 schedule/results page, read 2026-10-09",official_university,yes,2026-10-09,
B12_BAY_WSOC,Baylor,2023,9,7,3,4,4,2,,https://baylorbears.com/sports/womens-soccer/schedule/2023,"Official 2023 schedule/results page, read 2026-10-09",official_university,yes,2026-10-09,
B12_BAY_WSOC,Baylor,2024,8,8,5,2,5,4,,https://baylorbears.com/sports/womens-soccer/schedule/2024,"Official 2024 schedule/results page, read 2026-10-09",official_university,yes,2026-10-09,
B12_BAY_WSOC,Baylor,2025,14,5,4,7,3,1,,https://baylorbears.com/sports/womens-soccer/schedule/2025,"Official 2025 schedule/results page, read 2026-10-09",official_university,yes,2026-10-09,
B12_BYU_WSOC,BYU,2023,20,3,3,7,0,3,,https://byucougars.com/sports/womens-soccer/schedule/season/2023,"Official 2023 schedule/results page, read 2026-10-09",official_university,yes,2026-10-09,
B12_BYU_WSOC,BYU,2024,9,7,5,6,2,3,,https://byucougars.com/sports/womens-soccer/schedule/season/2024,"Official 2024 schedule/results page, read 2026-10-09",official_university,yes,2026-10-09,
B12_BYU_WSOC,BYU,2025,11,7,6,4,5,2,,https://byucougars.com/sports/womens-soccer/schedule/season/2025,"Official 2025 schedule/results page, read 2026-10-09",official_university,yes,2026-10-09,
B12_CIN_WSOC,Cincinnati,2023,4,8,7,2,3,5,,https://gobearcats.com/sports/womens-soccer/schedule/season/2023,"Official 2023 schedule/results page, read 2026-10-09",official_university,yes,2026-10-09,
B12_CIN_WSOC,Cincinnati,2024,6,9,4,2,6,3,,https://gobearcats.com/sports/womens-soccer/schedule/season/2024,"Official 2024 schedule/results page, read 2026-10-09",official_university,yes,2026-10-09,
B12_CIN_WSOC,Cincinnati,2025,5,8,6,3,6,2,,https://gobearcats.com/sports/womens-soccer/schedule/season/2025,"Official 2025 schedule/results page, read 2026-10-09",official_university,yes,2026-10-09,
B12_COLO_WSOC,Colorado,2023,13,5,3,5,3,3,,https://cubuffs.com/sports/womens-soccer/schedule/2023,"Official 2023 schedule/results page, read 2026-10-09",official_university,yes,2026-10-09,
B12_COLO_WSOC,Colorado,2024,12,5,5,4,2,5,,https://cubuffs.com/sports/womens-soccer/schedule/2024,"Official 2024 schedule/results page, read 2026-10-09",official_university,yes,2026-10-09,
B12_COLO_WSOC,Colorado,2025,17,4,3,8,1,2,,https://cubuffs.com/sports/womens-soccer/schedule/2025,"Official 2025 schedule/results page, read 2026-10-09",official_university,yes,2026-10-09,
B12_HOU_WSOC,Houston,2023,8,8,2,2,7,1,,https://uhcougars.com/sports/womens-soccer/schedule/2023,"Official 2023 schedule/results page, read 2026-10-09",official_university,yes,2026-10-09,
B12_HOU_WSOC,Houston,2024,4,12,1,1,10,0,,https://uhcougars.com/sports/womens-soccer/schedule/2024,"Official 2024 schedule/results page, read 2026-10-09",official_university,yes,2026-10-09,
B12_HOU_WSOC,Houston,2025,7,4,7,2,4,5,,https://uhcougars.com/sports/womens-soccer/schedule/2025,"Official 2025 schedule/results page, read 2026-10-09",official_university,yes,2026-10-09,
B12_ISU_WSOC,Iowa State,2023,6,11,1,3,7,0,,https://cyclones.com/sports/womens-soccer/schedule/2023,"Official 2023 schedule/results page, read 2026-10-09",official_university,yes,2026-10-09,
B12_ISU_WSOC,Iowa State,2024,3,9,6,1,5,4,,https://cyclones.com/sports/womens-soccer/schedule/2024,"Official 2024 schedule/results page, read 2026-10-09",official_university,yes,2026-10-09,
B12_ISU_WSOC,Iowa State,2025,4,9,4,1,8,2,,https://cyclones.com/sports/womens-soccer/schedule/2025,"Official 2025 schedule/results page, read 2026-10-09",official_university,yes,2026-10-09,
B12_KU_WSOC,Kansas,2023,4,8,6,1,7,2,,https://kuathletics.com/sports/womens-soccer/schedule/2023,"Official 2023 schedule/results page, read 2026-10-09",official_university,yes,2026-10-09,
B12_KU_WSOC,Kansas,2024,13,6,4,6,4,1,,https://kuathletics.com/sports/womens-soccer/schedule/2024,"Official 2024 schedule/results page, read 2026-10-09",official_university,yes,2026-10-09,
B12_KU_WSOC,Kansas,2025,16,6,3,6,4,1,,https://kuathletics.com/sports/womens-soccer/schedule/2025,"Official 2025 schedule/results page, read 2026-10-09",official_university,yes,2026-10-09,
B12_KSU_WSOC,Kansas State,2023,3,12,3,1,8,1,,https://www.kstatesports.com/sports/womens-soccer/schedule/2023,"Official 2023 schedule/results page, read 2026-10-09",official_university,yes,2026-10-09,
B12_KSU_WSOC,Kansas State,2024,3,12,3,0,9,2,,https://www.kstatesports.com/sports/womens-soccer/schedule/2024,"Official 2024 schedule/results page, read 2026-10-09",official_university,yes,2026-10-09,
B12_KSU_WSOC,Kansas State,2025,7,6,5,2,5,4,,https://www.kstatesports.com/sports/womens-soccer/schedule/2025,"Official 2025 schedule/results page, read 2026-10-09",official_university,yes,2026-10-09,
B12_OKST_WSOC,Oklahoma State,2023,12,8,0,5,5,0,,https://okstate.com/sports/womens-soccer/schedule/2023,"Official 2023 schedule/results page, read 2026-10-09",official_university,yes,2026-10-09,
B12_OKST_WSOC,Oklahoma State,2024,14,5,3,6,3,2,,https://okstate.com/sports/womens-soccer/schedule/2024,"Official 2024 schedule/results page, read 2026-10-09",official_university,yes,2026-10-09,
B12_OKST_WSOC,Oklahoma State,2025,4,13,2,0,10,1,,https://okstate.com/sports/womens-soccer/schedule/2025,"Official 2025 schedule/results page, read 2026-10-09",official_university,yes,2026-10-09,
B12_TCU_WSOC,TCU,2023,10,6,3,6,2,2,,https://gofrogs.com/sports/womens-soccer/schedule/2023,"Official 2023 schedule/results page, read 2026-10-09",official_university,yes,2026-10-09,
B12_TCU_WSOC,TCU,2024,17,4,2,9,0,2,,https://gofrogs.com/sports/womens-soccer/schedule/2024,"Official 2024 schedule/results page, read 2026-10-09",official_university,yes,2026-10-09,
B12_TCU_WSOC,TCU,2025,18,3,3,9,1,1,,https://gofrogs.com/sports/womens-soccer/schedule/2025,"Official 2025 schedule/results page, read 2026-10-09",official_university,yes,2026-10-09,
B12_TTU_WSOC,Texas Tech,2023,16,2,5,8,0,2,,https://texastech.com/sports/womens-soccer/schedule/2023,"Official 2023 schedule/results page, read 2026-10-09",official_university,yes,2026-10-09,
B12_TTU_WSOC,Texas Tech,2024,15,5,2,8,1,2,,https://texastech.com/sports/womens-soccer/schedule/2024,"Official 2024 schedule/results page, read 2026-10-09",official_university,yes,2026-10-09,
B12_TTU_WSOC,Texas Tech,2025,14,2,5,7,1,3,,https://texastech.com/sports/womens-soccer/schedule/2025,"Official 2025 schedule/results page, read 2026-10-09",official_university,yes,2026-10-09,
B12_UCF_WSOC,UCF,2023,10,7,1,5,4,1,,https://ucfknights.com/sports/womens-soccer/schedule/season/2023,"Official 2023 schedule/results page, read 2026-10-09",official_university,yes,2026-10-09,
B12_UCF_WSOC,UCF,2024,3,6,6,1,5,4,,https://ucfknights.com/sports/womens-soccer/schedule/season/2024,"Official 2024 schedule/results page, read 2026-10-09",official_university,yes,2026-10-09,
B12_UCF_WSOC,UCF,2025,12,4,5,5,1,5,,https://ucfknights.com/sports/womens-soccer/schedule/season/2025,"Official 2025 schedule/results page, read 2026-10-09",official_university,yes,2026-10-09,
B12_UTAH_WSOC,Utah,2023,6,8,6,2,6,3,,https://utahutes.com/sports/womens-soccer/schedule/2023,"Official 2023 schedule/results page, read 2026-10-09",official_university,yes,2026-10-09,
B12_UTAH_WSOC,Utah,2024,8,6,5,5,3,3,,https://utahutes.com/sports/womens-soccer/schedule/2024,"Official 2024 schedule/results page, read 2026-10-09",official_university,yes,2026-10-09,
B12_UTAH_WSOC,Utah,2025,7,10,3,2,7,2,,https://utahutes.com/sports/womens-soccer/schedule/2025,"Official 2025 schedule/results page, read 2026-10-09",official_university,yes,2026-10-09,
B12_WVU_WSOC,West Virginia,2023,7,8,4,5,3,2,,https://wvusports.com/sports/womens-soccer/schedule/2023,"Official 2023 schedule/results page, read 2026-10-09",official_university,yes,2026-10-09,
B12_WVU_WSOC,West Virginia,2024,12,5,3,8,2,1,,https://wvusports.com/sports/womens-soccer/schedule/2024,"Official 2024 schedule/results page, read 2026-10-09",official_university,yes,2026-10-09,
B12_WVU_WSOC,West Virginia,2025,14,3,4,8,0,3,,https://wvusports.com/sports/womens-soccer/schedule/2025,"Official 2025 schedule/results page, read 2026-10-09",official_university,yes,2026-10-09,
BE_BUTLER_WSOC,Butler,2023,6,8,6,2,3,5,,https://butlersports.com/sports/womens-soccer/schedule/2023,"Official 2023 schedule/results page, read 2026-10-09",official_university,yes,2026-10-09,
BE_BUTLER_WSOC,Butler,2024,10,4,5,5,2,3,,https://butlersports.com/sports/womens-soccer/schedule/2024,"Official 2024 schedule/results page, read 2026-10-09",official_university,yes,2026-10-09,
BE_BUTLER_WSOC,Butler,2025,5,4,8,2,3,5,,https://butlersports.com/sports/womens-soccer/schedule/2025,"Official 2025 schedule/results page, read 2026-10-09",official_university,yes,2026-10-09,
BE_CREIGHTON_WSOC,Creighton,2023,4,9,5,2,7,1,,https://gocreighton.com/sports/womens-soccer/schedule/2023,"Official 2023 schedule/results page, read 2026-10-09",official_university,yes,2026-10-09,
BE_CREIGHTON_WSOC,Creighton,2024,8,7,2,5,4,1,,https://gocreighton.com/sports/womens-soccer/schedule/2024,"Official 2024 schedule/results page, read 2026-10-09",official_university,yes,2026-10-09,
BE_CREIGHTON_WSOC,Creighton,2025,7,8,4,4,3,3,,https://gocreighton.com/sports/womens-soccer/schedule/2025,"Official 2025 schedule/results page, read 2026-10-09",official_university,yes,2026-10-09,
BE_DEPAUL_WSOC,DePaul,2023,6,7,4,2,5,3,,https://depaulbluedemons.com/sports/womens-soccer/schedule/2023,"Official 2023 schedule/results page, read 2026-10-09",official_university,yes,2026-10-09,
BE_DEPAUL_WSOC,DePaul,2024,5,8,7,3,3,4,,https://depaulbluedemons.com/sports/womens-soccer/schedule/2024,"Official 2024 schedule/results page, read 2026-10-09",official_university,yes,2026-10-09,
BE_DEPAUL_WSOC,DePaul,2025,4,12,2,1,7,2,,https://depaulbluedemons.com/sports/womens-soccer/schedule/2025,"Official 2025 schedule/results page, read 2026-10-09",official_university,yes,2026-10-09,
BE_GEORGETOWN_WSOC,Georgetown,2023,13,2,7,6,0,4,,https://guhoyas.com/sports/womens-soccer/schedule/2023,"Official 2023 schedule/results page, read 2026-10-09",official_university,yes,2026-10-09,
BE_GEORGETOWN_WSOC,Georgetown,2024,13,4,4,8,1,1,,https://guhoyas.com/sports/womens-soccer/schedule/2024,"Official 2024 schedule/results page, read 2026-10-09",official_university,yes,2026-10-09,
BE_GEORGETOWN_WSOC,Georgetown,2025,16,4,3,10,0,0,,https://guhoyas.com/sports/womens-soccer/schedule/2025,"Official 2025 schedule/results page, read 2026-10-09",official_university,yes,2026-10-09,
BE_MARQUETTE_WSOC,Marquette,2023,5,10,4,2,6,2,,https://gomarquette.com/sports/womens-soccer/schedule/2023,"Official 2023 schedule/results page, read 2026-10-09",official_university,yes,2026-10-09,
BE_MARQUETTE_WSOC,Marquette,2024,6,11,3,3,6,1,,https://gomarquette.com/sports/womens-soccer/schedule/2024,"Official 2024 schedule/results page, read 2026-10-09",official_university,yes,2026-10-09,
BE_MARQUETTE_WSOC,Marquette,2025,7,7,4,3,4,3,,https://gomarquette.com/sports/womens-soccer/schedule/2025,"Official 2025 schedule/results page, read 2026-10-09",official_university,yes,2026-10-09,
BE_PROVIDENCE_WSOC,Providence,2023,10,5,5,4,1,5,,https://friars.com/sports/womens-soccer/schedule/2023,"Official 2023 schedule/results page, read 2026-10-09",official_university,yes,2026-10-09,
BE_PROVIDENCE_WSOC,Providence,2024,6,9,3,3,5,2,,https://friars.com/sports/womens-soccer/schedule/2024,"Official 2024 schedule/results page, read 2026-10-09",official_university,yes,2026-10-09,
BE_PROVIDENCE_WSOC,Providence,2025,6,6,4,3,4,3,,https://friars.com/sports/womens-soccer/schedule/2025,"Official 2025 schedule/results page, read 2026-10-09",official_university,yes,2026-10-09,
BE_SETON_HALL_WSOC,Seton Hall,2023,6,7,5,2,4,4,,https://shupirates.com/sports/womens-soccer/schedule/2023,"Official 2023 schedule/results page, read 2026-10-09",official_university,yes,2026-10-09,
BE_SETON_HALL_WSOC,Seton Hall,2024,4,12,3,1,7,2,,https://shupirates.com/sports/womens-soccer/schedule/2024,"Official 2024 schedule/results page, read 2026-10-09",official_university,yes,2026-10-09,
BE_SETON_HALL_WSOC,Seton Hall,2025,3,10,5,0,9,1,,https://shupirates.com/sports/womens-soccer/schedule/2025,"Official 2025 schedule/results page, read 2026-10-09",official_university,yes,2026-10-09,
BE_ST_JOHN_S_WSOC,St. John's,2023,10,6,3,5,4,1,,https://redstormsports.com/sports/womens-soccer/schedule/2023,"Official 2023 schedule/results page, read 2026-10-09",official_university,yes,2026-10-09,
BE_ST_JOHN_S_WSOC,St. John's,2024,6,7,5,1,6,3,,https://redstormsports.com/sports/womens-soccer/schedule/2024,"Official 2024 schedule/results page, read 2026-10-09",official_university,yes,2026-10-09,
BE_ST_JOHN_S_WSOC,St. John's,2025,3,9,5,1,6,3,,https://redstormsports.com/sports/womens-soccer/schedule/2025,"Official 2025 schedule/results page, read 2026-10-09",official_university,yes,2026-10-09,
BE_UCONN_WSOC,UConn,2023,10,4,5,6,1,3,,https://uconnhuskies.com/sports/womens-soccer/schedule/2023,"Official 2023 schedule/results page, read 2026-10-09",official_university,yes,2026-10-09,
BE_UCONN_WSOC,UConn,2024,14,5,4,4,3,3,,https://uconnhuskies.com/sports/womens-soccer/schedule/2024,"Official 2024 schedule/results page, read 2026-10-09",official_university,yes,2026-10-09,
BE_UCONN_WSOC,UConn,2025,11,4,3,7,1,2,,https://uconnhuskies.com/sports/womens-soccer/schedule/2025,"Official 2025 schedule/results page, read 2026-10-09",official_university,yes,2026-10-09,
BE_VILLANOVA_WSOC,Villanova,2023,4,7,7,1,7,2,,https://villanova.com/sports/womens-soccer/schedule/2023,"Official 2023 schedule/results page, read 2026-10-09",official_university,yes,2026-10-09,
BE_VILLANOVA_WSOC,Villanova,2024,5,7,6,2,3,5,,https://villanova.com/sports/womens-soccer/schedule/2024,"Official 2024 schedule/results page, read 2026-10-09",official_university,yes,2026-10-09,
BE_VILLANOVA_WSOC,Villanova,2025,9,8,1,4,5,1,,https://villanova.com/sports/womens-soccer/schedule/2025,"Official 2025 schedule/results page, read 2026-10-09",official_university,yes,2026-10-09,
BE_XAVIER_WSOC,Xavier,2023,14,4,4,6,0,4,,https://goxavier.com/sports/womens-soccer/schedule/2023,"Official 2023 schedule/results page, read 2026-10-09",official_university,yes,2026-10-09,
BE_XAVIER_WSOC,Xavier,2024,15,4,2,7,2,1,,https://goxavier.com/sports/womens-soccer/schedule/2024,"Official 2024 schedule/results page, read 2026-10-09",official_university,yes,2026-10-09,
BE_XAVIER_WSOC,Xavier,2025,16,4,2,8,1,1,,https://goxavier.com/sports/womens-soccer/schedule/2025,"Official 2025 schedule/results page, read 2026-10-09",official_university,yes,2026-10-09,
BSKY_EASTERN_WASHINGTON_WSOC,Eastern Washington,2023,2,14,1,1,6,1,,https://goeags.com/sports/womens-soccer/schedule/2023,"Official 2023 schedule/results page, read 2026-10-09",official_university,yes,2026-10-09,
BSKY_EASTERN_WASHINGTON_WSOC,Eastern Washington,2024,9,5,5,4,1,3,,https://goeags.com/sports/womens-soccer/schedule/2024,"Official 2024 schedule/results page, read 2026-10-09",official_university,yes,2026-10-09,
BSKY_EASTERN_WASHINGTON_WSOC,Eastern Washington,2025,8,7,4,4,3,1,,https://goeags.com/sports/womens-soccer/schedule/2025,"Official 2025 schedule/results page, read 2026-10-09",official_university,yes,2026-10-09,
BSKY_IDAHO_WSOC,Idaho,2023,12,5,2,5,2,1,,https://govandals.com/sports/womens-soccer/schedule/2023,"Official 2023 schedule/results page, read 2026-10-09",official_university,yes,2026-10-09,
BSKY_IDAHO_WSOC,Idaho,2024,12,5,3,5,2,1,,https://govandals.com/sports/womens-soccer/schedule/2024,"Official 2024 schedule/results page, read 2026-10-09",official_university,yes,2026-10-09,
BSKY_IDAHO_WSOC,Idaho,2025,6,5,9,2,2,4,,https://govandals.com/sports/womens-soccer/schedule/2025,"Official 2025 schedule/results page, read 2026-10-09",official_university,yes,2026-10-09,
BSKY_IDAHO_STATE_WSOC,Idaho State,2023,4,13,2,2,4,2,,https://isubengals.com/sports/womens-soccer/schedule/2023,"Official 2023 schedule/results page, read 2026-10-09",official_university,yes,2026-10-09,
BSKY_IDAHO_STATE_WSOC,Idaho State,2024,2,10,5,1,6,1,,https://isubengals.com/sports/womens-soccer/schedule/2024,"Official 2024 schedule/results page, read 2026-10-09",official_university,yes,2026-10-09,
BSKY_IDAHO_STATE_WSOC,Idaho State,2025,5,8,4,2,4,2,,https://isubengals.com/sports/womens-soccer/schedule/2025,"Official 2025 schedule/results page, read 2026-10-09",official_university,yes,2026-10-09,
BSKY_MONTANA_WSOC,Montana,2023,13,3,3,7,0,1,,https://gogriz.com/sports/womens-soccer/schedule/2023,"Official 2023 schedule/results page, read 2026-10-09",official_university,yes,2026-10-09,
BSKY_MONTANA_WSOC,Montana,2024,12,2,5,6,0,2,,https://gogriz.com/sports/womens-soccer/schedule/2024,"Official 2024 schedule/results page, read 2026-10-09",official_university,yes,2026-10-09,
BSKY_MONTANA_WSOC,Montana,2025,11,4,5,5,1,2,,https://gogriz.com/sports/womens-soccer/schedule/2025,"Official 2025 schedule/results page, read 2026-10-09",official_university,yes,2026-10-09,
BSKY_NORTHERN_ARIZONA_WSOC,Northern Arizona,2023,11,6,3,4,3,1,,https://nauathletics.com/sports/womens-soccer/schedule/2023,"Official 2023 schedule/results page, read 2026-10-09",official_university,yes,2026-10-09,
BSKY_NORTHERN_ARIZONA_WSOC,Northern Arizona,2024,4,7,6,4,3,1,,https://nauathletics.com/sports/womens-soccer/schedule/2024,"Official 2024 schedule/results page, read 2026-10-09",official_university,yes,2026-10-09,
BSKY_NORTHERN_ARIZONA_WSOC,Northern Arizona,2025,6,6,7,2,3,3,,https://nauathletics.com/sports/womens-soccer/schedule/2025,"Official 2025 schedule/results page, read 2026-10-09",official_university,yes,2026-10-09,
BSKY_NORTHERN_COLORADO_WSOC,Northern Colorado,2023,1,13,4,1,4,3,,https://uncbears.com/sports/womens-soccer/schedule/2023,"Official 2023 schedule/results page, read 2026-10-09",official_university,yes,2026-10-09,
BSKY_NORTHERN_COLORADO_WSOC,Northern Colorado,2024,4,14,1,2,5,1,,https://uncbears.com/sports/womens-soccer/schedule/2024,"Official 2024 schedule/results page, read 2026-10-09",official_university,yes,2026-10-09,
BSKY_NORTHERN_COLORADO_WSOC,Northern Colorado,2025,3,10,6,2,4,2,,https://uncbears.com/sports/womens-soccer/schedule/2025,"Official 2025 schedule/results page, read 2026-10-09",official_university,yes,2026-10-09,
BSKY_PORTLAND_STATE_WSOC,Portland State,2023,8,8,2,4,2,2,,https://goviks.com/sports/womens-soccer/schedule/2023,"Official 2023 schedule/results page, read 2026-10-09",official_university,yes,2026-10-09,
BSKY_PORTLAND_STATE_WSOC,Portland State,2024,4,9,5,2,3,3,,https://goviks.com/sports/womens-soccer/schedule/2024,"Official 2024 schedule/results page, read 2026-10-09",official_university,yes,2026-10-09,
BSKY_PORTLAND_STATE_WSOC,Portland State,2025,4,9,4,3,3,2,,https://goviks.com/sports/womens-soccer/schedule/2025,"Official 2025 schedule/results page, read 2026-10-09",official_university,yes,2026-10-09,
BSKY_SOUTHERN_UTAH_WSOC,Southern Utah,2023,3,11,5,3,5,1,,https://suutbirds.com/sports/womens-soccer/schedule/2023,"Official 2023 schedule/results page, read 2026-10-09",official_university,yes,2026-10-09,
BSKY_SOUTHERN_UTAH_WSOC,Southern Utah,2024,2,10,5,0,5,2,,https://suutbirds.com/sports/womens-soccer/schedule/2024,"Official 2024 schedule/results page, read 2026-10-09",official_university,yes,2026-10-09,
BSKY_SOUTHERN_UTAH_WSOC,Southern Utah,2025,3,12,3,2,7,1,,https://suutbirds.com/sports/womens-soccer/schedule/2025,"Official 2025 schedule/results page, read 2026-10-09",official_university,yes,2026-10-09,
BSKY_UTAH_TECH_WSOC,Utah Tech,2023,8,7,5,3,2,4,,https://utahtechtrailblazers.com/sports/womens-soccer/schedule/2023,"Official 2023 schedule/results page, read 2026-10-09",official_university,yes,2026-10-09,
BSKY_UTAH_TECH_WSOC,Utah Tech,2024,5,7,5,2,4,1,,https://utahtechtrailblazers.com/sports/womens-soccer/schedule/2024,"Official 2024 schedule/results page, read 2026-10-09",official_university,yes,2026-10-09,
BSKY_UTAH_TECH_WSOC,Utah Tech,2025,8,7,5,4,4,2,,https://utahtechtrailblazers.com/sports/womens-soccer/schedule/2025,"Official 2025 schedule/results page, read 2026-10-09",official_university,yes,2026-10-09,
BSKY_WEBER_STATE_WSOC,Weber State,2023,1,9,5,1,3,4,,https://weberstatesports.com/sports/womens-soccer/schedule/2023,"Official 2023 schedule/results page, read 2026-10-09",official_university,yes,2026-10-09,
BSKY_WEBER_STATE_WSOC,Weber State,2024,2,13,5,1,6,1,,https://weberstatesports.com/sports/womens-soccer/schedule/2024,"Official 2024 schedule/results page, read 2026-10-09",official_university,yes,2026-10-09,
BSKY_WEBER_STATE_WSOC,Weber State,2025,12,6,2,5,2,1,,https://weberstatesports.com/sports/womens-soccer/schedule/2025,"Official 2025 schedule/results page, read 2026-10-09",official_university,yes,2026-10-09,
BSOUTH_CHARLESTON_SOUTHERN_WSOC,Charleston Southern,2023,9,5,4,4,2,2,,https://csusports.com/sports/womens-soccer/schedule/2023,"Official 2023 schedule/results page, read 2026-10-09",official_university,yes,2026-10-09,
BSOUTH_CHARLESTON_SOUTHERN_WSOC,Charleston Southern,2024,5,7,3,2,4,1,,https://csusports.com/sports/womens-soccer/schedule/2024,"Official 2024 schedule/results page, read 2026-10-09",official_university,yes,2026-10-09,
BSOUTH_CHARLESTON_SOUTHERN_WSOC,Charleston Southern,2025,6,8,4,3,4,1,,https://csusports.com/sports/womens-soccer/schedule/2025,"Official 2025 schedule/results page, read 2026-10-09",official_university,yes,2026-10-09,
BSOUTH_GARDNER_WEBB_WSOC,Gardner–Webb,2023,4,12,2,1,6,1,,https://gwusports.com/sports/womens-soccer/schedule/2023,"Official 2023 schedule/results page, read 2026-10-09",official_university,yes,2026-10-09,
BSOUTH_GARDNER_WEBB_WSOC,Gardner–Webb,2024,4,11,4,1,4,3,,https://gwusports.com/sports/womens-soccer/schedule/2024,"Official 2024 schedule/results page, read 2026-10-09",official_university,yes,2026-10-09,
BSOUTH_GARDNER_WEBB_WSOC,Gardner–Webb,2025,4,11,3,3,3,2,,https://gwusports.com/sports/womens-soccer/schedule/2025,"Official 2025 schedule/results page, read 2026-10-09",official_university,yes,2026-10-09,
BSOUTH_HIGH_POINT_WSOC,High Point,2023,6,5,7,4,1,3,,https://highpointpanthers.com/sports/womens-soccer/schedule/2023,"Official 2023 schedule/results page, read 2026-10-09",official_university,yes,2026-10-09,
BSOUTH_HIGH_POINT_WSOC,High Point,2024,9,7,3,5,2,1,,https://highpointpanthers.com/sports/womens-soccer/schedule/2024,"Official 2024 schedule/results page, read 2026-10-09",official_university,yes,2026-10-09,
BSOUTH_HIGH_POINT_WSOC,High Point,2025,5,10,5,3,3,2,,https://highpointpanthers.com/sports/womens-soccer/schedule/2025,"Official 2025 schedule/results page, read 2026-10-09",official_university,yes,2026-10-09,
BSOUTH_LONGWOOD_WSOC,Longwood,2023,5,7,5,3,2,3,,https://longwoodlancers.com/sports/womens-soccer/schedule/2023,"Official 2023 schedule/results page, read 2026-10-09",official_university,yes,2026-10-09,
BSOUTH_LONGWOOD_WSOC,Longwood,2024,4,9,6,3,2,3,,https://longwoodlancers.com/sports/womens-soccer/schedule/2024,"Official 2024 schedule/results page, read 2026-10-09",official_university,yes,2026-10-09,
BSOUTH_LONGWOOD_WSOC,Longwood,2025,9,7,3,5,3,0,,https://longwoodlancers.com/sports/womens-soccer/schedule/2025,"Official 2025 schedule/results page, read 2026-10-09",official_university,yes,2026-10-09,
BSOUTH_PRESBYTERIAN_WSOC,Presbyterian,2023,3,10,3,2,4,2,,https://gobluehose.com/sports/womens-soccer/schedule/2023,"Official 2023 schedule/results page, read 2026-10-09",official_university,yes,2026-10-09,
BSOUTH_PRESBYTERIAN_WSOC,Presbyterian,2024,7,6,5,2,2,3,,https://gobluehose.com/sports/womens-soccer/schedule/2024,"Official 2024 schedule/results page, read 2026-10-09",official_university,yes,2026-10-09,
BSOUTH_PRESBYTERIAN_WSOC,Presbyterian,2025,3,10,3,0,6,2,,https://gobluehose.com/sports/womens-soccer/schedule/2025,"Official 2025 schedule/results page, read 2026-10-09",official_university,yes,2026-10-09,
BSOUTH_RADFORD_WSOC,Radford,2023,12,6,2,6,1,1,,https://radfordathletics.com/sports/womens-soccer/schedule/2023,"Official 2023 schedule/results page, read 2026-10-09",official_university,yes,2026-10-09,
BSOUTH_RADFORD_WSOC,Radford,2024,9,4,5,3,1,3,,https://radfordathletics.com/sports/womens-soccer/schedule/2024,"Official 2024 schedule/results page, read 2026-10-09",official_university,yes,2026-10-09,
BSOUTH_RADFORD_WSOC,Radford,2025,10,5,1,7,1,0,,https://radfordathletics.com/sports/womens-soccer/schedule/2025,"Official 2025 schedule/results page, read 2026-10-09",official_university,yes,2026-10-09,
BSOUTH_UNC_ASHEVILLE_WSOC,UNC Asheville,2023,7,6,4,2,5,1,,https://uncabulldogs.com/sports/womens-soccer/schedule/2023,"Official 2023 schedule/results page, read 2026-10-09",official_university,yes,2026-10-09,
BSOUTH_UNC_ASHEVILLE_WSOC,UNC Asheville,2024,4,12,1,2,4,0,,https://uncabulldogs.com/sports/womens-soccer/schedule/2024,"Official 2024 schedule/results page, read 2026-10-09",official_university,yes,2026-10-09,
BSOUTH_UNC_ASHEVILLE_WSOC,UNC Asheville,2025,5,9,3,1,5,2,,https://uncabulldogs.com/sports/womens-soccer/schedule/2025,"Official 2025 schedule/results page, read 2026-10-09",official_university,yes,2026-10-09,
BSOUTH_USC_UPSTATE_WSOC,USC Upstate,2023,11,4,4,6,2,0,,https://upstatespartans.com/sports/womens-soccer/schedule/2023,"Official 2023 schedule/results page, read 2026-10-09",official_university,yes,2026-10-09,
BSOUTH_USC_UPSTATE_WSOC,USC Upstate,2024,10,5,4,5,1,2,,https://upstatespartans.com/sports/womens-soccer/schedule/2024,"Official 2024 schedule/results page, read 2026-10-09",official_university,yes,2026-10-09,
BSOUTH_USC_UPSTATE_WSOC,USC Upstate,2025,10,6,3,6,2,0,,https://upstatespartans.com/sports/womens-soccer/schedule/2025,"Official 2025 schedule/results page, read 2026-10-09",official_university,yes,2026-10-09,
BSOUTH_WINTHROP_WSOC,Winthrop,2023,4,8,2,1,6,1,,https://winthropeagles.com/sports/womens-soccer/schedule/2023,"Official 2023 schedule/results page, read 2026-10-09",official_university,yes,2026-10-09,
BSOUTH_WINTHROP_WSOC,Winthrop,2024,3,7,4,0,3,4,,https://winthropeagles.com/sports/womens-soccer/schedule/2024,"Official 2024 schedule/results page, read 2026-10-09",official_university,yes,2026-10-09,
BSOUTH_WINTHROP_WSOC,Winthrop,2025,4,6,6,2,3,3,,https://winthropeagles.com/sports/womens-soccer/schedule/2025,"Official 2025 schedule/results page, read 2026-10-09",official_university,yes,2026-10-09,
B10_ILL_WSOC,Illinois,2023,6,8,3,2,6,2,,https://fightingillini.com/sports/womens-soccer/schedule/2023,"Official 2023 schedule/results page, read 2026-10-09",official_university,yes,2026-10-09,
B10_ILL_WSOC,Illinois,2024,8,8,2,4,6,1,,https://fightingillini.com/sports/womens-soccer/schedule/2024,"Official 2024 schedule/results page, read 2026-10-09",official_university,yes,2026-10-09,
B10_ILL_WSOC,Illinois,2025,13,6,2,5,4,2,,https://fightingillini.com/sports/womens-soccer/schedule/2025,"Official 2025 schedule/results page, read 2026-10-09",official_university,yes,2026-10-09,
B10_IU_WSOC,Indiana,2023,12,4,4,6,2,2,,https://iuhoosiers.com/sports/womens-soccer/schedule/2023,"Official 2023 schedule/results page, read 2026-10-09",official_university,yes,2026-10-09,
B10_IU_WSOC,Indiana,2024,6,9,2,1,9,1,,https://iuhoosiers.com/sports/womens-soccer/schedule/2024,"Official 2024 schedule/results page, read 2026-10-09",official_university,yes,2026-10-09,
B10_IU_WSOC,Indiana,2025,5,6,6,2,4,5,,https://iuhoosiers.com/sports/womens-soccer/schedule/2025,"Official 2025 schedule/results page, read 2026-10-09",official_university,yes,2026-10-09,
B10_UMD_WSOC,Maryland,2023,3,10,5,0,9,1,,https://umterps.com/sports/womens-soccer/schedule/2023,"Official 2023 schedule/results page, read 2026-10-09",official_university,yes,2026-10-09,
B10_UMD_WSOC,Maryland,2024,4,10,5,1,8,2,,https://umterps.com/sports/womens-soccer/schedule/2024,"Official 2024 schedule/results page, read 2026-10-09",official_university,yes,2026-10-09,
B10_UMD_WSOC,Maryland,2025,6,11,1,2,8,1,,https://umterps.com/sports/womens-soccer/schedule/2025,"Official 2025 schedule/results page, read 2026-10-09",official_university,yes,2026-10-09,
B10_MICH_WSOC,Michigan,2023,7,7,4,3,5,2,,https://mgoblue.com/sports/womens-soccer/schedule/2023,"Official 2023 schedule/results page, read 2026-10-09",official_university,yes,2026-10-09,
B10_MICH_WSOC,Michigan,2024,3,13,2,2,8,1,,https://mgoblue.com/sports/womens-soccer/schedule/2024,"Official 2024 schedule/results page, read 2026-10-09",official_university,yes,2026-10-09,
B10_MICH_WSOC,Michigan,2025,6,8,4,3,4,4,,https://mgoblue.com/sports/womens-soccer/schedule/2025,"Official 2025 schedule/results page, read 2026-10-09",official_university,yes,2026-10-09,
B10_MSU_WSOC,Michigan State,2023,14,5,3,7,1,2,,https://msuspartans.com/sports/womens-soccer/schedule/2023,"Official 2023 schedule/results page, read 2026-10-09",official_university,yes,2026-10-09,
B10_MSU_WSOC,Michigan State,2024,14,3,5,7,1,3,,https://msuspartans.com/sports/womens-soccer/schedule/2024,"Official 2024 schedule/results page, read 2026-10-09",official_university,yes,2026-10-09,
B10_MSU_WSOC,Michigan State,2025,15,4,6,7,1,3,,https://msuspartans.com/sports/womens-soccer/schedule/2025,"Official 2025 schedule/results page, read 2026-10-09",official_university,yes,2026-10-09,
B10_MINN_WSOC,Minnesota,2023,7,6,4,3,5,2,,https://gophersports.com/sports/womens-soccer/schedule/2023,"Official 2023 schedule/results page, read 2026-10-09",official_university,yes,2026-10-09,
B10_MINN_WSOC,Minnesota,2024,14,5,3,6,3,2,,https://gophersports.com/sports/womens-soccer/schedule/2024,"Official 2024 schedule/results page, read 2026-10-09",official_university,yes,2026-10-09,
B10_MINN_WSOC,Minnesota,2025,6,8,3,2,6,3,,https://gophersports.com/sports/womens-soccer/schedule/2025,"Official 2025 schedule/results page, read 2026-10-09",official_university,yes,2026-10-09,
B10_NEB_WSOC,Nebraska,2023,17,4,3,7,1,2,,https://huskers.com/sports/soccer/schedule/season/2023,"Official 2023 schedule/results page, read 2026-10-09",official_university,yes,2026-10-09,
B10_NEB_WSOC,Nebraska,2024,6,10,1,3,7,1,,https://huskers.com/sports/soccer/schedule/season/2024,"Official 2024 schedule/results page, read 2026-10-09",official_university,yes,2026-10-09,
B10_NEB_WSOC,Nebraska,2025,8,5,5,3,5,3,,https://huskers.com/sports/soccer/schedule/season/2025,"Official 2025 schedule/results page, read 2026-10-09",official_university,yes,2026-10-09,
B10_NU_WSOC,Northwestern,2023,9,5,4,3,5,2,,https://nusports.com/sports/womens-soccer/schedule/season/2023,"Official 2023 schedule/results page, read 2026-10-09",official_university,yes,2026-10-09,
B10_NU_WSOC,Northwestern,2024,6,10,3,1,8,2,,https://nusports.com/sports/womens-soccer/schedule/season/2024,"Official 2024 schedule/results page, read 2026-10-09",official_university,yes,2026-10-09,
B10_NU_WSOC,Northwestern,2025,9,4,8,4,2,5,,https://nusports.com/sports/womens-soccer/schedule/season/2025,"Official 2025 schedule/results page, read 2026-10-09",official_university,yes,2026-10-09,
B10_ORE_WSOC,Oregon,2023,0,16,3,0,10,1,,https://goducks.com/sports/womens-soccer/schedule/2023,"Official 2023 schedule/results page, read 2026-10-09",official_university,yes,2026-10-09,
B10_ORE_WSOC,Oregon,2024,5,11,2,1,8,2,,https://goducks.com/sports/womens-soccer/schedule/2024,"Official 2024 schedule/results page, read 2026-10-09",official_university,yes,2026-10-09,
B10_ORE_WSOC,Oregon,2025,3,10,5,1,6,4,,https://goducks.com/sports/womens-soccer/schedule/2025,"Official 2025 schedule/results page, read 2026-10-09",official_university,yes,2026-10-09,
B10_PSU_WSOC,Penn State,2023,16,3,4,6,1,3,,https://gopsusports.com/sports/womens-soccer/schedule/season/2023,"Official 2023 schedule/results page, read 2026-10-09",official_university,yes,2026-10-09,
B10_PSU_WSOC,Penn State,2024,15,7,3,5,4,2,,https://gopsusports.com/sports/womens-soccer/schedule/season/2024,"Official 2024 schedule/results page, read 2026-10-09",official_university,yes,2026-10-09,
B10_PSU_WSOC,Penn State,2025,10,8,3,5,4,2,,https://gopsusports.com/sports/womens-soccer/schedule/season/2025,"Official 2025 schedule/results page, read 2026-10-09",official_university,yes,2026-10-09,
B10_PUR_WSOC,Purdue,2023,3,13,2,0,8,2,,https://purduesports.com/sports/soccer/schedule/season/2023,"Official 2023 schedule/results page, read 2026-10-09",official_university,yes,2026-10-09,
B10_PUR_WSOC,Purdue,2024,7,9,2,3,7,1,,https://purduesports.com/sports/soccer/schedule/season/2024,"Official 2024 schedule/results page, read 2026-10-09",official_university,yes,2026-10-09,
B10_PUR_WSOC,Purdue,2025,6,10,3,3,7,1,,https://purduesports.com/sports/soccer/schedule/season/2025,"Official 2025 schedule/results page, read 2026-10-09",official_university,yes,2026-10-09,
B10_RUT_WSOC,Rutgers,2023,9,7,4,5,4,1,,https://scarletknights.com/sports/womens-soccer/schedule/2023,"Official 2023 schedule/results page, read 2026-10-09",official_university,yes,2026-10-09,
B10_RUT_WSOC,Rutgers,2024,11,5,5,6,2,3,,https://scarletknights.com/sports/womens-soccer/schedule/2024,"Official 2024 schedule/results page, read 2026-10-09",official_university,yes,2026-10-09,
B10_RUT_WSOC,Rutgers,2025,4,7,5,2,7,2,,https://scarletknights.com/sports/womens-soccer/schedule/2025,"Official 2025 schedule/results page, read 2026-10-09",official_university,yes,2026-10-09,
B10_UCLA_WSOC,UCLA,2023,16,2,1,10,0,1,,https://uclabruins.com/sports/womens-soccer/schedule/season/2023,"Official 2023 schedule/results page, read 2026-10-09",official_university,yes,2026-10-09,
B10_UCLA_WSOC,UCLA,2024,17,4,3,8,1,2,,https://uclabruins.com/sports/womens-soccer/schedule/season/2024,"Official 2024 schedule/results page, read 2026-10-09",official_university,yes,2026-10-09,
B10_UCLA_WSOC,UCLA,2025,12,5,4,6,2,3,,https://uclabruins.com/sports/womens-soccer/schedule/season/2025,"Official 2025 schedule/results page, read 2026-10-09",official_university,yes,2026-10-09,
B10_USC_WSOC,USC,2023,11,5,3,6,2,3,,https://usctrojans.com/sports/womens-soccer/schedule/2023,"Official 2023 schedule/results page, read 2026-10-09",official_university,yes,2026-10-09,
B10_USC_WSOC,USC,2024,18,1,4,10,0,1,,https://usctrojans.com/sports/womens-soccer/schedule/2024,"Official 2024 schedule/results page, read 2026-10-09",official_university,yes,2026-10-09,
B10_USC_WSOC,USC,2025,7,7,3,4,5,2,,https://usctrojans.com/sports/womens-soccer/schedule/2025,"Official 2025 schedule/results page, read 2026-10-09",official_university,yes,2026-10-09,
B10_UW_WSOC,Washington,2023,9,5,5,4,4,3,,https://gohuskies.com/sports/womens-soccer/schedule/2023,"Official 2023 schedule/results page, read 2026-10-09",official_university,yes,2026-10-09,
B10_UW_WSOC,Washington,2024,10,7,4,7,4,0,,https://gohuskies.com/sports/womens-soccer/schedule/2024,"Official 2024 schedule/results page, read 2026-10-09",official_university,yes,2026-10-09,
B10_UW_WSOC,Washington,2025,15,3,7,8,1,2,,https://gohuskies.com/sports/womens-soccer/schedule/2025,"Official 2025 schedule/results page, read 2026-10-09",official_university,yes,2026-10-09,
B10_WISC_WSOC,Wisconsin,2023,14,5,4,7,2,1,,https://uwbadgers.com/sports/womens-soccer/schedule/2023,"Official 2023 schedule/results page, read 2026-10-09",official_university,yes,2026-10-09,
B10_WISC_WSOC,Wisconsin,2024,10,6,5,5,3,3,,https://uwbadgers.com/sports/womens-soccer/schedule/2024,"Official 2024 schedule/results page, read 2026-10-09",official_university,yes,2026-10-09,
B10_WISC_WSOC,Wisconsin,2025,14,6,2,6,3,2,,https://uwbadgers.com/sports/womens-soccer/schedule/2025,"Official 2025 schedule/results page, read 2026-10-09",official_university,yes,2026-10-09,
BW_CAL_POLY_WSOC,Cal Poly,2023,10,8,3,6,3,1,,https://gopoly.com/sports/womens-soccer/schedule/2023,"Official 2023 schedule/results page, read 2026-10-09",official_university,yes,2026-10-09,
BW_CAL_POLY_WSOC,Cal Poly,2024,5,11,3,3,6,1,,https://gopoly.com/sports/womens-soccer/schedule/2024,"Official 2024 schedule/results page, read 2026-10-09",official_university,yes,2026-10-09,
BW_CAL_POLY_WSOC,Cal Poly,2025,10,3,9,6,2,2,,https://gopoly.com/sports/womens-soccer/schedule/2025,"Official 2025 schedule/results page, read 2026-10-09",official_university,yes,2026-10-09,
BW_CAL_STATE_BAKERSFIELD_WSOC,Cal State Bakersfield,2023,3,10,4,2,5,3,,https://gorunners.com/sports/womens-soccer/schedule/2023,"Official 2023 schedule/results page, read 2026-10-09",official_university,yes,2026-10-09,
BW_CAL_STATE_BAKERSFIELD_WSOC,Cal State Bakersfield,2024,8,10,5,4,3,3,,https://gorunners.com/sports/womens-soccer/schedule/2024,"Official 2024 schedule/results page, read 2026-10-09",official_university,yes,2026-10-09,
BW_CAL_STATE_BAKERSFIELD_WSOC,Cal State Bakersfield,2025,8,9,2,5,4,1,,https://gorunners.com/sports/womens-soccer/schedule/2025,"Official 2025 schedule/results page, read 2026-10-09",official_university,yes,2026-10-09,
BW_CAL_STATE_FULLERTON_WSOC,Cal State Fullerton,2023,8,5,7,6,1,3,,https://fullertontitans.com/sports/womens-soccer/schedule/2023,"Official 2023 schedule/results page, read 2026-10-09",official_university,yes,2026-10-09,
BW_CAL_STATE_FULLERTON_WSOC,Cal State Fullerton,2024,6,9,4,4,3,3,,https://fullertontitans.com/sports/womens-soccer/schedule/2024,"Official 2024 schedule/results page, read 2026-10-09",official_university,yes,2026-10-09,
BW_CAL_STATE_FULLERTON_WSOC,Cal State Fullerton,2025,14,3,3,6,2,2,,https://fullertontitans.com/sports/womens-soccer/schedule/2025,"Official 2025 schedule/results page, read 2026-10-09",official_university,yes,2026-10-09,
BW_CAL_STATE_NORTHRIDGE_WSOC,Cal State Northridge,2023,1,13,5,1,5,4,,https://gomatadors.com/sports/womens-soccer/schedule/2023,"Official 2023 schedule/results page, read 2026-10-09",official_university,yes,2026-10-09,
BW_CAL_STATE_NORTHRIDGE_WSOC,Cal State Northridge,2024,5,11,3,3,4,3,,https://gomatadors.com/sports/womens-soccer/schedule/2024,"Official 2024 schedule/results page, read 2026-10-09",official_university,yes,2026-10-09,
BW_CAL_STATE_NORTHRIDGE_WSOC,Cal State Northridge,2025,8,7,5,6,1,3,,https://gomatadors.com/sports/womens-soccer/schedule/2025,"Official 2025 schedule/results page, read 2026-10-09",official_university,yes,2026-10-09,
BW_CALIFORNIA_BAPTIST_WSOC,California Baptist,2023,11,2,6,6,0,3,,https://cbulancers.com/sports/womens-soccer/schedule/2023,"Official 2023 schedule/results page, read 2026-10-09",official_university,yes,2026-10-09,
BW_CALIFORNIA_BAPTIST_WSOC,California Baptist,2024,10,7,3,3,3,1,,https://cbulancers.com/sports/womens-soccer/schedule/2024,"Official 2024 schedule/results page, read 2026-10-09",official_university,yes,2026-10-09,
BW_CALIFORNIA_BAPTIST_WSOC,California Baptist,2025,10,9,4,6,3,1,,https://cbulancers.com/sports/womens-soccer/schedule/2025,"Official 2025 schedule/results page, read 2026-10-09",official_university,yes,2026-10-09,
BW_LONG_BEACH_STATE_WSOC,Long Beach State,2023,10,6,4,5,3,2,,https://longbeachstate.com/sports/womens-soccer/schedule/2023,"Official 2023 schedule/results page, read 2026-10-09",official_university,yes,2026-10-09,
BW_LONG_BEACH_STATE_WSOC,Long Beach State,2024,6,9,3,3,5,2,,https://longbeachstate.com/sports/womens-soccer/schedule/2024,"Official 2024 schedule/results page, read 2026-10-09",official_university,yes,2026-10-09,
BW_LONG_BEACH_STATE_WSOC,Long Beach State,2025,5,8,5,2,4,4,,https://longbeachstate.com/sports/womens-soccer/schedule/2025,"Official 2025 schedule/results page, read 2026-10-09",official_university,yes,2026-10-09,
BW_SACRAMENTO_STATE_WSOC,Sacramento State,2023,4,9,5,2,3,3,,https://hornetsports.com/sports/womens-soccer/schedule/2023,"Official 2023 schedule/results page, read 2026-10-09",official_university,yes,2026-10-09,
BW_SACRAMENTO_STATE_WSOC,Sacramento State,2024,5,7,9,3,2,3,,https://hornetsports.com/sports/womens-soccer/schedule/2024,"Official 2024 schedule/results page, read 2026-10-09",official_university,yes,2026-10-09,
BW_SACRAMENTO_STATE_WSOC,Sacramento State,2025,6,11,1,2,5,1,,https://hornetsports.com/sports/womens-soccer/schedule/2025,"Official 2025 schedule/results page, read 2026-10-09",official_university,yes,2026-10-09,
BW_UC_IRVINE_WSOC,UC Irvine,2023,10,8,6,3,3,4,,https://ucirvinesports.com/sports/womens-soccer/schedule/2023,"Official 2023 schedule/results page, read 2026-10-09",official_university,yes,2026-10-09,
BW_UC_IRVINE_WSOC,UC Irvine,2024,6,7,6,4,2,4,,https://ucirvinesports.com/sports/womens-soccer/schedule/2024,"Official 2024 schedule/results page, read 2026-10-09",official_university,yes,2026-10-09,
BW_UC_IRVINE_WSOC,UC Irvine,2025,8,5,7,5,2,3,,https://ucirvinesports.com/sports/womens-soccer/schedule/2025,"Official 2025 schedule/results page, read 2026-10-09",official_university,yes,2026-10-09,
BW_UC_RIVERSIDE_WSOC,UC Riverside,2023,2,10,7,2,5,3,,https://gohighlanders.com/sports/womens-soccer/schedule/2023,"Official 2023 schedule/results page, read 2026-10-09",official_university,yes,2026-10-09,
BW_UC_RIVERSIDE_WSOC,UC Riverside,2024,2,13,4,0,6,4,,https://gohighlanders.com/sports/womens-soccer/schedule/2024,"Official 2024 schedule/results page, read 2026-10-09",official_university,yes,2026-10-09,
BW_UC_RIVERSIDE_WSOC,UC Riverside,2025,0,16,2,0,9,1,,https://gohighlanders.com/sports/womens-soccer/schedule/2025,"Official 2025 schedule/results page, read 2026-10-09",official_university,yes,2026-10-09,
BW_UC_SAN_DIEGO_WSOC,UC San Diego,2023,5,8,5,4,3,3,,https://ucsdtritons.com/sports/womens-soccer/schedule/2023,"Official 2023 schedule/results page, read 2026-10-09",official_university,yes,2026-10-09,
BW_UC_SAN_DIEGO_WSOC,UC San Diego,2024,3,12,4,1,6,3,,https://ucsdtritons.com/sports/womens-soccer/schedule/2024,"Official 2024 schedule/results page, read 2026-10-09",official_university,yes,2026-10-09,
BW_UC_SAN_DIEGO_WSOC,UC San Diego,2025,5,6,8,3,3,4,,https://ucsdtritons.com/sports/womens-soccer/schedule/2025,"Official 2025 schedule/results page, read 2026-10-09",official_university,yes,2026-10-09,
BW_UC_SANTA_BARBARA_WSOC,UC Santa Barbara,2023,4,8,7,2,6,2,,https://ucsbgauchos.com/sports/womens-soccer/schedule/2023,"Official 2023 schedule/results page, read 2026-10-09",official_university,yes,2026-10-09,
BW_UC_SANTA_BARBARA_WSOC,UC Santa Barbara,2024,8,6,9,4,2,4,,https://ucsbgauchos.com/sports/womens-soccer/schedule/2024,"Official 2024 schedule/results page, read 2026-10-09",official_university,yes,2026-10-09,
BW_UC_SANTA_BARBARA_WSOC,UC Santa Barbara,2025,13,5,5,5,2,3,,https://ucsbgauchos.com/sports/womens-soccer/schedule/2025,"Official 2025 schedule/results page, read 2026-10-09",official_university,yes,2026-10-09,
BW_UTAH_VALLEY_WSOC,Utah Valley,2023,10,4,5,7,0,2,,https://gouvu.com/sports/womens-soccer/schedule/2023,"Official 2023 schedule/results page, read 2026-10-09",official_university,yes,2026-10-09,
BW_UTAH_VALLEY_WSOC,Utah Valley,2024,12,5,2,6,0,1,,https://gouvu.com/sports/womens-soccer/schedule/2024,"Official 2024 schedule/results page, read 2026-10-09",official_university,yes,2026-10-09,
BW_UTAH_VALLEY_WSOC,Utah Valley,2025,14,5,3,9,0,1,,https://gouvu.com/sports/womens-soccer/schedule/2025,"Official 2025 schedule/results page, read 2026-10-09",official_university,yes,2026-10-09,
CAA_CAMPBELL_WSOC,Campbell,2023,4,6,7,2,4,6,,https://gocamels.com/sports/womens-soccer/schedule/2023,"Official 2023 schedule/results page, read 2026-10-09",official_university,yes,2026-10-09,
CAA_CAMPBELL_WSOC,Campbell,2024,6,9,3,4,6,0,,https://gocamels.com/sports/womens-soccer/schedule/2024,"Official 2024 schedule/results page, read 2026-10-09",official_university,yes,2026-10-09,
CAA_CAMPBELL_WSOC,Campbell,2025,4,7,5,2,4,3,,https://gocamels.com/sports/womens-soccer/schedule/2025,"Official 2025 schedule/results page, read 2026-10-09",official_university,yes,2026-10-09,
CAA_CHARLESTON_WSOC,Charleston,2023,2,10,5,2,6,4,,https://cofcsports.com/sports/womens-soccer/schedule/2023,"Official 2023 schedule/results page, read 2026-10-09",official_university,yes,2026-10-09,
CAA_CHARLESTON_WSOC,Charleston,2024,11,4,5,4,2,4,,https://cofcsports.com/sports/womens-soccer/schedule/2024,"Official 2024 schedule/results page, read 2026-10-09",official_university,yes,2026-10-09,
CAA_CHARLESTON_WSOC,Charleston,2025,8,6,3,4,3,2,,https://cofcsports.com/sports/womens-soccer/schedule/2025,"Official 2025 schedule/results page, read 2026-10-09",official_university,yes,2026-10-09,
CAA_DREXEL_WSOC,Drexel,2023,7,8,3,3,6,3,,https://drexeldragons.com/sports/womens-soccer/schedule/2023,"Official 2023 schedule/results page, read 2026-10-09",official_university,yes,2026-10-09,
CAA_DREXEL_WSOC,Drexel,2024,4,9,4,2,5,3,,https://drexeldragons.com/sports/womens-soccer/schedule/2024,"Official 2024 schedule/results page, read 2026-10-09",official_university,yes,2026-10-09,
CAA_DREXEL_WSOC,Drexel,2025,3,7,8,2,5,2,,https://drexeldragons.com/sports/womens-soccer/schedule/2025,"Official 2025 schedule/results page, read 2026-10-09",official_university,yes,2026-10-09,
CAA_ELON_WSOC,Elon,2023,3,9,5,2,7,3,,https://elonphoenix.com/sports/womens-soccer/schedule/2023,"Official 2023 schedule/results page, read 2026-10-09",official_university,yes,2026-10-09,
CAA_ELON_WSOC,Elon,2024,13,4,1,7,3,0,,https://elonphoenix.com/sports/womens-soccer/schedule/2024,"Official 2024 schedule/results page, read 2026-10-09",official_university,yes,2026-10-09,
CAA_ELON_WSOC,Elon,2025,11,3,7,4,2,3,,https://elonphoenix.com/sports/womens-soccer/schedule/2025,"Official 2025 schedule/results page, read 2026-10-09",official_university,yes,2026-10-09,
CAA_HAMPTON_WSOC,Hampton,2023,0,18,0,0,12,0,,https://hamptonpirates.com/sports/womens-soccer/schedule/2023,"Official 2023 schedule/results page, read 2026-10-09",official_university,yes,2026-10-09,
CAA_HAMPTON_WSOC,Hampton,2024,3,14,1,0,10,0,,https://hamptonpirates.com/sports/womens-soccer/schedule/2024,"Official 2024 schedule/results page, read 2026-10-09",official_university,yes,2026-10-09,
CAA_HAMPTON_WSOC,Hampton,2025,5,12,1,0,9,0,,https://hamptonpirates.com/sports/womens-soccer/schedule/2025,"Official 2025 schedule/results page, read 2026-10-09",official_university,yes,2026-10-09,
CAA_HOFSTRA_WSOC,Hofstra,2023,12,5,1,9,2,1,,https://gohofstra.com/sports/womens-soccer/schedule/2023,"Official 2023 schedule/results page, read 2026-10-09",official_university,yes,2026-10-09,
CAA_HOFSTRA_WSOC,Hofstra,2024,8,5,6,5,3,2,,https://gohofstra.com/sports/womens-soccer/schedule/2024,"Official 2024 schedule/results page, read 2026-10-09",official_university,yes,2026-10-09,
CAA_HOFSTRA_WSOC,Hofstra,2025,6,5,7,3,3,3,,https://gohofstra.com/sports/womens-soccer/schedule/2025,"Official 2025 schedule/results page, read 2026-10-09",official_university,yes,2026-10-09,
CAA_MONMOUTH_WSOC,Monmouth,2023,11,6,2,8,2,2,,https://monmouthhawks.com/sports/womens-soccer/schedule/2023,"Official 2023 schedule/results page, read 2026-10-09",official_university,yes,2026-10-09,
CAA_MONMOUTH_WSOC,Monmouth,2024,12,3,5,7,1,2,,https://monmouthhawks.com/sports/womens-soccer/schedule/2024,"Official 2024 schedule/results page, read 2026-10-09",official_university,yes,2026-10-09,
CAA_MONMOUTH_WSOC,Monmouth,2025,10,6,2,5,3,1,,https://monmouthhawks.com/sports/womens-soccer/schedule/2025,"Official 2025 schedule/results page, read 2026-10-09",official_university,yes,2026-10-09,
CAA_NORTHEASTERN_WSOC,Northeastern,2023,8,4,6,6,2,4,,https://nuhuskies.com/sports/womens-soccer/schedule/2023,"Official 2023 schedule/results page, read 2026-10-09",official_university,yes,2026-10-09,
CAA_NORTHEASTERN_WSOC,Northeastern,2024,2,9,7,2,4,4,,https://nuhuskies.com/sports/womens-soccer/schedule/2024,"Official 2024 schedule/results page, read 2026-10-09",official_university,yes,2026-10-09,
CAA_NORTHEASTERN_WSOC,Northeastern,2025,3,7,6,2,4,3,,https://nuhuskies.com/sports/womens-soccer/schedule/2025,"Official 2025 schedule/results page, read 2026-10-09",official_university,yes,2026-10-09,
CAA_STONY_BROOK_WSOC,Stony Brook,2023,6,6,6,4,4,4,,https://stonybrookathletics.com/sports/womens-soccer/schedule/2023,"Official 2023 schedule/results page, read 2026-10-09",official_university,yes,2026-10-09,
CAA_STONY_BROOK_WSOC,Stony Brook,2024,14,4,3,7,1,2,,https://stonybrookathletics.com/sports/womens-soccer/schedule/2024,"Official 2024 schedule/results page, read 2026-10-09",official_university,yes,2026-10-09,
CAA_STONY_BROOK_WSOC,Stony Brook,2025,12,6,2,5,4,0,,https://stonybrookathletics.com/sports/womens-soccer/schedule/2025,"Official 2025 schedule/results page, read 2026-10-09",official_university,yes,2026-10-09,
CAA_TOWSON_WSOC,Towson,2023,15,3,2,9,1,2,,https://towsontigers.com/sports/womens-soccer/schedule/2023,"Official 2023 schedule/results page, read 2026-10-09",official_university,yes,2026-10-09,
CAA_TOWSON_WSOC,Towson,2024,6,4,9,4,2,4,,https://towsontigers.com/sports/womens-soccer/schedule/2024,"Official 2024 schedule/results page, read 2026-10-09",official_university,yes,2026-10-09,
CAA_TOWSON_WSOC,Towson,2025,5,5,6,3,3,3,,https://towsontigers.com/sports/womens-soccer/schedule/2025,"Official 2025 schedule/results page, read 2026-10-09",official_university,yes,2026-10-09,
CAA_UNC_WILMINGTON_WSOC,UNC Wilmington,2023,5,9,3,4,5,3,,https://uncwsports.com/sports/womens-soccer/schedule/2023,"Official 2023 schedule/results page, read 2026-10-09",official_university,yes,2026-10-09,
CAA_UNC_WILMINGTON_WSOC,UNC Wilmington,2024,4,9,5,2,5,3,,https://uncwsports.com/sports/womens-soccer/schedule/2024,"Official 2024 schedule/results page, read 2026-10-09",official_university,yes,2026-10-09,
CAA_UNC_WILMINGTON_WSOC,UNC Wilmington,2025,11,3,4,7,0,2,,https://uncwsports.com/sports/womens-soccer/schedule/2025,"Official 2025 schedule/results page, read 2026-10-09",official_university,yes,2026-10-09,
CAA_WILLIAM_AND_MARY_WSOC,William & Mary,2023,9,4,7,6,3,3,,https://tribeathletics.com/sports/womens-soccer/schedule/2023,"Official 2023 schedule/results page, read 2026-10-09",official_university,yes,2026-10-09,
CAA_WILLIAM_AND_MARY_WSOC,William & Mary,2024,8,10,0,3,7,0,,https://tribeathletics.com/sports/womens-soccer/schedule/2024,"Official 2024 schedule/results page, read 2026-10-09",official_university,yes,2026-10-09,
CAA_WILLIAM_AND_MARY_WSOC,William & Mary,2025,7,7,4,5,2,2,,https://tribeathletics.com/sports/womens-soccer/schedule/2025,"Official 2025 schedule/results page, read 2026-10-09",official_university,yes,2026-10-09,
CUSA_DELAWARE_WSOC,Delaware,2023,5,5,8,2,3,7,,https://bluehens.com/sports/womens-soccer/schedule/2023,"Official 2023 schedule/results page, read 2026-10-09",official_university,yes,2026-10-09,
CUSA_DELAWARE_WSOC,Delaware,2024,6,7,6,4,2,4,,https://bluehens.com/sports/womens-soccer/schedule/2024,"Official 2024 schedule/results page, read 2026-10-09",official_university,yes,2026-10-09,
CUSA_DELAWARE_WSOC,Delaware,2025,10,2,6,3,2,3,,https://bluehens.com/sports/womens-soccer/schedule/2025,"Official 2025 schedule/results page, read 2026-10-09",official_university,yes,2026-10-09,
CUSA_FIU_WSOC,FIU,2023,8,6,4,3,2,3,,https://fiusports.com/sports/womens-soccer/schedule/2023,"Official 2023 schedule/results page, read 2026-10-09",official_university,yes,2026-10-09,
CUSA_FIU_WSOC,FIU,2024,13,5,2,6,1,2,,https://fiusports.com/sports/womens-soccer/schedule/2024,"Official 2024 schedule/results page, read 2026-10-09",official_university,yes,2026-10-09,
CUSA_FIU_WSOC,FIU,2025,7,6,4,4,3,1,,https://fiusports.com/sports/womens-soccer/schedule/2025,"Official 2025 schedule/results page, read 2026-10-09",official_university,yes,2026-10-09,
CUSA_JACKSONVILLE_STATE_WSOC,Jacksonville State,2023,6,9,2,1,5,2,,https://jaxstatesports.com/sports/womens-soccer/schedule/2023,"Official 2023 schedule/results page, read 2026-10-09",official_university,yes,2026-10-09,
CUSA_JACKSONVILLE_STATE_WSOC,Jacksonville State,2024,8,9,2,3,4,2,,https://jaxstatesports.com/sports/womens-soccer/schedule/2024,"Official 2024 schedule/results page, read 2026-10-09",official_university,yes,2026-10-09,
CUSA_JACKSONVILLE_STATE_WSOC,Jacksonville State,2025,6,9,3,0,7,1,,https://jaxstatesports.com/sports/womens-soccer/schedule/2025,"Official 2025 schedule/results page, read 2026-10-09",official_university,yes,2026-10-09,
CUSA_KENNESAW_STATE_WSOC,Kennesaw State,2023,4,8,7,3,5,3,,https://ksuowls.com/sports/womens-soccer/schedule/2023,"Official 2023 schedule/results page, read 2026-10-09",official_university,yes,2026-10-09,
CUSA_KENNESAW_STATE_WSOC,Kennesaw State,2024,3,10,4,2,4,3,,https://ksuowls.com/sports/womens-soccer/schedule/2024,"Official 2024 schedule/results page, read 2026-10-09",official_university,yes,2026-10-09,
CUSA_KENNESAW_STATE_WSOC,Kennesaw State,2025,2,11,4,1,6,1,,https://ksuowls.com/sports/womens-soccer/schedule/2025,"Official 2025 schedule/results page, read 2026-10-09",official_university,yes,2026-10-09,
CUSA_LIBERTY_WSOC,Liberty,2023,16,3,1,5,2,1,,https://libertyflames.com/sports/womens-soccer/schedule/2023,"Official 2023 schedule/results page, read 2026-10-09",official_university,yes,2026-10-09,
CUSA_LIBERTY_WSOC,Liberty,2024,15,2,4,6,1,2,,https://libertyflames.com/sports/womens-soccer/schedule/2024,"Official 2024 schedule/results page, read 2026-10-09",official_university,yes,2026-10-09,
CUSA_LIBERTY_WSOC,Liberty,2025,14,4,4,6,0,2,,https://libertyflames.com/sports/womens-soccer/schedule/2025,"Official 2025 schedule/results page, read 2026-10-09",official_university,yes,2026-10-09,
CUSA_MIDDLE_TENNESSEE_WSOC,Middle Tennessee,2023,6,9,3,2,5,1,,https://goblueraiders.com/sports/womens-soccer/schedule/2023,"Official 2023 schedule/results page, read 2026-10-09",official_university,yes,2026-10-09,
CUSA_MIDDLE_TENNESSEE_WSOC,Middle Tennessee,2024,8,10,1,5,4,0,,https://goblueraiders.com/sports/womens-soccer/schedule/2024,"Official 2024 schedule/results page, read 2026-10-09",official_university,yes,2026-10-09,
CUSA_MIDDLE_TENNESSEE_WSOC,Middle Tennessee,2025,11,6,3,5,2,1,,https://goblueraiders.com/sports/womens-soccer/schedule/2025,"Official 2025 schedule/results page, read 2026-10-09",official_university,yes,2026-10-09,
CUSA_MISSOURI_STATE_WSOC,Missouri State,2023,12,2,5,7,0,3,,https://missouristatebears.com/sports/womens-soccer/schedule/2023,"Official 2023 schedule/results page, read 2026-10-09",official_university,yes,2026-10-09,
CUSA_MISSOURI_STATE_WSOC,Missouri State,2024,13,5,3,9,0,1,,https://missouristatebears.com/sports/womens-soccer/schedule/2024,"Official 2024 schedule/results page, read 2026-10-09",official_university,yes,2026-10-09,
CUSA_MISSOURI_STATE_WSOC,Missouri State,2025,7,9,4,2,3,3,,https://missouristatebears.com/sports/womens-soccer/schedule/2025,"Official 2025 schedule/results page, read 2026-10-09",official_university,yes,2026-10-09,
CUSA_NEW_MEXICO_STATE_WSOC,New Mexico State,2023,10,6,3,6,0,2,,https://nmstatesports.com/sports/womens-soccer/schedule/2023,"Official 2023 schedule/results page, read 2026-10-09",official_university,yes,2026-10-09,
CUSA_NEW_MEXICO_STATE_WSOC,New Mexico State,2024,11,6,3,5,2,2,,https://nmstatesports.com/sports/womens-soccer/schedule/2024,"Official 2024 schedule/results page, read 2026-10-09",official_university,yes,2026-10-09,
CUSA_NEW_MEXICO_STATE_WSOC,New Mexico State,2025,2,12,4,1,3,4,,https://nmstatesports.com/sports/womens-soccer/schedule/2025,"Official 2025 schedule/results page, read 2026-10-09",official_university,yes,2026-10-09,
CUSA_SAM_HOUSTON_WSOC,Sam Houston,2023,6,7,4,3,3,2,,https://gobearkats.com/sports/womens-soccer/schedule/2023,"Official 2023 schedule/results page, read 2026-10-09",official_university,yes,2026-10-09,
CUSA_SAM_HOUSTON_WSOC,Sam Houston,2024,8,7,3,5,4,0,,https://gobearkats.com/sports/womens-soccer/schedule/2024,"Official 2024 schedule/results page, read 2026-10-09",official_university,yes,2026-10-09,
CUSA_SAM_HOUSTON_WSOC,Sam Houston,2025,8,6,3,5,2,1,,https://gobearkats.com/sports/womens-soccer/schedule/2025,"Official 2025 schedule/results page, read 2026-10-09",official_university,yes,2026-10-09,
CUSA_WESTERN_KENTUCKY_WSOC,Western Kentucky,2023,6,5,7,4,2,2,,https://wkusports.com/sports/womens-soccer/schedule/2023,"Official 2023 schedule/results page, read 2026-10-09",official_university,yes,2026-10-09,
CUSA_WESTERN_KENTUCKY_WSOC,Western Kentucky,2024,3,8,5,1,3,5,,https://wkusports.com/sports/womens-soccer/schedule/2024,"Official 2024 schedule/results page, read 2026-10-09",official_university,yes,2026-10-09,
CUSA_WESTERN_KENTUCKY_WSOC,Western Kentucky,2025,9,5,3,6,0,2,,https://wkusports.com/sports/womens-soccer/schedule/2025,"Official 2025 schedule/results page, read 2026-10-09",official_university,yes,2026-10-09,
HOR_CLEVELAND_STATE_WSOC,Cleveland State,2023,4,10,3,1,6,3,,https://csuvikings.com/sports/womens-soccer/schedule/2023,"Official 2023 schedule/results page, read 2026-10-09",official_university,yes,2026-10-09,
HOR_CLEVELAND_STATE_WSOC,Cleveland State,2024,2,14,1,2,8,0,,https://csuvikings.com/sports/womens-soccer/schedule/2024,"Official 2024 schedule/results page, read 2026-10-09",official_university,yes,2026-10-09,
HOR_CLEVELAND_STATE_WSOC,Cleveland State,2025,4,6,7,1,3,6,,https://csuvikings.com/sports/womens-soccer/schedule/2025,"Official 2025 schedule/results page, read 2026-10-09",official_university,yes,2026-10-09,
HOR_DETROIT_MERCY_WSOC,Detroit Mercy,2023,7,9,3,5,5,0,,https://detroittitans.com/sports/womens-soccer/schedule/2023,"Official 2023 schedule/results page, read 2026-10-09",official_university,yes,2026-10-09,
HOR_DETROIT_MERCY_WSOC,Detroit Mercy,2024,10,8,2,7,1,2,,https://detroittitans.com/sports/womens-soccer/schedule/2024,"Official 2024 schedule/results page, read 2026-10-09",official_university,yes,2026-10-09,
HOR_DETROIT_MERCY_WSOC,Detroit Mercy,2025,2,13,3,0,7,3,,https://detroittitans.com/sports/womens-soccer/schedule/2025,"Official 2025 schedule/results page, read 2026-10-09",official_university,yes,2026-10-09,
HOR_GREEN_BAY_WSOC,Green Bay,2023,0,11,5,0,7,3,,https://greenbayphoenix.com/sports/womens-soccer/schedule/2023,"Official 2023 schedule/results page, read 2026-10-09",official_university,yes,2026-10-09,
HOR_GREEN_BAY_WSOC,Green Bay,2024,4,8,5,2,5,3,,https://greenbayphoenix.com/sports/womens-soccer/schedule/2024,"Official 2024 schedule/results page, read 2026-10-09",official_university,yes,2026-10-09,
HOR_GREEN_BAY_WSOC,Green Bay,2025,8,9,4,4,3,3,,https://greenbayphoenix.com/sports/womens-soccer/schedule/2025,"Official 2025 schedule/results page, read 2026-10-09",official_university,yes,2026-10-09,
HOR_IU_INDY_WSOC,IU Indy,2023,11,3,5,5,1,4,,https://iuindyjags.com/sports/womens-soccer/schedule/2023,"Official 2023 schedule/results page, read 2026-10-09",official_university,yes,2026-10-09,
HOR_IU_INDY_WSOC,IU Indy,2024,5,11,3,4,4,2,,https://iuindyjags.com/sports/womens-soccer/schedule/2024,"Official 2024 schedule/results page, read 2026-10-09",official_university,yes,2026-10-09,
HOR_IU_INDY_WSOC,IU Indy,2025,4,11,3,3,5,2,,https://iuindyjags.com/sports/womens-soccer/schedule/2025,"Official 2025 schedule/results page, read 2026-10-09",official_university,yes,2026-10-09,
HOR_MILWAUKEE_WSOC,Milwaukee,2023,12,3,5,7,0,3,,https://mkepanthers.com/sports/womens-soccer/schedule/2023,"Official 2023 schedule/results page, read 2026-10-09",official_university,yes,2026-10-09,
HOR_MILWAUKEE_WSOC,Milwaukee,2024,12,7,2,9,0,1,,https://mkepanthers.com/sports/womens-soccer/schedule/2024,"Official 2024 schedule/results page, read 2026-10-09",official_university,yes,2026-10-09,
HOR_MILWAUKEE_WSOC,Milwaukee,2025,13,5,3,8,0,2,,https://mkepanthers.com/sports/womens-soccer/schedule/2025,"Official 2025 schedule/results page, read 2026-10-09",official_university,yes,2026-10-09,
HOR_NORTHERN_ILLINOIS_WSOC,Northern Illinois,2023,8,8,3,6,4,1,,https://niuhuskies.com/sports/womens-soccer/schedule/2023,"Official 2023 schedule/results page, read 2026-10-09",official_university,yes,2026-10-09,
HOR_NORTHERN_ILLINOIS_WSOC,Northern Illinois,2024,9,5,5,3,4,4,,https://niuhuskies.com/sports/womens-soccer/schedule/2024,"Official 2024 schedule/results page, read 2026-10-09",official_university,yes,2026-10-09,
HOR_NORTHERN_ILLINOIS_WSOC,Northern Illinois,2025,4,10,3,2,7,2,,https://niuhuskies.com/sports/womens-soccer/schedule/2025,"Official 2025 schedule/results page, read 2026-10-09",official_university,yes,2026-10-09,
HOR_NORTHERN_KENTUCKY_WSOC,Northern Kentucky,2023,8,4,8,4,2,4,,https://nkunorse.com/sports/womens-soccer/schedule/2023,"Official 2023 schedule/results page, read 2026-10-09",official_university,yes,2026-10-09,
HOR_NORTHERN_KENTUCKY_WSOC,Northern Kentucky,2024,12,7,1,8,1,1,,https://nkunorse.com/sports/womens-soccer/schedule/2024,"Official 2024 schedule/results page, read 2026-10-09",official_university,yes,2026-10-09,
HOR_NORTHERN_KENTUCKY_WSOC,Northern Kentucky,2025,10,3,6,7,1,2,,https://nkunorse.com/sports/womens-soccer/schedule/2025,"Official 2025 schedule/results page, read 2026-10-09",official_university,yes,2026-10-09,
HOR_OAKLAND_WSOC,Oakland,2023,5,6,7,3,2,5,,https://goldengrizzlies.com/sports/womens-soccer/schedule/2023,"Official 2023 schedule/results page, read 2026-10-09",official_university,yes,2026-10-09,
HOR_OAKLAND_WSOC,Oakland,2024,3,14,2,2,8,0,,https://goldengrizzlies.com/sports/womens-soccer/schedule/2024,"Official 2024 schedule/results page, read 2026-10-09",official_university,yes,2026-10-09,
HOR_OAKLAND_WSOC,Oakland,2025,4,8,8,2,2,6,,https://goldengrizzlies.com/sports/womens-soccer/schedule/2025,"Official 2025 schedule/results page, read 2026-10-09",official_university,yes,2026-10-09,
HOR_PURDUE_FORT_WAYNE_WSOC,Purdue Fort Wayne,2023,5,7,6,2,4,4,,https://gomastodons.com/sports/womens-soccer/schedule/2023,"Official 2023 schedule/results page, read 2026-10-09",official_university,yes,2026-10-09,
HOR_PURDUE_FORT_WAYNE_WSOC,Purdue Fort Wayne,2024,9,10,1,4,6,0,,https://gomastodons.com/sports/womens-soccer/schedule/2024,"Official 2024 schedule/results page, read 2026-10-09",official_university,yes,2026-10-09,
HOR_PURDUE_FORT_WAYNE_WSOC,Purdue Fort Wayne,2025,2,15,1,1,9,0,,https://gomastodons.com/sports/womens-soccer/schedule/2025,"Official 2025 schedule/results page, read 2026-10-09",official_university,yes,2026-10-09,
HOR_ROBERT_MORRIS_WSOC,Robert Morris,2023,12,5,3,5,4,1,,https://rmucolonials.com/sports/womens-soccer/schedule/2023,"Official 2023 schedule/results page, read 2026-10-09",official_university,yes,2026-10-09,
HOR_ROBERT_MORRIS_WSOC,Robert Morris,2024,6,7,6,4,3,3,,https://rmucolonials.com/sports/womens-soccer/schedule/2024,"Official 2024 schedule/results page, read 2026-10-09",official_university,yes,2026-10-09,
HOR_ROBERT_MORRIS_WSOC,Robert Morris,2025,4,9,4,2,5,3,,https://rmucolonials.com/sports/womens-soccer/schedule/2025,"Official 2025 schedule/results page, read 2026-10-09",official_university,yes,2026-10-09,
HOR_WRIGHT_STATE_WSOC,Wright State,2023,6,7,5,4,3,3,,https://wsuraiders.com/sports/womens-soccer/schedule/2023,"Official 2023 schedule/results page, read 2026-10-09",official_university,yes,2026-10-09,
HOR_WRIGHT_STATE_WSOC,Wright State,2024,5,10,2,3,5,2,,https://wsuraiders.com/sports/womens-soccer/schedule/2024,"Official 2024 schedule/results page, read 2026-10-09",official_university,yes,2026-10-09,
HOR_WRIGHT_STATE_WSOC,Wright State,2025,7,7,5,4,1,5,,https://wsuraiders.com/sports/womens-soccer/schedule/2025,"Official 2025 schedule/results page, read 2026-10-09",official_university,yes,2026-10-09,
HOR_YOUNGSTOWN_STATE_WSOC,Youngstown State,2023,7,7,3,3,5,2,,https://ysusports.com/sports/womens-soccer/schedule/2023,"Official 2023 schedule/results page, read 2026-10-09",official_university,yes,2026-10-09,
HOR_YOUNGSTOWN_STATE_WSOC,Youngstown State,2024,5,11,2,3,7,0,,https://ysusports.com/sports/womens-soccer/schedule/2024,"Official 2024 schedule/results page, read 2026-10-09",official_university,yes,2026-10-09,
HOR_YOUNGSTOWN_STATE_WSOC,Youngstown State,2025,8,10,2,6,2,2,,https://ysusports.com/sports/womens-soccer/schedule/2025,"Official 2025 schedule/results page, read 2026-10-09",official_university,yes,2026-10-09,
IND_SOUTH_CAROLINA_STATE_WSOC,South Carolina State,2023,0,13,1,0,0,0,,https://www.scsuathletics.com/sports/womens-soccer/schedule/2023,"Official 2023 schedule/results page, read 2026-10-09",official_university,yes,2026-10-09,
IND_SOUTH_CAROLINA_STATE_WSOC,South Carolina State,2024,1,14,0,0,0,0,,https://www.scsuathletics.com/sports/womens-soccer/schedule/2024,"Official 2024 schedule/results page, read 2026-10-09",official_university,yes,2026-10-09,
IND_SOUTH_CAROLINA_STATE_WSOC,South Carolina State,2025,2,14,0,0,0,0,,https://www.scsuathletics.com/sports/womens-soccer/schedule/2025,"Official 2025 schedule/results page, read 2026-10-09",official_university,yes,2026-10-09,
IVY_BRWN_WSOC,Brown,2023,12,3,2,7,0,0,,https://brownbears.com/sports/womens-soccer/schedule/2023,"Official 2023 schedule/results page, read 2026-10-09",official_university,yes,2026-10-09,
IVY_BRWN_WSOC,Brown,2024,7,5,5,3,2,2,,https://brownbears.com/sports/womens-soccer/schedule/2024,"Official 2024 schedule/results page, read 2026-10-09",official_university,yes,2026-10-09,
IVY_BRWN_WSOC,Brown,2025,9,4,4,3,2,2,,https://brownbears.com/sports/womens-soccer/schedule/2025,"Official 2025 schedule/results page, read 2026-10-09",official_university,yes,2026-10-09,
IVY_COL_WSOC,Columbia,2023,11,5,3,3,2,2,,https://gocolumbialions.com/sports/womens-soccer/schedule/2023,"Official 2023 schedule/results page, read 2026-10-09",official_university,yes,2026-10-09,
IVY_COL_WSOC,Columbia,2024,7,5,4,5,1,1,,https://gocolumbialions.com/sports/womens-soccer/schedule/2024,"Official 2024 schedule/results page, read 2026-10-09",official_university,yes,2026-10-09,
IVY_COL_WSOC,Columbia,2025,6,7,3,4,2,1,,https://gocolumbialions.com/sports/womens-soccer/schedule/2025,"Official 2025 schedule/results page, read 2026-10-09",official_university,yes,2026-10-09,
IVY_CORN_WSOC,Cornell,2023,4,5,6,0,5,2,,https://cornellbigred.com/sports/womens-soccer/schedule/2023,"Official 2023 schedule/results page, read 2026-10-09",official_university,yes,2026-10-09,
IVY_CORN_WSOC,Cornell,2024,3,9,4,2,5,0,,https://cornellbigred.com/sports/womens-soccer/schedule/2024,"Official 2024 schedule/results page, read 2026-10-09",official_university,yes,2026-10-09,
IVY_CORN_WSOC,Cornell,2025,5,7,4,2,5,0,,https://cornellbigred.com/sports/womens-soccer/schedule/2025,"Official 2025 schedule/results page, read 2026-10-09",official_university,yes,2026-10-09,
IVY_DART_WSOC,Dartmouth,2023,7,3,5,2,3,2,,https://dartmouthsports.com/sports/womens-soccer/schedule/2023,"Official 2023 schedule/results page, read 2026-10-09",official_university,yes,2026-10-09,
IVY_DART_WSOC,Dartmouth,2024,7,6,3,1,4,2,,https://dartmouthsports.com/sports/womens-soccer/schedule/2024,"Official 2024 schedule/results page, read 2026-10-09",official_university,yes,2026-10-09,
IVY_DART_WSOC,Dartmouth,2025,11,4,4,4,1,2,,https://dartmouthsports.com/sports/womens-soccer/schedule/2025,"Official 2025 schedule/results page, read 2026-10-09",official_university,yes,2026-10-09,
IVY_HARV_WSOC,Harvard,2023,13,4,2,5,1,1,,https://gocrimson.com/sports/womens-soccer/schedule/2023,"Official 2023 schedule/results page, read 2026-10-09",official_university,yes,2026-10-09,
IVY_HARV_WSOC,Harvard,2024,7,4,5,3,3,1,,https://gocrimson.com/sports/womens-soccer/schedule/2024,"Official 2024 schedule/results page, read 2026-10-09",official_university,yes,2026-10-09,
IVY_HARV_WSOC,Harvard,2025,5,6,3,3,3,1,,https://gocrimson.com/sports/womens-soccer/schedule/2025,"Official 2025 schedule/results page, read 2026-10-09",official_university,yes,2026-10-09,
IVY_PENN_WSOC,Penn,2023,6,7,3,1,4,2,,https://pennathletics.com/sports/womens-soccer/schedule/2023,"Official 2023 schedule/results page, read 2026-10-09",official_university,yes,2026-10-09,
IVY_PENN_WSOC,Penn,2024,2,8,6,1,3,3,,https://pennathletics.com/sports/womens-soccer/schedule/2024,"Official 2024 schedule/results page, read 2026-10-09",official_university,yes,2026-10-09,
IVY_PENN_WSOC,Penn,2025,5,4,6,1,3,3,,https://pennathletics.com/sports/womens-soccer/schedule/2025,"Official 2025 schedule/results page, read 2026-10-09",official_university,yes,2026-10-09,
IVY_PRIN_WSOC,Princeton,2023,10,5,4,4,2,1,,https://goprincetontigers.com/sports/womens-soccer/schedule/2023,"Official 2023 schedule/results page, read 2026-10-09",official_university,yes,2026-10-09,
IVY_PRIN_WSOC,Princeton,2024,14,5,0,6,1,0,,https://goprincetontigers.com/sports/womens-soccer/schedule/2024,"Official 2024 schedule/results page, read 2026-10-09",official_university,yes,2026-10-09,
IVY_PRIN_WSOC,Princeton,2025,8,6,3,5,2,0,,https://goprincetontigers.com/sports/womens-soccer/schedule/2025,"Official 2025 schedule/results page, read 2026-10-09",official_university,yes,2026-10-09,
IVY_YALE_WSOC,Yale,2023,5,6,5,0,5,2,,https://yalebulldogs.com/sports/womens-soccer/schedule/2023,"Official 2023 schedule/results page, read 2026-10-09",official_university,yes,2026-10-09,
IVY_YALE_WSOC,Yale,2024,8,7,1,2,4,1,,https://yalebulldogs.com/sports/womens-soccer/schedule/2024,"Official 2024 schedule/results page, read 2026-10-09",official_university,yes,2026-10-09,
IVY_YALE_WSOC,Yale,2025,3,11,1,1,5,1,,https://yalebulldogs.com/sports/womens-soccer/schedule/2025,"Official 2025 schedule/results page, read 2026-10-09",official_university,yes,2026-10-09,
MAAC_CANISIUS_WSOC,Canisius,2023,9,4,5,6,2,2,,https://gogriffs.com/sports/womens-soccer/schedule/2023,"Official 2023 schedule/results page, read 2026-10-09",official_university,yes,2026-10-09,
MAAC_CANISIUS_WSOC,Canisius,2024,12,4,3,8,2,2,,https://gogriffs.com/sports/womens-soccer/schedule/2024,"Official 2024 schedule/results page, read 2026-10-09",official_university,yes,2026-10-09,
MAAC_CANISIUS_WSOC,Canisius,2025,8,8,3,7,4,1,,https://gogriffs.com/sports/womens-soccer/schedule/2025,"Official 2025 schedule/results page, read 2026-10-09",official_university,yes,2026-10-09,
MAAC_FAIRFIELD_WSOC,Fairfield,2023,10,6,4,7,2,1,,https://fairfieldstags.com/sports/womens-soccer/schedule/2023,"Official 2023 schedule/results page, read 2026-10-09",official_university,yes,2026-10-09,
MAAC_FAIRFIELD_WSOC,Fairfield,2024,18,3,1,10,1,1,,https://fairfieldstags.com/sports/womens-soccer/schedule/2024,"Official 2024 schedule/results page, read 2026-10-09",official_university,yes,2026-10-09,
MAAC_FAIRFIELD_WSOC,Fairfield,2025,15,2,2,10,0,2,,https://fairfieldstags.com/sports/womens-soccer/schedule/2025,"Official 2025 schedule/results page, read 2026-10-09",official_university,yes,2026-10-09,
MAAC_IONA_WSOC,Iona,2023,1,15,3,0,7,3,,https://ionagaels.com/sports/womens-soccer/schedule/2023,"Official 2023 schedule/results page, read 2026-10-09",official_university,yes,2026-10-09,
MAAC_IONA_WSOC,Iona,2024,6,10,4,4,6,2,,https://ionagaels.com/sports/womens-soccer/schedule/2024,"Official 2024 schedule/results page, read 2026-10-09",official_university,yes,2026-10-09,
MAAC_IONA_WSOC,Iona,2025,6,10,3,4,6,2,,https://ionagaels.com/sports/womens-soccer/schedule/2025,"Official 2025 schedule/results page, read 2026-10-09",official_university,yes,2026-10-09,
MAAC_MANHATTAN_WSOC,Manhattan,2023,4,7,4,3,4,3,,https://gojaspers.com/sports/womens-soccer/schedule/2023,"Official 2023 schedule/results page, read 2026-10-09",official_university,yes,2026-10-09,
MAAC_MANHATTAN_WSOC,Manhattan,2024,10,7,3,5,4,3,,https://gojaspers.com/sports/womens-soccer/schedule/2024,"Official 2024 schedule/results page, read 2026-10-09",official_university,yes,2026-10-09,
MAAC_MANHATTAN_WSOC,Manhattan,2025,7,6,5,6,5,1,,https://gojaspers.com/sports/womens-soccer/schedule/2025,"Official 2025 schedule/results page, read 2026-10-09",official_university,yes,2026-10-09,
MAAC_MARIST_WSOC,Marist,2023,2,9,5,2,5,3,,https://goredfoxes.com/sports/womens-soccer/schedule/2023,"Official 2023 schedule/results page, read 2026-10-09",official_university,yes,2026-10-09,
MAAC_MARIST_WSOC,Marist,2024,3,11,3,3,7,2,,https://goredfoxes.com/sports/womens-soccer/schedule/2024,"Official 2024 schedule/results page, read 2026-10-09",official_university,yes,2026-10-09,
MAAC_MARIST_WSOC,Marist,2025,6,8,5,5,2,5,,https://goredfoxes.com/sports/womens-soccer/schedule/2025,"Official 2025 schedule/results page, read 2026-10-09",official_university,yes,2026-10-09,
MAAC_MERRIMACK_WSOC,Merrimack,2023,10,4,4,8,1,1,,https://merrimackathletics.com/sports/womens-soccer/schedule/2023,"Official 2023 schedule/results page, read 2026-10-09",official_university,yes,2026-10-09,
MAAC_MERRIMACK_WSOC,Merrimack,2024,7,9,3,5,5,2,,https://merrimackathletics.com/sports/womens-soccer/schedule/2024,"Official 2024 schedule/results page, read 2026-10-09",official_university,yes,2026-10-09,
MAAC_MERRIMACK_WSOC,Merrimack,2025,4,12,2,3,9,0,,https://merrimackathletics.com/sports/womens-soccer/schedule/2025,"Official 2025 schedule/results page, read 2026-10-09",official_university,yes,2026-10-09,
MAAC_MOUNT_ST_MARY_S_WSOC,Mount St. Mary's,2023,7,9,3,5,4,1,,https://mountathletics.com/sports/womens-soccer/schedule/2023,"Official 2023 schedule/results page, read 2026-10-09",official_university,yes,2026-10-09,
MAAC_MOUNT_ST_MARY_S_WSOC,Mount St. Mary's,2024,6,9,3,3,6,3,,https://mountathletics.com/sports/womens-soccer/schedule/2024,"Official 2024 schedule/results page, read 2026-10-09",official_university,yes,2026-10-09,
MAAC_MOUNT_ST_MARY_S_WSOC,Mount St. Mary's,2025,3,12,2,1,9,2,,https://mountathletics.com/sports/womens-soccer/schedule/2025,"Official 2025 schedule/results page, read 2026-10-09",official_university,yes,2026-10-09,
MAAC_NIAGARA_WSOC,Niagara,2023,5,10,3,4,4,2,,https://purpleeagles.com/sports/womens-soccer/schedule/2023,"Official 2023 schedule/results page, read 2026-10-09",official_university,yes,2026-10-09,
MAAC_NIAGARA_WSOC,Niagara,2024,5,8,4,1,7,4,,https://purpleeagles.com/sports/womens-soccer/schedule/2024,"Official 2024 schedule/results page, read 2026-10-09",official_university,yes,2026-10-09,
MAAC_NIAGARA_WSOC,Niagara,2025,6,8,2,3,7,2,,https://purpleeagles.com/sports/womens-soccer/schedule/2025,"Official 2025 schedule/results page, read 2026-10-09",official_university,yes,2026-10-09,
MAAC_QUINNIPIAC_WSOC,Quinnipiac,2023,13,4,1,9,0,1,,https://gobobcats.com/sports/womens-soccer/schedule/2023,"Official 2023 schedule/results page, read 2026-10-09",official_university,yes,2026-10-09,
MAAC_QUINNIPIAC_WSOC,Quinnipiac,2024,14,5,1,10,2,0,,https://gobobcats.com/sports/womens-soccer/schedule/2024,"Official 2024 schedule/results page, read 2026-10-09",official_university,yes,2026-10-09,
MAAC_QUINNIPIAC_WSOC,Quinnipiac,2025,8,3,6,8,0,4,,https://gobobcats.com/sports/womens-soccer/schedule/2025,"Official 2025 schedule/results page, read 2026-10-09",official_university,yes,2026-10-09,
MAAC_RIDER_WSOC,Rider,2023,7,9,2,4,5,1,,https://gobroncs.com/sports/womens-soccer/schedule/2023,"Official 2023 schedule/results page, read 2026-10-09",official_university,yes,2026-10-09,
MAAC_RIDER_WSOC,Rider,2024,4,9,4,3,6,3,,https://gobroncs.com/sports/womens-soccer/schedule/2024,"Official 2024 schedule/results page, read 2026-10-09",official_university,yes,2026-10-09,
MAAC_RIDER_WSOC,Rider,2025,3,8,7,1,6,5,,https://gobroncs.com/sports/womens-soccer/schedule/2025,"Official 2025 schedule/results page, read 2026-10-09",official_university,yes,2026-10-09,
MAAC_SACRED_HEART_WSOC,Sacred Heart,2023,6,9,4,5,4,1,,https://sacredheartpioneers.com/sports/womens-soccer/schedule/2023,"Official 2023 schedule/results page, read 2026-10-09",official_university,yes,2026-10-09,
MAAC_SACRED_HEART_WSOC,Sacred Heart,2024,3,11,5,3,5,4,,https://sacredheartpioneers.com/sports/womens-soccer/schedule/2024,"Official 2024 schedule/results page, read 2026-10-09",official_university,yes,2026-10-09,
MAAC_SACRED_HEART_WSOC,Sacred Heart,2025,11,9,2,7,5,0,,https://sacredheartpioneers.com/sports/womens-soccer/schedule/2025,"Official 2025 schedule/results page, read 2026-10-09",official_university,yes,2026-10-09,
MAAC_SAINT_PETER_S_WSOC,Saint Peter's,2023,4,11,0,2,8,0,,https://saintpeterspeacocks.com/sports/womens-soccer/schedule/2023,"Official 2023 schedule/results page, read 2026-10-09",official_university,yes,2026-10-09,
MAAC_SAINT_PETER_S_WSOC,Saint Peter's,2024,4,11,2,1,9,2,,https://saintpeterspeacocks.com/sports/womens-soccer/schedule/2024,"Official 2024 schedule/results page, read 2026-10-09",official_university,yes,2026-10-09,
MAAC_SAINT_PETER_S_WSOC,Saint Peter's,2025,6,9,3,3,8,1,,https://saintpeterspeacocks.com/sports/womens-soccer/schedule/2025,"Official 2025 schedule/results page, read 2026-10-09",official_university,yes,2026-10-09,
MAAC_SIENA_WSOC,Siena,2023,4,9,4,3,4,3,,https://sienasaints.com/sports/womens-soccer/schedule/2023,"Official 2023 schedule/results page, read 2026-10-09",official_university,yes,2026-10-09,
MAAC_SIENA_WSOC,Siena,2024,10,8,2,7,3,2,,https://sienasaints.com/sports/womens-soccer/schedule/2024,"Official 2024 schedule/results page, read 2026-10-09",official_university,yes,2026-10-09,
MAAC_SIENA_WSOC,Siena,2025,9,5,6,6,3,3,,https://sienasaints.com/sports/womens-soccer/schedule/2025,"Official 2025 schedule/results page, read 2026-10-09",official_university,yes,2026-10-09,
MAC_AKRON_WSOC,Akron,2023,3,14,1,1,9,1,,https://gozips.com/sports/womens-soccer/schedule/2023,"Official 2023 schedule/results page, read 2026-10-09",official_university,yes,2026-10-09,
MAC_AKRON_WSOC,Akron,2024,5,9,4,0,9,2,,https://gozips.com/sports/womens-soccer/schedule/2024,"Official 2024 schedule/results page, read 2026-10-09",official_university,yes,2026-10-09,
MAC_AKRON_WSOC,Akron,2025,5,9,4,2,7,3,,https://gozips.com/sports/womens-soccer/schedule/2025,"Official 2025 schedule/results page, read 2026-10-09",official_university,yes,2026-10-09,
MAC_BALL_STATE_WSOC,Ball State,2023,8,8,3,6,2,3,,https://ballstatesports.com/sports/womens-soccer/schedule/2023,"Official 2023 schedule/results page, read 2026-10-09",official_university,yes,2026-10-09,
MAC_BALL_STATE_WSOC,Ball State,2024,7,8,3,2,6,3,,https://ballstatesports.com/sports/womens-soccer/schedule/2024,"Official 2024 schedule/results page, read 2026-10-09",official_university,yes,2026-10-09,
MAC_BALL_STATE_WSOC,Ball State,2025,10,7,3,7,4,1,,https://ballstatesports.com/sports/womens-soccer/schedule/2025,"Official 2025 schedule/results page, read 2026-10-09",official_university,yes,2026-10-09,
MAC_BOWLING_GREEN_WSOC,Bowling Green,2023,10,6,2,8,1,2,,https://bgsufalcons.com/sports/womens-soccer/schedule/2023,"Official 2023 schedule/results page, read 2026-10-09",official_university,yes,2026-10-09,
MAC_BOWLING_GREEN_WSOC,Bowling Green,2024,7,7,4,4,4,3,,https://bgsufalcons.com/sports/womens-soccer/schedule/2024,"Official 2024 schedule/results page, read 2026-10-09",official_university,yes,2026-10-09,
MAC_BOWLING_GREEN_WSOC,Bowling Green,2025,10,3,9,4,1,7,,https://bgsufalcons.com/sports/womens-soccer/schedule/2025,"Official 2025 schedule/results page, read 2026-10-09",official_university,yes,2026-10-09,
MAC_BUFFALO_WSOC,Buffalo,2023,7,5,6,4,4,3,,https://ubbulls.com/sports/womens-soccer/schedule/2023,"Official 2023 schedule/results page, read 2026-10-09",official_university,yes,2026-10-09,
MAC_BUFFALO_WSOC,Buffalo,2024,11,2,7,5,1,5,,https://ubbulls.com/sports/womens-soccer/schedule/2024,"Official 2024 schedule/results page, read 2026-10-09",official_university,yes,2026-10-09,
MAC_BUFFALO_WSOC,Buffalo,2025,12,5,2,8,3,1,,https://ubbulls.com/sports/womens-soccer/schedule/2025,"Official 2025 schedule/results page, read 2026-10-09",official_university,yes,2026-10-09,
MAC_CENTRAL_MICHIGAN_WSOC,Central Michigan,2023,2,8,6,1,7,3,,https://cmuchippewas.com/sports/womens-soccer/schedule/2023,"Official 2023 schedule/results page, read 2026-10-09",official_university,yes,2026-10-09,
MAC_CENTRAL_MICHIGAN_WSOC,Central Michigan,2024,5,8,5,3,4,4,,https://cmuchippewas.com/sports/womens-soccer/schedule/2024,"Official 2024 schedule/results page, read 2026-10-09",official_university,yes,2026-10-09,
MAC_CENTRAL_MICHIGAN_WSOC,Central Michigan,2025,1,14,3,1,8,3,,https://cmuchippewas.com/sports/womens-soccer/schedule/2025,"Official 2025 schedule/results page, read 2026-10-09",official_university,yes,2026-10-09,
MAC_EASTERN_MICHIGAN_WSOC,Eastern Michigan,2023,1,12,6,1,8,2,,https://emueagles.com/sports/womens-soccer/schedule/2023,"Official 2023 schedule/results page, read 2026-10-09",official_university,yes,2026-10-09,
MAC_EASTERN_MICHIGAN_WSOC,Eastern Michigan,2024,7,6,5,3,3,5,,https://emueagles.com/sports/womens-soccer/schedule/2024,"Official 2024 schedule/results page, read 2026-10-09",official_university,yes,2026-10-09,
MAC_EASTERN_MICHIGAN_WSOC,Eastern Michigan,2025,6,8,4,4,4,4,,https://emueagles.com/sports/womens-soccer/schedule/2025,"Official 2025 schedule/results page, read 2026-10-09",official_university,yes,2026-10-09,
MAC_KENT_STATE_WSOC,Kent State,2023,12,7,2,7,4,0,,https://kentstatesports.com/sports/womens-soccer/schedule/2023,"Official 2023 schedule/results page, read 2026-10-09",official_university,yes,2026-10-09,
MAC_KENT_STATE_WSOC,Kent State,2024,9,7,3,5,4,2,,https://kentstatesports.com/sports/womens-soccer/schedule/2024,"Official 2024 schedule/results page, read 2026-10-09",official_university,yes,2026-10-09,
MAC_KENT_STATE_WSOC,Kent State,2025,8,6,6,6,4,3,,https://kentstatesports.com/sports/womens-soccer/schedule/2025,"Official 2025 schedule/results page, read 2026-10-09",official_university,yes,2026-10-09,
MAC_MIAMI_OH_WSOC,Miami (OH),2023,8,10,1,5,6,0,,https://miamiredhawks.com/sports/womens-soccer/schedule/2023,"Official 2023 schedule/results page, read 2026-10-09",official_university,yes,2026-10-09,
MAC_MIAMI_OH_WSOC,Miami (OH),2024,8,5,6,4,3,4,,https://miamiredhawks.com/sports/womens-soccer/schedule/2024,"Official 2024 schedule/results page, read 2026-10-09",official_university,yes,2026-10-09,
MAC_MIAMI_OH_WSOC,Miami (OH),2025,11,5,3,8,2,2,,https://miamiredhawks.com/sports/womens-soccer/schedule/2025,"Official 2025 schedule/results page, read 2026-10-09",official_university,yes,2026-10-09,
MAC_TOLEDO_WSOC,Toledo,2023,7,9,2,4,6,1,,https://utrockets.com/sports/womens-soccer/schedule/2023,"Official 2023 schedule/results page, read 2026-10-09",official_university,yes,2026-10-09,
MAC_TOLEDO_WSOC,Toledo,2024,6,7,5,3,4,4,,https://utrockets.com/sports/womens-soccer/schedule/2024,"Official 2024 schedule/results page, read 2026-10-09",official_university,yes,2026-10-09,
MAC_TOLEDO_WSOC,Toledo,2025,4,8,6,1,7,4,,https://utrockets.com/sports/womens-soccer/schedule/2025,"Official 2025 schedule/results page, read 2026-10-09",official_university,yes,2026-10-09,
MAC_UMASS_WSOC,UMass,2023,9,5,4,6,2,2,,https://umassathletics.com/sports/womens-soccer/schedule/2023,"Official 2023 schedule/results page, read 2026-10-09",official_university,yes,2026-10-09,
MAC_UMASS_WSOC,UMass,2024,13,5,3,6,2,2,,https://umassathletics.com/sports/womens-soccer/schedule/2024,"Official 2024 schedule/results page, read 2026-10-09",official_university,yes,2026-10-09,
MAC_UMASS_WSOC,UMass,2025,5,8,4,3,6,2,,https://umassathletics.com/sports/womens-soccer/schedule/2025,"Official 2025 schedule/results page, read 2026-10-09",official_university,yes,2026-10-09,
MAC_WESTERN_MICHIGAN_WSOC,Western Michigan,2023,12,4,3,8,0,3,,https://wmubroncos.com/sports/womens-soccer/schedule/2023,"Official 2023 schedule/results page, read 2026-10-09",official_university,yes,2026-10-09,
MAC_WESTERN_MICHIGAN_WSOC,Western Michigan,2024,13,2,6,8,0,3,,https://wmubroncos.com/sports/womens-soccer/schedule/2024,"Official 2024 schedule/results page, read 2026-10-09",official_university,yes,2026-10-09,
MAC_WESTERN_MICHIGAN_WSOC,Western Michigan,2025,16,4,1,10,1,1,,https://wmubroncos.com/sports/womens-soccer/schedule/2025,"Official 2025 schedule/results page, read 2026-10-09",official_university,yes,2026-10-09,
MVC_BELMONT_WSOC,Belmont,2023,3,9,7,2,3,5,,https://belmontbruins.com/sports/womens-soccer/schedule/2023,"Official 2023 schedule/results page, read 2026-10-09",official_university,yes,2026-10-09,
MVC_BELMONT_WSOC,Belmont,2024,9,10,2,5,4,1,,https://belmontbruins.com/sports/womens-soccer/schedule/2024,"Official 2024 schedule/results page, read 2026-10-09",official_university,yes,2026-10-09,
MVC_BELMONT_WSOC,Belmont,2025,4,6,7,2,4,3,,https://belmontbruins.com/sports/womens-soccer/schedule/2025,"Official 2025 schedule/results page, read 2026-10-09",official_university,yes,2026-10-09,
MVC_DRAKE_WSOC,Drake,2023,13,4,3,8,1,1,,https://godrakebulldogs.com/sports/womens-soccer/schedule/2023,"Official 2023 schedule/results page, read 2026-10-09",official_university,yes,2026-10-09,
MVC_DRAKE_WSOC,Drake,2024,8,7,6,6,2,2,,https://godrakebulldogs.com/sports/womens-soccer/schedule/2024,"Official 2024 schedule/results page, read 2026-10-09",official_university,yes,2026-10-09,
MVC_DRAKE_WSOC,Drake,2025,9,6,4,6,2,1,,https://godrakebulldogs.com/sports/womens-soccer/schedule/2025,"Official 2025 schedule/results page, read 2026-10-09",official_university,yes,2026-10-09,
MVC_EVANSVILLE_WSOC,Evansville,2023,1,7,9,1,3,6,,https://gopurpleaces.com/sports/womens-soccer/schedule/2023,"Official 2023 schedule/results page, read 2026-10-09",official_university,yes,2026-10-09,
MVC_EVANSVILLE_WSOC,Evansville,2024,2,7,7,1,4,5,,https://gopurpleaces.com/sports/womens-soccer/schedule/2024,"Official 2024 schedule/results page, read 2026-10-09",official_university,yes,2026-10-09,
MVC_EVANSVILLE_WSOC,Evansville,2025,7,7,2,3,5,1,,https://gopurpleaces.com/sports/womens-soccer/schedule/2025,"Official 2025 schedule/results page, read 2026-10-09",official_university,yes,2026-10-09,
MVC_ILLINOIS_STATE_WSOC,Illinois State,2023,3,9,4,1,6,3,,https://goredbirds.com/sports/womens-soccer/schedule/2023,"Official 2023 schedule/results page, read 2026-10-09",official_university,yes,2026-10-09,
MVC_ILLINOIS_STATE_WSOC,Illinois State,2024,6,10,4,3,4,3,,https://goredbirds.com/sports/womens-soccer/schedule/2024,"Official 2024 schedule/results page, read 2026-10-09",official_university,yes,2026-10-09,
MVC_ILLINOIS_STATE_WSOC,Illinois State,2025,8,6,8,5,2,5,,https://goredbirds.com/sports/womens-soccer/schedule/2025,"Official 2025 schedule/results page, read 2026-10-09",official_university,yes,2026-10-09,
MVC_INDIANA_STATE_WSOC,Indiana State,2023,2,6,10,1,4,5,,https://gosycamores.com/sports/womens-soccer/schedule/2023,"Official 2023 schedule/results page, read 2026-10-09",official_university,yes,2026-10-09,
MVC_INDIANA_STATE_WSOC,Indiana State,2024,10,6,5,4,3,3,,https://gosycamores.com/sports/womens-soccer/schedule/2024,"Official 2024 schedule/results page, read 2026-10-09",official_university,yes,2026-10-09,
MVC_INDIANA_STATE_WSOC,Indiana State,2025,8,6,6,4,2,3,,https://gosycamores.com/sports/womens-soccer/schedule/2025,"Official 2025 schedule/results page, read 2026-10-09",official_university,yes,2026-10-09,
MVC_MURRAY_STATE_WSOC,Murray State,2023,6,8,6,3,2,5,,https://goracers.com/sports/womens-soccer/schedule/2023,"Official 2023 schedule/results page, read 2026-10-09",official_university,yes,2026-10-09,
MVC_MURRAY_STATE_WSOC,Murray State,2024,5,8,5,1,5,4,,https://goracers.com/sports/womens-soccer/schedule/2024,"Official 2024 schedule/results page, read 2026-10-09",official_university,yes,2026-10-09,
MVC_MURRAY_STATE_WSOC,Murray State,2025,10,4,5,5,1,3,,https://goracers.com/sports/womens-soccer/schedule/2025,"Official 2025 schedule/results page, read 2026-10-09",official_university,yes,2026-10-09,
MVC_NORTHERN_IOWA_WSOC,Northern Iowa,2023,13,5,1,6,4,0,,https://unipanthers.com/sports/womens-soccer/schedule/2023,"Official 2023 schedule/results page, read 2026-10-09",official_university,yes,2026-10-09,
MVC_NORTHERN_IOWA_WSOC,Northern Iowa,2024,9,6,4,4,3,3,,https://unipanthers.com/sports/womens-soccer/schedule/2024,"Official 2024 schedule/results page, read 2026-10-09",official_university,yes,2026-10-09,
MVC_NORTHERN_IOWA_WSOC,Northern Iowa,2025,4,9,3,1,6,2,,https://unipanthers.com/sports/womens-soccer/schedule/2025,"Official 2025 schedule/results page, read 2026-10-09",official_university,yes,2026-10-09,
MVC_SOUTHERN_ILLINOIS_WSOC,Southern Illinois,2023,1,11,5,0,8,2,,https://siusalukis.com/sports/womens-soccer/schedule/2023,"Official 2023 schedule/results page, read 2026-10-09",official_university,yes,2026-10-09,
MVC_SOUTHERN_ILLINOIS_WSOC,Southern Illinois,2024,6,8,5,2,5,3,,https://siusalukis.com/sports/womens-soccer/schedule/2024,"Official 2024 schedule/results page, read 2026-10-09",official_university,yes,2026-10-09,
MVC_SOUTHERN_ILLINOIS_WSOC,Southern Illinois,2025,10,6,3,4,4,1,,https://siusalukis.com/sports/womens-soccer/schedule/2025,"Official 2025 schedule/results page, read 2026-10-09",official_university,yes,2026-10-09,
MVC_UIC_WSOC,UIC,2023,6,8,5,5,3,2,,https://uicflames.com/sports/womens-soccer/schedule/2023,"Official 2023 schedule/results page, read 2026-10-09",official_university,yes,2026-10-09,
MVC_UIC_WSOC,UIC,2024,8,10,2,6,2,2,,https://uicflames.com/sports/womens-soccer/schedule/2024,"Official 2024 schedule/results page, read 2026-10-09",official_university,yes,2026-10-09,
MVC_UIC_WSOC,UIC,2025,8,8,6,3,3,3,,https://uicflames.com/sports/womens-soccer/schedule/2025,"Official 2025 schedule/results page, read 2026-10-09",official_university,yes,2026-10-09,
MVC_VALPARAISO_WSOC,Valparaiso,2023,11,6,6,3,3,4,,https://valpoathletics.com/sports/womens-soccer/schedule/2023,"Official 2023 schedule/results page, read 2026-10-09",official_university,yes,2026-10-09,
MVC_VALPARAISO_WSOC,Valparaiso,2024,4,13,1,0,9,1,,https://valpoathletics.com/sports/womens-soccer/schedule/2024,"Official 2024 schedule/results page, read 2026-10-09",official_university,yes,2026-10-09,
MVC_VALPARAISO_WSOC,Valparaiso,2025,5,8,4,2,4,3,,https://valpoathletics.com/sports/womens-soccer/schedule/2025,"Official 2025 schedule/results page, read 2026-10-09",official_university,yes,2026-10-09,
MW_AIR_FORCE_WSOC,Air Force,2023,6,9,3,3,5,3,,https://goairforcefalcons.com/sports/womens-soccer/schedule/2023,"Official 2023 schedule/results page, read 2026-10-09",official_university,yes,2026-10-09,
MW_AIR_FORCE_WSOC,Air Force,2024,5,10,3,1,8,2,,https://goairforcefalcons.com/sports/womens-soccer/schedule/2024,"Official 2024 schedule/results page, read 2026-10-09",official_university,yes,2026-10-09,
MW_AIR_FORCE_WSOC,Air Force,2025,8,7,4,6,2,2,,https://goairforcefalcons.com/sports/womens-soccer/schedule/2025,"Official 2025 schedule/results page, read 2026-10-09",official_university,yes,2026-10-09,
MW_COLORADO_COLLEGE_WSOC,Colorado College,2023,3,13,2,3,7,1,,https://cctigers.com/sports/womens-soccer/schedule/2023,"Official 2023 schedule/results page, read 2026-10-09",official_university,yes,2026-10-09,
MW_COLORADO_COLLEGE_WSOC,Colorado College,2024,8,9,3,4,5,2,,https://cctigers.com/sports/womens-soccer/schedule/2024,"Official 2024 schedule/results page, read 2026-10-09",official_university,yes,2026-10-09,
MW_COLORADO_COLLEGE_WSOC,Colorado College,2025,5,6,7,2,3,5,,https://cctigers.com/sports/womens-soccer/schedule/2025,"Official 2025 schedule/results page, read 2026-10-09",official_university,yes,2026-10-09,
MW_GRAND_CANYON_WSOC,Grand Canyon,2023,14,5,4,5,1,3,,https://gculopes.com/sports/womens-soccer/schedule/2023,"Official 2023 schedule/results page, read 2026-10-09",official_university,yes,2026-10-09,
MW_GRAND_CANYON_WSOC,Grand Canyon,2024,11,6,3,5,1,1,,https://gculopes.com/sports/womens-soccer/schedule/2024,"Official 2024 schedule/results page, read 2026-10-09",official_university,yes,2026-10-09,
MW_GRAND_CANYON_WSOC,Grand Canyon,2025,8,8,2,3,5,2,,https://gculopes.com/sports/womens-soccer/schedule/2025,"Official 2025 schedule/results page, read 2026-10-09",official_university,yes,2026-10-09,
MW_HAWAII_WSOC,Hawaii,2023,5,8,3,4,5,1,,https://hawaiiathletics.com/sports/womens-soccer/schedule/2023,"Official 2023 schedule/results page, read 2026-10-09",official_university,yes,2026-10-09,
MW_HAWAII_WSOC,Hawaii,2024,12,8,1,8,1,1,,https://hawaiiathletics.com/sports/womens-soccer/schedule/2024,"Official 2024 schedule/results page, read 2026-10-09",official_university,yes,2026-10-09,
MW_HAWAII_WSOC,Hawaii,2025,4,8,8,2,4,4,,https://hawaiiathletics.com/sports/womens-soccer/schedule/2025,"Official 2025 schedule/results page, read 2026-10-09",official_university,yes,2026-10-09,
MW_NEVADA_WSOC,Nevada,2023,6,10,5,4,6,1,,https://nevadawolfpack.com/sports/womens-soccer/schedule/2023,"Official 2023 schedule/results page, read 2026-10-09",official_university,yes,2026-10-09,
MW_NEVADA_WSOC,Nevada,2024,6,13,2,4,5,2,,https://nevadawolfpack.com/sports/womens-soccer/schedule/2024,"Official 2024 schedule/results page, read 2026-10-09",official_university,yes,2026-10-09,
MW_NEVADA_WSOC,Nevada,2025,2,14,2,1,8,1,,https://nevadawolfpack.com/sports/womens-soccer/schedule/2025,"Official 2025 schedule/results page, read 2026-10-09",official_university,yes,2026-10-09,
MW_SAN_JOSE_STATE_WSOC,San Jose State,2023,3,10,6,1,7,3,,https://sjsuspartans.com/sports/womens-soccer/schedule/season/2023,"Official 2023 schedule/results page, read 2026-10-09",official_university,yes,2026-10-09,
MW_SAN_JOSE_STATE_WSOC,San Jose State,2024,1,13,5,1,7,3,,https://sjsuspartans.com/sports/womens-soccer/schedule/season/2024,"Official 2024 schedule/results page, read 2026-10-09",official_university,yes,2026-10-09,
MW_SAN_JOSE_STATE_WSOC,San Jose State,2025,1,14,3,0,7,3,,https://sjsuspartans.com/sports/womens-soccer/schedule/season/2025,"Official 2025 schedule/results page, read 2026-10-09",official_university,yes,2026-10-09,
MW_UC_DAVIS_WSOC,UC Davis,2023,10,7,2,6,2,2,,https://ucdavisaggies.com/sports/womens-soccer/schedule/2023,"Official 2023 schedule/results page, read 2026-10-09",official_university,yes,2026-10-09,
MW_UC_DAVIS_WSOC,UC Davis,2024,13,5,2,6,2,2,,https://ucdavisaggies.com/sports/womens-soccer/schedule/2024,"Official 2024 schedule/results page, read 2026-10-09",official_university,yes,2026-10-09,
MW_UC_DAVIS_WSOC,UC Davis,2025,3,12,4,1,8,1,,https://ucdavisaggies.com/sports/womens-soccer/schedule/2025,"Official 2025 schedule/results page, read 2026-10-09",official_university,yes,2026-10-09,
MW_UNLV_WSOC,UNLV,2023,7,7,6,3,5,3,,https://unlvrebels.com/sports/womens-soccer/schedule/2023,"Official 2023 schedule/results page, read 2026-10-09",official_university,yes,2026-10-09,
MW_UNLV_WSOC,UNLV,2024,7,11,2,5,5,1,,https://unlvrebels.com/sports/womens-soccer/schedule/2024,"Official 2024 schedule/results page, read 2026-10-09",official_university,yes,2026-10-09,
MW_UNLV_WSOC,UNLV,2025,4,10,5,2,4,4,,https://unlvrebels.com/sports/womens-soccer/schedule/2025,"Official 2025 schedule/results page, read 2026-10-09",official_university,yes,2026-10-09,
MW_UTEP_WSOC,UTEP,2023,2,11,4,1,4,3,,https://utepminers.com/sports/womens-soccer/schedule/2023,"Official 2023 schedule/results page, read 2026-10-09",official_university,yes,2026-10-09,
MW_UTEP_WSOC,UTEP,2024,5,8,4,2,5,2,,https://utepminers.com/sports/womens-soccer/schedule/2024,"Official 2024 schedule/results page, read 2026-10-09",official_university,yes,2026-10-09,
MW_UTEP_WSOC,UTEP,2025,3,9,5,0,4,4,,https://utepminers.com/sports/womens-soccer/schedule/2025,"Official 2025 schedule/results page, read 2026-10-09",official_university,yes,2026-10-09,
NEC_CHICAGO_STATE_WSOC,Chicago State,2023,4,12,0,0,0,0,,https://www.gocsucougars.com/sports/womens-soccer/schedule/2023,"Official 2023 schedule/results page, read 2026-10-09",official_university,yes,2026-10-09,
NEC_CHICAGO_STATE_WSOC,Chicago State,2024,1,13,2,1,7,2,,https://www.gocsucougars.com/sports/womens-soccer/schedule/2024,"Official 2024 schedule/results page, read 2026-10-09",official_university,yes,2026-10-09,
NEC_CHICAGO_STATE_WSOC,Chicago State,2025,5,9,5,3,6,2,,https://www.gocsucougars.com/sports/womens-soccer/schedule/2025,"Official 2025 schedule/results page, read 2026-10-09",official_university,yes,2026-10-09,
NEC_DELAWARE_STATE_WSOC,Delaware State,2023,0,15,1,0,9,0,,https://dsuhornets.com/sports/womens-soccer/schedule/2023,"Official 2023 schedule/results page, read 2026-10-09",official_university,yes,2026-10-09,
NEC_DELAWARE_STATE_WSOC,Delaware State,2024,0,17,1,0,9,1,,https://dsuhornets.com/sports/womens-soccer/schedule/2024,"Official 2024 schedule/results page, read 2026-10-09",official_university,yes,2026-10-09,
NEC_DELAWARE_STATE_WSOC,Delaware State,2025,6,10,3,4,6,1,,https://dsuhornets.com/sports/womens-soccer/schedule/2025,"Official 2025 schedule/results page, read 2026-10-09",official_university,yes,2026-10-09,
NEC_FAIRLEIGH_DICKINSON_WSOC,Fairleigh Dickinson,2023,8,11,0,8,2,0,,https://fduknights.com/sports/womens-soccer/schedule/2023,"Official 2023 schedule/results page, read 2026-10-09",official_university,yes,2026-10-09,
NEC_FAIRLEIGH_DICKINSON_WSOC,Fairleigh Dickinson,2024,8,6,6,7,2,1,,https://fduknights.com/sports/womens-soccer/schedule/2024,"Official 2024 schedule/results page, read 2026-10-09",official_university,yes,2026-10-09,
NEC_FAIRLEIGH_DICKINSON_WSOC,Fairleigh Dickinson,2025,9,6,5,9,0,2,,https://fduknights.com/sports/womens-soccer/schedule/2025,"Official 2025 schedule/results page, read 2026-10-09",official_university,yes,2026-10-09,
NEC_HOWARD_WSOC,Howard,2023,12,6,2,6,3,1,,https://hubison.com/sports/womens-soccer/schedule/2023,"Official 2023 schedule/results page, read 2026-10-09",official_university,yes,2026-10-09,
NEC_HOWARD_WSOC,Howard,2024,11,5,5,8,1,1,,https://hubison.com/sports/womens-soccer/schedule/2024,"Official 2024 schedule/results page, read 2026-10-09",official_university,yes,2026-10-09,
NEC_HOWARD_WSOC,Howard,2025,9,7,3,7,2,2,,https://hubison.com/sports/womens-soccer/schedule/2025,"Official 2025 schedule/results page, read 2026-10-09",official_university,yes,2026-10-09,
NEC_LE_MOYNE_WSOC,Le Moyne,2023,2,12,4,1,7,2,,https://lemoynedolphins.com/sports/womens-soccer/schedule/2023,"Official 2023 schedule/results page, read 2026-10-09",official_university,yes,2026-10-09,
NEC_LE_MOYNE_WSOC,Le Moyne,2024,2,15,2,1,7,2,,https://lemoynedolphins.com/sports/womens-soccer/schedule/2024,"Official 2024 schedule/results page, read 2026-10-09",official_university,yes,2026-10-09,
NEC_LE_MOYNE_WSOC,Le Moyne,2025,2,13,4,2,6,3,,https://lemoynedolphins.com/sports/womens-soccer/schedule/2025,"Official 2025 schedule/results page, read 2026-10-09",official_university,yes,2026-10-09,
NEC_LIU_WSOC,LIU,2023,7,8,2,3,6,1,,https://www.liuathletics.com/sports/womens-soccer/schedule/2023,"Official 2023 schedule/results page, read 2026-10-09",official_university,yes,2026-10-09,
NEC_LIU_WSOC,LIU,2024,5,10,1,4,5,1,,https://www.liuathletics.com/sports/womens-soccer/schedule/2024,"Official 2024 schedule/results page, read 2026-10-09",official_university,yes,2026-10-09,
NEC_LIU_WSOC,LIU,2025,7,5,5,5,3,3,,https://www.liuathletics.com/sports/womens-soccer/schedule/2025,"Official 2025 schedule/results page, read 2026-10-09",official_university,yes,2026-10-09,
NEC_MERCYHURST_WSOC,Mercyhurst,2023,16,4,1,14,1,1,,https://hurstathletics.com/sports/womens-soccer/schedule/2023,"Official 2023 schedule/results page, read 2026-10-09",official_university,yes,2026-10-09,
NEC_MERCYHURST_WSOC,Mercyhurst,2024,4,11,4,3,4,3,,https://hurstathletics.com/sports/womens-soccer/schedule/2024,"Official 2024 schedule/results page, read 2026-10-09",official_university,yes,2026-10-09,
NEC_MERCYHURST_WSOC,Mercyhurst,2025,3,13,3,3,6,2,,https://hurstathletics.com/sports/womens-soccer/schedule/2025,"Official 2025 schedule/results page, read 2026-10-09",official_university,yes,2026-10-09,
NEC_STONEHILL_WSOC,Stonehill,2023,2,13,3,2,6,2,,https://stonehillskyhawks.com/sports/womens-soccer/schedule/2023,"Official 2023 schedule/results page, read 2026-10-09",official_university,yes,2026-10-09,
NEC_STONEHILL_WSOC,Stonehill,2024,8,10,1,7,2,1,,https://stonehillskyhawks.com/sports/womens-soccer/schedule/2024,"Official 2024 schedule/results page, read 2026-10-09",official_university,yes,2026-10-09,
NEC_STONEHILL_WSOC,Stonehill,2025,6,8,4,6,3,2,,https://stonehillskyhawks.com/sports/womens-soccer/schedule/2025,"Official 2025 schedule/results page, read 2026-10-09",official_university,yes,2026-10-09,
NEC_WAGNER_WSOC,Wagner,2023,8,8,4,5,5,0,,https://wagnerathletics.com/sports/womens-soccer/schedule/2023,"Official 2023 schedule/results page, read 2026-10-09",official_university,yes,2026-10-09,
NEC_WAGNER_WSOC,Wagner,2024,8,5,6,7,1,2,,https://wagnerathletics.com/sports/womens-soccer/schedule/2024,"Official 2024 schedule/results page, read 2026-10-09",official_university,yes,2026-10-09,
NEC_WAGNER_WSOC,Wagner,2025,11,3,6,8,1,2,,https://wagnerathletics.com/sports/womens-soccer/schedule/2025,"Official 2025 schedule/results page, read 2026-10-09",official_university,yes,2026-10-09,
OVC_EASTERN_ILLINOIS_WSOC,Eastern Illinois,2023,4,9,4,3,4,2,,https://eiupanthers.com/sports/womens-soccer/schedule/2023,"Official 2023 schedule/results page, read 2026-10-09",official_university,yes,2026-10-09,
OVC_EASTERN_ILLINOIS_WSOC,Eastern Illinois,2024,5,8,6,3,3,3,,https://eiupanthers.com/sports/womens-soccer/schedule/2024,"Official 2024 schedule/results page, read 2026-10-09",official_university,yes,2026-10-09,
OVC_EASTERN_ILLINOIS_WSOC,Eastern Illinois,2025,8,8,3,5,3,1,,https://eiupanthers.com/sports/womens-soccer/schedule/2025,"Official 2025 schedule/results page, read 2026-10-09",official_university,yes,2026-10-09,
OVC_LINDENWOOD_WSOC,Lindenwood,2023,3,13,1,1,8,0,,https://lindenwoodlions.com/sports/womens-soccer/schedule/2023,"Official 2023 schedule/results page, read 2026-10-09",official_university,yes,2026-10-09,
OVC_LINDENWOOD_WSOC,Lindenwood,2024,11,5,4,4,1,4,,https://lindenwoodlions.com/sports/womens-soccer/schedule/2024,"Official 2024 schedule/results page, read 2026-10-09",official_university,yes,2026-10-09,
OVC_LINDENWOOD_WSOC,Lindenwood,2025,10,5,5,5,2,2,,https://lindenwoodlions.com/sports/womens-soccer/schedule/2025,"Official 2025 schedule/results page, read 2026-10-09",official_university,yes,2026-10-09,
OVC_MOREHEAD_STATE_WSOC,Morehead State,2023,9,6,5,6,1,2,,https://msueagles.com/sports/womens-soccer/schedule/2023,"Official 2023 schedule/results page, read 2026-10-09",official_university,yes,2026-10-09,
OVC_MOREHEAD_STATE_WSOC,Morehead State,2024,9,8,6,4,3,2,,https://msueagles.com/sports/womens-soccer/schedule/2024,"Official 2024 schedule/results page, read 2026-10-09",official_university,yes,2026-10-09,
OVC_MOREHEAD_STATE_WSOC,Morehead State,2025,3,13,2,1,6,2,,https://msueagles.com/sports/womens-soccer/schedule/2025,"Official 2025 schedule/results page, read 2026-10-09",official_university,yes,2026-10-09,
OVC_SIU_EDWARDSVILLE_WSOC,SIU Edwardsville,2023,5,6,6,3,2,4,,https://siuecougars.com/sports/womens-soccer/schedule/2023,"Official 2023 schedule/results page, read 2026-10-09",official_university,yes,2026-10-09,
OVC_SIU_EDWARDSVILLE_WSOC,SIU Edwardsville,2024,2,7,7,1,3,5,,https://siuecougars.com/sports/womens-soccer/schedule/2024,"Official 2024 schedule/results page, read 2026-10-09",official_university,yes,2026-10-09,
OVC_SIU_EDWARDSVILLE_WSOC,SIU Edwardsville,2025,3,12,5,2,4,3,,https://siuecougars.com/sports/womens-soccer/schedule/2025,"Official 2025 schedule/results page, read 2026-10-09",official_university,yes,2026-10-09,
OVC_SOUTHEAST_MISSOURI_STATE_WSOC,Southeast Missouri State,2023,7,6,6,2,3,4,,https://semoredhawks.com/sports/womens-soccer/schedule/2023,"Official 2023 schedule/results page, read 2026-10-09",official_university,yes,2026-10-09,
OVC_SOUTHEAST_MISSOURI_STATE_WSOC,Southeast Missouri State,2024,3,11,3,3,5,3,,https://semoredhawks.com/sports/womens-soccer/schedule/2024,"Official 2024 schedule/results page, read 2026-10-09",official_university,yes,2026-10-09,
OVC_SOUTHEAST_MISSOURI_STATE_WSOC,Southeast Missouri State,2025,2,15,2,2,5,2,,https://semoredhawks.com/sports/womens-soccer/schedule/2025,"Official 2025 schedule/results page, read 2026-10-09",official_university,yes,2026-10-09,
OVC_SOUTHERN_INDIANA_WSOC,Southern Indiana,2023,4,8,7,3,2,4,,https://usiscreamingeagles.com/sports/womens-soccer/schedule/2023,"Official 2023 schedule/results page, read 2026-10-09",official_university,yes,2026-10-09,
OVC_SOUTHERN_INDIANA_WSOC,Southern Indiana,2024,5,9,5,4,2,3,,https://usiscreamingeagles.com/sports/womens-soccer/schedule/2024,"Official 2024 schedule/results page, read 2026-10-09",official_university,yes,2026-10-09,
OVC_SOUTHERN_INDIANA_WSOC,Southern Indiana,2025,9,7,5,4,2,3,,https://usiscreamingeagles.com/sports/womens-soccer/schedule/2025,"Official 2025 schedule/results page, read 2026-10-09",official_university,yes,2026-10-09,
OVC_UT_MARTIN_WSOC,UT Martin,2023,5,8,6,2,2,5,,https://utmsports.com/sports/womens-soccer/schedule/2023,"Official 2023 schedule/results page, read 2026-10-09",official_university,yes,2026-10-09,
OVC_UT_MARTIN_WSOC,UT Martin,2024,4,11,3,3,6,0,,https://utmsports.com/sports/womens-soccer/schedule/2024,"Official 2024 schedule/results page, read 2026-10-09",official_university,yes,2026-10-09,
OVC_UT_MARTIN_WSOC,UT Martin,2025,3,7,9,3,3,3,,https://utmsports.com/sports/womens-soccer/schedule/2025,"Official 2025 schedule/results page, read 2026-10-09",official_university,yes,2026-10-09,
OVC_WESTERN_ILLINOIS_WSOC,Western Illinois,2023,3,8,5,1,4,4,,https://goleathernecks.com/sports/womens-soccer/schedule/2023,"Official 2023 schedule/results page, read 2026-10-09",official_university,yes,2026-10-09,
OVC_WESTERN_ILLINOIS_WSOC,Western Illinois,2024,1,14,1,1,7,1,,https://goleathernecks.com/sports/womens-soccer/schedule/2024,"Official 2024 schedule/results page, read 2026-10-09",official_university,yes,2026-10-09,
OVC_WESTERN_ILLINOIS_WSOC,Western Illinois,2025,1,17,1,0,8,1,,https://goleathernecks.com/sports/womens-soccer/schedule/2025,"Official 2025 schedule/results page, read 2026-10-09",official_university,yes,2026-10-09,
PAC12_BOISE_STATE_WSOC,Boise State,2023,11,4,6,8,2,1,,https://broncosports.com/sports/womens-soccer/schedule/2023,"Official 2023 schedule/results page, read 2026-10-09",official_university,yes,2026-10-09,
PAC12_BOISE_STATE_WSOC,Boise State,2024,16,4,2,8,1,2,,https://broncosports.com/sports/womens-soccer/schedule/2024,"Official 2024 schedule/results page, read 2026-10-09",official_university,yes,2026-10-09,
PAC12_BOISE_STATE_WSOC,Boise State,2025,10,3,8,8,0,2,,https://broncosports.com/sports/womens-soccer/schedule/2025,"Official 2025 schedule/results page, read 2026-10-09",official_university,yes,2026-10-09,
PAC12_COLORADO_STATE_WSOC,Colorado State,2023,12,6,4,6,3,2,,https://csurams.com/sports/womens-soccer/schedule/2023,"Official 2023 schedule/results page, read 2026-10-09",official_university,yes,2026-10-09,
PAC12_COLORADO_STATE_WSOC,Colorado State,2024,12,5,4,7,1,3,,https://csurams.com/sports/womens-soccer/schedule/2024,"Official 2024 schedule/results page, read 2026-10-09",official_university,yes,2026-10-09,
PAC12_COLORADO_STATE_WSOC,Colorado State,2025,10,4,5,4,2,4,,https://csurams.com/sports/womens-soccer/schedule/2025,"Official 2025 schedule/results page, read 2026-10-09",official_university,yes,2026-10-09,
PAC12_FRESNO_STATE_WSOC,Fresno State,2023,5,9,6,4,4,3,,https://gobulldogs.com/sports/womens-soccer/schedule/2023,"Official 2023 schedule/results page, read 2026-10-09",official_university,yes,2026-10-09,
PAC12_FRESNO_STATE_WSOC,Fresno State,2024,7,9,3,2,7,2,,https://gobulldogs.com/sports/womens-soccer/schedule/2024,"Official 2024 schedule/results page, read 2026-10-09",official_university,yes,2026-10-09,
PAC12_FRESNO_STATE_WSOC,Fresno State,2025,7,6,5,4,4,2,,https://gobulldogs.com/sports/womens-soccer/schedule/2025,"Official 2025 schedule/results page, read 2026-10-09",official_university,yes,2026-10-09,
PAC12_GONZAGA_WSOC,Gonzaga,2023,14,4,2,6,1,1,,https://gozags.com/sports/womens-soccer/schedule/2023-24,"Official 2023 schedule/results page, read 2026-10-09",official_university,yes,2026-10-09,
PAC12_GONZAGA_WSOC,Gonzaga,2024,10,7,2,6,3,1,,https://gozags.com/sports/womens-soccer/schedule/2024-25,"Official 2024 schedule/results page, read 2026-10-09",official_university,yes,2026-10-09,
PAC12_GONZAGA_WSOC,Gonzaga,2025,8,9,2,6,3,2,,https://gozags.com/sports/womens-soccer/schedule/2025-26,"Official 2025 schedule/results page, read 2026-10-09",official_university,yes,2026-10-09,
PAC12_OREGON_STATE_WSOC,Oregon State,2023,4,8,7,1,6,4,,https://osubeavers.com/sports/womens-soccer/schedule/2023,"Official 2023 schedule/results page, read 2026-10-09",official_university,yes,2026-10-09,
PAC12_OREGON_STATE_WSOC,Oregon State,2024,7,9,2,5,3,2,,https://osubeavers.com/sports/womens-soccer/schedule/2024,"Official 2024 schedule/results page, read 2026-10-09",official_university,yes,2026-10-09,
PAC12_OREGON_STATE_WSOC,Oregon State,2025,2,12,5,1,9,1,,https://osubeavers.com/sports/womens-soccer/schedule/2025,"Official 2025 schedule/results page, read 2026-10-09",official_university,yes,2026-10-09,
PAC12_SAN_DIEGO_STATE_WSOC,San Diego State,2023,14,3,3,9,1,1,,https://goaztecs.com/sports/womens-soccer/schedule/season/2023,"Official 2023 schedule/results page, read 2026-10-09",official_university,yes,2026-10-09,
PAC12_SAN_DIEGO_STATE_WSOC,San Diego State,2024,9,8,4,6,2,3,,https://goaztecs.com/sports/womens-soccer/schedule/season/2024,"Official 2024 schedule/results page, read 2026-10-09",official_university,yes,2026-10-09,
PAC12_SAN_DIEGO_STATE_WSOC,San Diego State,2025,9,4,7,4,2,4,,https://goaztecs.com/sports/womens-soccer/schedule/season/2025,"Official 2025 schedule/results page, read 2026-10-09",official_university,yes,2026-10-09,
PAC12_TEXAS_STATE_WSOC,Texas State,2023,9,7,4,3,3,4,,https://txst.com/sports/womens-soccer/schedule/2023,"Official 2023 schedule/results page, read 2026-10-09",official_university,yes,2026-10-09,
PAC12_TEXAS_STATE_WSOC,Texas State,2024,12,5,5,6,1,3,,https://txst.com/sports/womens-soccer/schedule/2024,"Official 2024 schedule/results page, read 2026-10-09",official_university,yes,2026-10-09,
PAC12_TEXAS_STATE_WSOC,Texas State,2025,10,4,7,5,1,4,,https://txst.com/sports/womens-soccer/schedule/2025,"Official 2025 schedule/results page, read 2026-10-09",official_university,yes,2026-10-09,
PAC12_WASHINGTON_STATE_WSOC,Washington State,2023,9,6,4,2,5,4,,https://wsucougars.com/sports/womens-soccer/schedule/season/2023,"Official 2023 schedule/results page, read 2026-10-09",official_university,yes,2026-10-09,
PAC12_WASHINGTON_STATE_WSOC,Washington State,2024,8,5,6,5,2,3,,https://wsucougars.com/sports/womens-soccer/schedule/season/2024,"Official 2024 schedule/results page, read 2026-10-09",official_university,yes,2026-10-09,
PAC12_WASHINGTON_STATE_WSOC,Washington State,2025,7,7,5,5,4,2,,https://wsucougars.com/sports/womens-soccer/schedule/season/2025,"Official 2025 schedule/results page, read 2026-10-09",official_university,yes,2026-10-09,
PAT_AMERICAN_WSOC,American,2023,3,9,4,3,5,1,,https://aueagles.com/sports/womens-soccer/schedule/2023,"Official 2023 schedule/results page, read 2026-10-09",official_university,yes,2026-10-09,
PAT_AMERICAN_WSOC,American,2024,6,6,3,2,5,2,,https://aueagles.com/sports/womens-soccer/schedule/2024,"Official 2024 schedule/results page, read 2026-10-09",official_university,yes,2026-10-09,
PAT_AMERICAN_WSOC,American,2025,3,10,4,3,5,1,,https://aueagles.com/sports/womens-soccer/schedule/2025,"Official 2025 schedule/results page, read 2026-10-09",official_university,yes,2026-10-09,
PAT_ARMY_WSOC,Army,2023,10,6,4,6,2,1,,https://goarmywestpoint.com/sports/womens-soccer/schedule/2023,"Official 2023 schedule/results page, read 2026-10-09",official_university,yes,2026-10-09,
PAT_ARMY_WSOC,Army,2024,12,6,1,5,3,1,,https://goarmywestpoint.com/sports/womens-soccer/schedule/2024,"Official 2024 schedule/results page, read 2026-10-09",official_university,yes,2026-10-09,
PAT_ARMY_WSOC,Army,2025,14,6,2,5,3,1,,https://goarmywestpoint.com/sports/womens-soccer/schedule/2025,"Official 2025 schedule/results page, read 2026-10-09",official_university,yes,2026-10-09,
PAT_BOSTON_UNIVERSITY_WSOC,Boston University,2023,7,7,6,4,3,2,,https://goterriers.com/sports/womens-soccer/schedule/2023,"Official 2023 schedule/results page, read 2026-10-09",official_university,yes,2026-10-09,
PAT_BOSTON_UNIVERSITY_WSOC,Boston University,2024,6,8,7,5,0,4,,https://goterriers.com/sports/womens-soccer/schedule/2024,"Official 2024 schedule/results page, read 2026-10-09",official_university,yes,2026-10-09,
PAT_BOSTON_UNIVERSITY_WSOC,Boston University,2025,11,5,3,7,1,1,,https://goterriers.com/sports/womens-soccer/schedule/2025,"Official 2025 schedule/results page, read 2026-10-09",official_university,yes,2026-10-09,
PAT_BUCKNELL_WSOC,Bucknell,2023,12,4,5,5,1,3,,https://bucknellbison.com/sports/womens-soccer/schedule/2023,"Official 2023 schedule/results page, read 2026-10-09",official_university,yes,2026-10-09,
PAT_BUCKNELL_WSOC,Bucknell,2024,12,4,3,7,2,0,,https://bucknellbison.com/sports/womens-soccer/schedule/2024,"Official 2024 schedule/results page, read 2026-10-09",official_university,yes,2026-10-09,
PAT_BUCKNELL_WSOC,Bucknell,2025,3,9,6,1,4,4,,https://bucknellbison.com/sports/womens-soccer/schedule/2025,"Official 2025 schedule/results page, read 2026-10-09",official_university,yes,2026-10-09,
PAT_HOLY_CROSS_WSOC,Holy Cross,2023,5,7,5,2,4,3,,https://goholycross.com/sports/womens-soccer/schedule/2023,"Official 2023 schedule/results page, read 2026-10-09",official_university,yes,2026-10-09,
PAT_HOLY_CROSS_WSOC,Holy Cross,2024,5,11,2,2,5,2,,https://goholycross.com/sports/womens-soccer/schedule/2024,"Official 2024 schedule/results page, read 2026-10-09",official_university,yes,2026-10-09,
PAT_HOLY_CROSS_WSOC,Holy Cross,2025,6,7,6,3,3,3,,https://goholycross.com/sports/womens-soccer/schedule/2025,"Official 2025 schedule/results page, read 2026-10-09",official_university,yes,2026-10-09,
PAT_LAFAYETTE_WSOC,Lafayette,2023,7,8,1,3,6,0,,https://goleopards.com/sports/womens-soccer/schedule/2023,"Official 2023 schedule/results page, read 2026-10-09",official_university,yes,2026-10-09,
PAT_LAFAYETTE_WSOC,Lafayette,2024,5,6,4,2,3,4,,https://goleopards.com/sports/womens-soccer/schedule/2024,"Official 2024 schedule/results page, read 2026-10-09",official_university,yes,2026-10-09,
PAT_LAFAYETTE_WSOC,Lafayette,2025,5,8,7,3,3,3,,https://goleopards.com/sports/womens-soccer/schedule/2025,"Official 2025 schedule/results page, read 2026-10-09",official_university,yes,2026-10-09,
PAT_LEHIGH_WSOC,Lehigh,2023,7,5,5,4,4,1,,https://lehighsports.com/sports/womens-soccer/schedule/2023,"Official 2023 schedule/results page, read 2026-10-09",official_university,yes,2026-10-09,
PAT_LEHIGH_WSOC,Lehigh,2024,3,9,5,2,6,1,,https://lehighsports.com/sports/womens-soccer/schedule/2024,"Official 2024 schedule/results page, read 2026-10-09",official_university,yes,2026-10-09,
PAT_LEHIGH_WSOC,Lehigh,2025,3,11,3,1,7,1,,https://lehighsports.com/sports/womens-soccer/schedule/2025,"Official 2025 schedule/results page, read 2026-10-09",official_university,yes,2026-10-09,
PAT_LOYOLA_MD_WSOC,Loyola (MD),2023,11,6,0,6,3,0,,https://loyolagreyhounds.com/sports/womens-soccer/schedule/2023,"Official 2023 schedule/results page, read 2026-10-09",official_university,yes,2026-10-09,
PAT_LOYOLA_MD_WSOC,Loyola (MD),2024,8,6,5,3,3,3,,https://loyolagreyhounds.com/sports/womens-soccer/schedule/2024,"Official 2024 schedule/results page, read 2026-10-09",official_university,yes,2026-10-09,
PAT_LOYOLA_MD_WSOC,Loyola (MD),2025,5,5,8,2,2,5,,https://loyolagreyhounds.com/sports/womens-soccer/schedule/2025,"Official 2025 schedule/results page, read 2026-10-09",official_university,yes,2026-10-09,
PAT_NAVY_WSOC,Navy,2023,9,7,3,3,6,0,,https://navysports.com/sports/womens-soccer/schedule/2023,"Official 2023 schedule/results page, read 2026-10-09",official_university,yes,2026-10-09,
PAT_NAVY_WSOC,Navy,2024,9,10,2,3,4,2,,https://navysports.com/sports/womens-soccer/schedule/2024,"Official 2024 schedule/results page, read 2026-10-09",official_university,yes,2026-10-09,
PAT_NAVY_WSOC,Navy,2025,9,6,4,2,3,4,,https://navysports.com/sports/womens-soccer/schedule/2025,"Official 2025 schedule/results page, read 2026-10-09",official_university,yes,2026-10-09,
SEC_ALA_WSOC,Alabama,2023,12,5,5,5,4,1,,https://rolltide.com/sports/womens-soccer/schedule/2023,"Official 2023 schedule/results page, read 2026-10-09",official_university,yes,2026-10-09,
SEC_ALA_WSOC,Alabama,2024,10,6,5,2,3,5,,https://rolltide.com/sports/womens-soccer/schedule/2024,"Official 2024 schedule/results page, read 2026-10-09",official_university,yes,2026-10-09,
SEC_ALA_WSOC,Alabama,2025,11,9,2,4,6,0,,https://rolltide.com/sports/womens-soccer/schedule/2025,"Official 2025 schedule/results page, read 2026-10-09",official_university,yes,2026-10-09,
SEC_AUB_WSOC,Auburn,2023,8,7,5,3,4,3,,https://auburntigers.com/sports/soccer/schedule/season/2023,"Official 2023 schedule/results page, read 2026-10-09",official_university,yes,2026-10-09,
SEC_AUB_WSOC,Auburn,2024,13,4,4,4,2,4,,https://auburntigers.com/sports/soccer/schedule/season/2024,"Official 2024 schedule/results page, read 2026-10-09",official_university,yes,2026-10-09,
SEC_AUB_WSOC,Auburn,2025,5,6,7,1,3,6,,https://auburntigers.com/sports/soccer/schedule/season/2025,"Official 2025 schedule/results page, read 2026-10-09",official_university,yes,2026-10-09,
SEC_FLA_WSOC,Florida,2023,6,5,6,2,4,4,,https://floridagators.com/sports/womens-soccer/schedule/2023,"Official 2023 schedule/results page, read 2026-10-09",official_university,yes,2026-10-09,
SEC_FLA_WSOC,Florida,2024,4,8,6,1,7,2,,https://floridagators.com/sports/womens-soccer/schedule/2024,"Official 2024 schedule/results page, read 2026-10-09",official_university,yes,2026-10-09,
SEC_FLA_WSOC,Florida,2025,6,7,5,2,3,5,,https://floridagators.com/sports/womens-soccer/schedule/2025,"Official 2025 schedule/results page, read 2026-10-09",official_university,yes,2026-10-09,
SEC_UGA_WSOC,Georgia,2023,13,4,6,4,3,3,,https://georgiadogs.com/sports/womens-soccer/schedule/2023,"Official 2023 schedule/results page, read 2026-10-09",official_university,yes,2026-10-09,
SEC_UGA_WSOC,Georgia,2024,8,7,6,3,3,4,,https://georgiadogs.com/sports/womens-soccer/schedule/2024,"Official 2024 schedule/results page, read 2026-10-09",official_university,yes,2026-10-09,
SEC_UGA_WSOC,Georgia,2025,10,5,6,6,1,3,,https://georgiadogs.com/sports/womens-soccer/schedule/2025,"Official 2025 schedule/results page, read 2026-10-09",official_university,yes,2026-10-09,
SEC_LSU_WSOC,LSU,2023,8,8,4,3,5,2,,https://lsusports.net/sports/sc/schedule/season/2023,"Official 2023 schedule/results page, read 2026-10-09",official_university,yes,2026-10-09,
SEC_LSU_WSOC,LSU,2024,9,9,3,3,5,2,,https://lsusports.net/sports/sc/schedule/season/2024,"Official 2024 schedule/results page, read 2026-10-09",official_university,yes,2026-10-09,
SEC_LSU_WSOC,LSU,2025,15,6,4,5,2,3,,https://lsusports.net/sports/sc/schedule/season/2025,"Official 2025 schedule/results page, read 2026-10-09",official_university,yes,2026-10-09,
SEC_MSST_WSOC,Mississippi State,2023,12,6,5,5,3,2,,https://hailstate.com/sports/womens-soccer/schedule/2023,"Official 2023 schedule/results page, read 2026-10-09",official_university,yes,2026-10-09,
SEC_MSST_WSOC,Mississippi State,2024,19,3,0,10,0,0,,https://hailstate.com/sports/womens-soccer/schedule/2024,"Official 2024 schedule/results page, read 2026-10-09",official_university,yes,2026-10-09,
SEC_MSST_WSOC,Mississippi State,2025,12,7,1,5,4,1,,https://hailstate.com/sports/womens-soccer/schedule/2025,"Official 2025 schedule/results page, read 2026-10-09",official_university,yes,2026-10-09,
SEC_MIZ_WSOC,Missouri,2023,5,9,3,1,8,1,,https://mutigers.com/sports/womens-soccer/schedule/season/2023,"Official 2023 schedule/results page, read 2026-10-09",official_university,yes,2026-10-09,
SEC_MIZ_WSOC,Missouri,2024,5,10,2,3,6,1,,https://mutigers.com/sports/womens-soccer/schedule/season/2024,"Official 2024 schedule/results page, read 2026-10-09",official_university,yes,2026-10-09,
SEC_MIZ_WSOC,Missouri,2025,4,10,3,1,7,2,,https://mutigers.com/sports/womens-soccer/schedule/season/2025,"Official 2025 schedule/results page, read 2026-10-09",official_university,yes,2026-10-09,
SEC_MISS_WSOC,Ole Miss,2023,7,7,3,3,5,2,,https://olemisssports.com/sports/womens-soccer/schedule/2023,"Official 2023 schedule/results page, read 2026-10-09",official_university,yes,2026-10-09,
SEC_MISS_WSOC,Ole Miss,2024,5,13,1,0,9,1,,https://olemisssports.com/sports/womens-soccer/schedule/2024,"Official 2024 schedule/results page, read 2026-10-09",official_university,yes,2026-10-09,
SEC_MISS_WSOC,Ole Miss,2025,4,8,3,0,7,3,,https://olemisssports.com/sports/womens-soccer/schedule/2025,"Official 2025 schedule/results page, read 2026-10-09",official_university,yes,2026-10-09,
SEC_TENN_WSOC,Tennessee,2023,9,7,4,3,4,3,,https://utsports.com/sports/womens-soccer/schedule/2023,"Official 2023 schedule/results page, read 2026-10-09",official_university,yes,2026-10-09,
SEC_TENN_WSOC,Tennessee,2024,9,7,4,3,4,3,,https://utsports.com/sports/womens-soccer/schedule/2024,"Official 2024 schedule/results page, read 2026-10-09",official_university,yes,2026-10-09,
SEC_TENN_WSOC,Tennessee,2025,12,4,3,6,2,2,,https://utsports.com/sports/womens-soccer/schedule/2025,"Official 2025 schedule/results page, read 2026-10-09",official_university,yes,2026-10-09,
SEC_TEX_WSOC,Texas,2023,17,5,2,6,3,1,,https://texaslonghorns.com/sports/womens-soccer/schedule/2023,"Official 2023 schedule/results page, read 2026-10-09",official_university,yes,2026-10-09,
SEC_TEX_WSOC,Texas,2024,17,4,2,6,3,1,,https://texaslonghorns.com/sports/womens-soccer/schedule/2024,"Official 2024 schedule/results page, read 2026-10-09",official_university,yes,2026-10-09,
SEC_TEX_WSOC,Texas,2025,4,12,1,2,8,0,,https://texaslonghorns.com/sports/womens-soccer/schedule/2025,"Official 2025 schedule/results page, read 2026-10-09",official_university,yes,2026-10-09,
SEC_TAMU_WSOC,Texas A&M,2023,10,8,4,4,3,3,,https://12thman.com/sports/soccer/schedule/season/2023,"Official 2023 schedule/results page, read 2026-10-09",official_university,yes,2026-10-09,
SEC_TAMU_WSOC,Texas A&M,2024,8,9,2,3,5,2,,https://12thman.com/sports/soccer/schedule/season/2024,"Official 2024 schedule/results page, read 2026-10-09",official_university,yes,2026-10-09,
SEC_TAMU_WSOC,Texas A&M,2025,5,7,5,2,6,2,,https://12thman.com/sports/soccer/schedule/season/2025,"Official 2025 schedule/results page, read 2026-10-09",official_university,yes,2026-10-09,
SEC_VAN_WSOC,Vanderbilt,2023,8,5,5,3,5,2,,https://vucommodores.com/sports/wsoc/schedule/season/2023,"Official 2023 schedule/results page, read 2026-10-09",official_university,yes,2026-10-09,
SEC_VAN_WSOC,Vanderbilt,2024,10,4,7,4,2,4,,https://vucommodores.com/sports/wsoc/schedule/season/2024,"Official 2024 schedule/results page, read 2026-10-09",official_university,yes,2026-10-09,
SEC_VAN_WSOC,Vanderbilt,2025,18,4,2,7,2,1,,https://vucommodores.com/sports/wsoc/schedule/season/2025,"Official 2025 schedule/results page, read 2026-10-09",official_university,yes,2026-10-09,
SOCON_CHATTANOOGA_WSOC,Chattanooga,2023,10,7,1,4,4,1,,https://gomocs.com/sports/womens-soccer/schedule/2023,"Official 2023 schedule/results page, read 2026-10-09",official_university,yes,2026-10-09,
SOCON_CHATTANOOGA_WSOC,Chattanooga,2024,7,9,3,5,4,0,,https://gomocs.com/sports/womens-soccer/schedule/2024,"Official 2024 schedule/results page, read 2026-10-09",official_university,yes,2026-10-09,
SOCON_CHATTANOOGA_WSOC,Chattanooga,2025,10,5,4,4,2,3,,https://gomocs.com/sports/womens-soccer/schedule/2025,"Official 2025 schedule/results page, read 2026-10-09",official_university,yes,2026-10-09,
SOCON_EAST_TENNESSEE_STATE_WSOC,East Tennessee State,2023,11,3,5,6,1,2,,https://etsubucs.com/sports/womens-soccer/schedule/2023,"Official 2023 schedule/results page, read 2026-10-09",official_university,yes,2026-10-09,
SOCON_EAST_TENNESSEE_STATE_WSOC,East Tennessee State,2024,4,8,4,3,3,3,,https://etsubucs.com/sports/womens-soccer/schedule/2024,"Official 2024 schedule/results page, read 2026-10-09",official_university,yes,2026-10-09,
SOCON_EAST_TENNESSEE_STATE_WSOC,East Tennessee State,2025,9,4,6,4,1,4,,https://etsubucs.com/sports/womens-soccer/schedule/2025,"Official 2025 schedule/results page, read 2026-10-09",official_university,yes,2026-10-09,
SOCON_FURMAN_WSOC,Furman,2023,7,5,7,3,1,5,,https://furmanpaladins.com/sports/womens-soccer/schedule/2023,"Official 2023 schedule/results page, read 2026-10-09",official_university,yes,2026-10-09,
SOCON_FURMAN_WSOC,Furman,2024,10,7,3,5,2,2,,https://furmanpaladins.com/sports/womens-soccer/schedule/2024,"Official 2024 schedule/results page, read 2026-10-09",official_university,yes,2026-10-09,
SOCON_FURMAN_WSOC,Furman,2025,10,4,5,3,2,4,,https://furmanpaladins.com/sports/womens-soccer/schedule/2025,"Official 2025 schedule/results page, read 2026-10-09",official_university,yes,2026-10-09,
SOCON_MERCER_WSOC,Mercer,2023,10,6,5,4,4,1,,https://mercerbears.com/sports/womens-soccer/schedule/2023,"Official 2023 schedule/results page, read 2026-10-09",official_university,yes,2026-10-09,
SOCON_MERCER_WSOC,Mercer,2024,11,5,3,5,2,2,,https://mercerbears.com/sports/womens-soccer/schedule/2024,"Official 2024 schedule/results page, read 2026-10-09",official_university,yes,2026-10-09,
SOCON_MERCER_WSOC,Mercer,2025,10,7,3,3,3,3,,https://mercerbears.com/sports/womens-soccer/schedule/2025,"Official 2025 schedule/results page, read 2026-10-09",official_university,yes,2026-10-09,
SOCON_SAMFORD_WSOC,Samford,2023,12,4,5,6,1,2,,https://samfordsports.com/sports/womens-soccer/schedule/2023,"Official 2023 schedule/results page, read 2026-10-09",official_university,yes,2026-10-09,
SOCON_SAMFORD_WSOC,Samford,2024,12,7,3,6,1,2,,https://samfordsports.com/sports/womens-soccer/schedule/2024,"Official 2024 schedule/results page, read 2026-10-09",official_university,yes,2026-10-09,
SOCON_SAMFORD_WSOC,Samford,2025,13,3,5,7,0,2,,https://samfordsports.com/sports/womens-soccer/schedule/2025,"Official 2025 schedule/results page, read 2026-10-09",official_university,yes,2026-10-09,
SOCON_THE_CITADEL_WSOC,The Citadel,2023,3,9,6,0,7,2,,https://citadelsports.com/sports/womens-soccer/schedule/2023,"Official 2023 schedule/results page, read 2026-10-09",official_university,yes,2026-10-09,
SOCON_THE_CITADEL_WSOC,The Citadel,2024,4,11,3,0,8,1,,https://citadelsports.com/sports/womens-soccer/schedule/2024,"Official 2024 schedule/results page, read 2026-10-09",official_university,yes,2026-10-09,
SOCON_THE_CITADEL_WSOC,The Citadel,2025,5,9,3,2,5,2,,https://citadelsports.com/sports/womens-soccer/schedule/2025,"Official 2025 schedule/results page, read 2026-10-09",official_university,yes,2026-10-09,
SOCON_UNC_GREENSBORO_WSOC,UNC Greensboro,2023,7,9,3,4,4,1,,https://uncgspartans.com/sports/womens-soccer/schedule/2023,"Official 2023 schedule/results page, read 2026-10-09",official_university,yes,2026-10-09,
SOCON_UNC_GREENSBORO_WSOC,UNC Greensboro,2024,5,9,5,3,3,3,,https://uncgspartans.com/sports/womens-soccer/schedule/2024,"Official 2024 schedule/results page, read 2026-10-09",official_university,yes,2026-10-09,
SOCON_UNC_GREENSBORO_WSOC,UNC Greensboro,2025,4,12,3,2,4,3,,https://uncgspartans.com/sports/womens-soccer/schedule/2025,"Official 2025 schedule/results page, read 2026-10-09",official_university,yes,2026-10-09,
SOCON_VMI_WSOC,VMI,2023,2,17,0,1,8,0,,https://vmikeydets.com/sports/womens-soccer/schedule/2023,"Official 2023 schedule/results page, read 2026-10-09",official_university,yes,2026-10-09,
SOCON_VMI_WSOC,VMI,2024,6,11,2,1,7,1,,https://vmikeydets.com/sports/womens-soccer/schedule/2024,"Official 2024 schedule/results page, read 2026-10-09",official_university,yes,2026-10-09,
SOCON_VMI_WSOC,VMI,2025,2,17,1,0,9,0,,https://vmikeydets.com/sports/womens-soccer/schedule/2025,"Official 2025 schedule/results page, read 2026-10-09",official_university,yes,2026-10-09,
SOCON_WESTERN_CAROLINA_WSOC,Western Carolina,2023,13,5,3,7,2,0,,https://catamountsports.com/sports/womens-soccer/schedule/2023,"Official 2023 schedule/results page, read 2026-10-09",official_university,yes,2026-10-09,
SOCON_WESTERN_CAROLINA_WSOC,Western Carolina,2024,15,3,3,8,0,1,,https://catamountsports.com/sports/womens-soccer/schedule/2024,"Official 2024 schedule/results page, read 2026-10-09",official_university,yes,2026-10-09,
SOCON_WESTERN_CAROLINA_WSOC,Western Carolina,2025,10,6,4,5,2,2,,https://catamountsports.com/sports/womens-soccer/schedule/2025,"Official 2025 schedule/results page, read 2026-10-09",official_university,yes,2026-10-09,
SOCON_WOFFORD_WSOC,Wofford,2023,5,11,4,2,5,2,,https://woffordterriers.com/sports/womens-soccer/schedule/2023,"Official 2023 schedule/results page, read 2026-10-09",official_university,yes,2026-10-09,
SOCON_WOFFORD_WSOC,Wofford,2024,6,12,2,1,7,1,,https://woffordterriers.com/sports/womens-soccer/schedule/2024,"Official 2024 schedule/results page, read 2026-10-09",official_university,yes,2026-10-09,
SOCON_WOFFORD_WSOC,Wofford,2025,6,9,6,2,4,3,,https://woffordterriers.com/sports/womens-soccer/schedule/2025,"Official 2025 schedule/results page, read 2026-10-09",official_university,yes,2026-10-09,
SLND_EAST_TEXAS_A_AND_M_WSOC,|East Texas A&M,2023,9,7,3,7,1,2,,https://lionathletics.com/sports/womens-soccer/schedule/2023,"Official 2023 schedule/results page, read 2026-10-09",official_university,yes,2026-10-09,
SLND_EAST_TEXAS_A_AND_M_WSOC,|East Texas A&M,2024,9,10,3,6,3,1,,https://lionathletics.com/sports/womens-soccer/schedule/2024,"Official 2024 schedule/results page, read 2026-10-09",official_university,yes,2026-10-09,
SLND_EAST_TEXAS_A_AND_M_WSOC,|East Texas A&M,2025,7,8,4,4,2,4,,https://lionathletics.com/sports/womens-soccer/schedule/2025,"Official 2025 schedule/results page, read 2026-10-09",official_university,yes,2026-10-09,
SLND_HOUSTON_CHRISTIAN_WSOC,Houston Christian,2023,7,11,0,4,6,0,,https://hcuhuskies.com/sports/womens-soccer/schedule/2023,"Official 2023 schedule/results page, read 2026-10-09",official_university,yes,2026-10-09,
SLND_HOUSTON_CHRISTIAN_WSOC,Houston Christian,2024,5,9,5,3,4,3,,https://hcuhuskies.com/sports/womens-soccer/schedule/2024,"Official 2024 schedule/results page, read 2026-10-09",official_university,yes,2026-10-09,
SLND_HOUSTON_CHRISTIAN_WSOC,Houston Christian,2025,12,9,2,4,4,2,,https://hcuhuskies.com/sports/womens-soccer/schedule/2025,"Official 2025 schedule/results page, read 2026-10-09",official_university,yes,2026-10-09,
SLND_INCARNATE_WORD_WSOC,Incarnate Word,2023,6,8,2,3,6,1,,https://uiwcardinals.com/sports/womens-soccer/schedule/2023,"Official 2023 schedule/results page, read 2026-10-09",official_university,yes,2026-10-09,
SLND_INCARNATE_WORD_WSOC,Incarnate Word,2024,8,8,3,5,4,1,,https://uiwcardinals.com/sports/womens-soccer/schedule/2024,"Official 2024 schedule/results page, read 2026-10-09",official_university,yes,2026-10-09,
SLND_INCARNATE_WORD_WSOC,Incarnate Word,2025,4,8,4,2,5,3,,https://uiwcardinals.com/sports/womens-soccer/schedule/2025,"Official 2025 schedule/results page, read 2026-10-09",official_university,yes,2026-10-09,
SLND_LAMAR_WSOC,Lamar,2023,15,3,3,9,0,1,,https://lamarcardinals.com/sports/womens-soccer/schedule/2023,"Official 2023 schedule/results page, read 2026-10-09",official_university,yes,2026-10-09,
SLND_LAMAR_WSOC,Lamar,2024,5,8,6,3,3,4,,https://lamarcardinals.com/sports/womens-soccer/schedule/2024,"Official 2024 schedule/results page, read 2026-10-09",official_university,yes,2026-10-09,
SLND_LAMAR_WSOC,Lamar,2025,7,8,5,3,3,4,,https://lamarcardinals.com/sports/womens-soccer/schedule/2025,"Official 2025 schedule/results page, read 2026-10-09",official_university,yes,2026-10-09,
SLND_MCNEESE_WSOC,McNeese,2023,9,8,4,5,3,2,,https://mcneesesports.com/sports/womens-soccer/schedule/2023,"Official 2023 schedule/results page, read 2026-10-09",official_university,yes,2026-10-09,
SLND_MCNEESE_WSOC,McNeese,2024,4,14,1,1,8,1,,https://mcneesesports.com/sports/womens-soccer/schedule/2024,"Official 2024 schedule/results page, read 2026-10-09",official_university,yes,2026-10-09,
SLND_MCNEESE_WSOC,McNeese,2025,4,12,4,3,5,2,,https://mcneesesports.com/sports/womens-soccer/schedule/2025,"Official 2025 schedule/results page, read 2026-10-09",official_university,yes,2026-10-09,
SLND_NICHOLLS_WSOC,Nicholls,2023,1,17,1,0,9,1,,https://geauxcolonels.com/sports/womens-soccer/schedule/2023,"Official 2023 schedule/results page, read 2026-10-09",official_university,yes,2026-10-09,
SLND_NICHOLLS_WSOC,Nicholls,2024,2,13,1,0,10,0,,https://geauxcolonels.com/sports/womens-soccer/schedule/2024,"Official 2024 schedule/results page, read 2026-10-09",official_university,yes,2026-10-09,
SLND_NICHOLLS_WSOC,Nicholls,2025,4,9,5,1,5,4,,https://geauxcolonels.com/sports/womens-soccer/schedule/2025,"Official 2025 schedule/results page, read 2026-10-09",official_university,yes,2026-10-09,
SLND_NORTHWESTERN_STATE_WSOC,Northwestern State,2023,6,10,3,4,5,1,,https://nsudemons.com/sports/womens-soccer/schedule/2023,"Official 2023 schedule/results page, read 2026-10-09",official_university,yes,2026-10-09,
SLND_NORTHWESTERN_STATE_WSOC,Northwestern State,2024,11,8,2,6,3,1,,https://nsudemons.com/sports/womens-soccer/schedule/2024,"Official 2024 schedule/results page, read 2026-10-09",official_university,yes,2026-10-09,
SLND_NORTHWESTERN_STATE_WSOC,Northwestern State,2025,13,5,3,7,2,1,,https://nsudemons.com/sports/womens-soccer/schedule/2025,"Official 2025 schedule/results page, read 2026-10-09",official_university,yes,2026-10-09,
SLND_SOUTHEASTERN_LOUISIANA_WSOC,Southeastern Louisiana,2023,6,10,2,4,5,1,,https://lionsports.net/sports/womens-soccer/schedule/2023,"Official 2023 schedule/results page, read 2026-10-09",official_university,yes,2026-10-09,
SLND_SOUTHEASTERN_LOUISIANA_WSOC,Southeastern Louisiana,2024,6,9,2,5,4,1,,https://lionsports.net/sports/womens-soccer/schedule/2024,"Official 2024 schedule/results page, read 2026-10-09",official_university,yes,2026-10-09,
SLND_SOUTHEASTERN_LOUISIANA_WSOC,Southeastern Louisiana,2025,6,8,4,5,3,2,,https://lionsports.net/sports/womens-soccer/schedule/2025,"Official 2025 schedule/results page, read 2026-10-09",official_university,yes,2026-10-09,
SLND_STEPHEN_F_AUSTIN_WSOC,Stephen F. Austin,2023,2,14,2,1,6,2,,https://sfajacks.com/sports/womens-soccer/schedule/2023,"Official 2023 schedule/results page, read 2026-10-09",official_university,yes,2026-10-09,
SLND_STEPHEN_F_AUSTIN_WSOC,Stephen F. Austin,2024,14,4,2,8,2,0,,https://sfajacks.com/sports/womens-soccer/schedule/2024,"Official 2024 schedule/results page, read 2026-10-09",official_university,yes,2026-10-09,
SLND_STEPHEN_F_AUSTIN_WSOC,Stephen F. Austin,2025,8,4,10,5,1,4,,https://sfajacks.com/sports/womens-soccer/schedule/2025,"Official 2025 schedule/results page, read 2026-10-09",official_university,yes,2026-10-09,
SLND_TEXAS_A_AND_M_CORPUS_CHRISTI_WSOC,Texas A&M–Corpus Christi,2023,7,8,4,4,5,1,,https://goislanders.com/sports/womens-soccer/schedule/2023,"Official 2023 schedule/results page, read 2026-10-09",official_university,yes,2026-10-09,
SLND_TEXAS_A_AND_M_CORPUS_CHRISTI_WSOC,Texas A&M–Corpus Christi,2024,10,5,5,6,2,2,,https://goislanders.com/sports/womens-soccer/schedule/2024,"Official 2024 schedule/results page, read 2026-10-09",official_university,yes,2026-10-09,
SLND_TEXAS_A_AND_M_CORPUS_CHRISTI_WSOC,Texas A&M–Corpus Christi,2025,5,8,6,3,4,3,,https://goislanders.com/sports/womens-soccer/schedule/2025,"Official 2025 schedule/results page, read 2026-10-09",official_university,yes,2026-10-09,
SLND_UT_RIO_GRANDE_VALLEY_WSOC,UT Rio Grande Valley,2023,3,10,4,1,6,2,,https://goutrgv.com/sports/womens-soccer/schedule/2023,"Official 2023 schedule/results page, read 2026-10-09",official_university,yes,2026-10-09,
SLND_UT_RIO_GRANDE_VALLEY_WSOC,UT Rio Grande Valley,2024,7,7,5,3,3,4,,https://goutrgv.com/sports/womens-soccer/schedule/2024,"Official 2024 schedule/results page, read 2026-10-09",official_university,yes,2026-10-09,
SLND_UT_RIO_GRANDE_VALLEY_WSOC,UT Rio Grande Valley,2025,6,10,2,3,6,1,,https://goutrgv.com/sports/womens-soccer/schedule/2025,"Official 2025 schedule/results page, read 2026-10-09",official_university,yes,2026-10-09,
SWAC_ALABAMA_A_AND_M_WSOC,Alabama A&M,2023,3,16,0,3,6,0,,https://aamusports.com/sports/womens-soccer/schedule/2023,"Official 2023 schedule/results page, read 2026-10-09",official_university,yes,2026-10-09,
SWAC_ALABAMA_A_AND_M_WSOC,Alabama A&M,2024,7,11,1,4,3,1,,https://aamusports.com/sports/womens-soccer/schedule/2024,"Official 2024 schedule/results page, read 2026-10-09",official_university,yes,2026-10-09,
SWAC_ALABAMA_A_AND_M_WSOC,Alabama A&M,2025,9,9,1,5,2,1,,https://aamusports.com/sports/womens-soccer/schedule/2025,"Official 2025 schedule/results page, read 2026-10-09",official_university,yes,2026-10-09,
SWAC_ALABAMA_STATE_WSOC,Alabama State,2023,2,12,3,1,6,2,,https://bamastatesports.com/sports/womens-soccer/schedule/2023,"Official 2023 schedule/results page, read 2026-10-09",official_university,yes,2026-10-09,
SWAC_ALABAMA_STATE_WSOC,Alabama State,2024,5,8,3,2,3,3,,https://bamastatesports.com/sports/womens-soccer/schedule/2024,"Official 2024 schedule/results page, read 2026-10-09",official_university,yes,2026-10-09,
SWAC_ALABAMA_STATE_WSOC,Alabama State,2025,2,17,1,1,7,0,,https://bamastatesports.com/sports/womens-soccer/schedule/2025,"Official 2025 schedule/results page, read 2026-10-09",official_university,yes,2026-10-09,
SWAC_ALCORN_STATE_WSOC,Alcorn State,2023,5,11,1,3,5,1,,https://alcornsports.com/sports/womens-soccer/schedule/2023,"Official 2023 schedule/results page, read 2026-10-09",official_university,yes,2026-10-09,
SWAC_ALCORN_STATE_WSOC,Alcorn State,2025,5,8,4,3,3,2,,https://alcornsports.com/sports/womens-soccer/schedule/2025,"Official 2025 schedule/results page, read 2026-10-09",official_university,yes,2026-10-09,
SWAC_ARKANSAS_PINE_BLUFF_WSOC,Arkansas–Pine Bluff,2023,9,11,1,4,5,0,,https://uapblionsroar.com/sports/womens-soccer/schedule/2023,"Official 2023 schedule/results page, read 2026-10-09",official_university,yes,2026-10-09,
SWAC_ARKANSAS_PINE_BLUFF_WSOC,Arkansas–Pine Bluff,2024,1,12,2,0,7,1,,https://uapblionsroar.com/sports/womens-soccer/schedule/2024,"Official 2024 schedule/results page, read 2026-10-09",official_university,yes,2026-10-09,
SWAC_ARKANSAS_PINE_BLUFF_WSOC,Arkansas–Pine Bluff,2025,1,13,0,0,8,0,,https://uapblionsroar.com/sports/womens-soccer/schedule/2025,"Official 2025 schedule/results page, read 2026-10-09",official_university,yes,2026-10-09,
SWAC_GRAMBLING_STATE_WSOC,Grambling State,2023,15,5,4,8,0,1,,https://gsutigers.com/sports/womens-soccer/schedule/2023,"Official 2023 schedule/results page, read 2026-10-09",official_university,yes,2026-10-09,
SWAC_GRAMBLING_STATE_WSOC,Grambling State,2024,9,8,4,6,2,0,,https://gsutigers.com/sports/womens-soccer/schedule/2024,"Official 2024 schedule/results page, read 2026-10-09",official_university,yes,2026-10-09,
SWAC_GRAMBLING_STATE_WSOC,Grambling State,2025,11,7,5,5,0,3,,https://gsutigers.com/sports/womens-soccer/schedule/2025,"Official 2025 schedule/results page, read 2026-10-09",official_university,yes,2026-10-09,
SWAC_JACKSON_STATE_WSOC,Jackson State,2023,10,10,0,7,2,0,,https://gojsutigers.com/sports/womens-soccer/schedule/2023,"Official 2023 schedule/results page, read 2026-10-09",official_university,yes,2026-10-09,
SWAC_JACKSON_STATE_WSOC,Jackson State,2024,2,9,5,2,2,4,,https://gojsutigers.com/sports/womens-soccer/schedule/2024,"Official 2024 schedule/results page, read 2026-10-09",official_university,yes,2026-10-09,
SWAC_JACKSON_STATE_WSOC,Jackson State,2025,9,7,3,6,1,1,,https://gojsutigers.com/sports/womens-soccer/schedule/2025,"Official 2025 schedule/results page, read 2026-10-09",official_university,yes,2026-10-09,
SWAC_PRAIRIE_VIEW_A_AND_M_WSOC,Prairie View A&M,2023,3,12,1,3,5,1,,https://pvpanthers.com/sports/womens-soccer/schedule/2023,"Official 2023 schedule/results page, read 2026-10-09",official_university,yes,2026-10-09,
SWAC_PRAIRIE_VIEW_A_AND_M_WSOC,Prairie View A&M,2024,1,12,4,0,4,4,,https://pvpanthers.com/sports/womens-soccer/schedule/2024,"Official 2024 schedule/results page, read 2026-10-09",official_university,yes,2026-10-09,
SWAC_PRAIRIE_VIEW_A_AND_M_WSOC,Prairie View A&M,2025,5,11,2,4,3,1,,https://pvpanthers.com/sports/womens-soccer/schedule/2025,"Official 2025 schedule/results page, read 2026-10-09",official_university,yes,2026-10-09,
SWAC_SOUTHERN_WSOC,Southern,2023,8,6,4,5,1,3,,https://gojagsports.com/sports/womens-soccer/schedule/2023,"Official 2023 schedule/results page, read 2026-10-09",official_university,yes,2026-10-09,
SWAC_SOUTHERN_WSOC,Southern,2024,9,10,2,5,1,2,,https://gojagsports.com/sports/womens-soccer/schedule/2024,"Official 2024 schedule/results page, read 2026-10-09",official_university,yes,2026-10-09,
SWAC_SOUTHERN_WSOC,Southern,2025,3,12,1,2,5,1,,https://gojagsports.com/sports/womens-soccer/schedule/2025,"Official 2025 schedule/results page, read 2026-10-09",official_university,yes,2026-10-09,
SWAC_TEXAS_SOUTHERN_WSOC,Texas Southern,2023,7,13,1,5,3,1,,https://tsusports.com/sports/womens-soccer/schedule/2023,"Official 2023 schedule/results page, read 2026-10-09",official_university,yes,2026-10-09,
SWAC_TEXAS_SOUTHERN_WSOC,Texas Southern,2024,9,9,2,6,1,1,,https://tsusports.com/sports/womens-soccer/schedule/2024,"Official 2024 schedule/results page, read 2026-10-09",official_university,yes,2026-10-09,
SWAC_TEXAS_SOUTHERN_WSOC,Texas Southern,2025,8,7,4,5,2,1,,https://tsusports.com/sports/womens-soccer/schedule/2025,"Official 2025 schedule/results page, read 2026-10-09",official_university,yes,2026-10-09,
SUM_KANSAS_CITY_WSOC,Kansas City,2023,3,7,8,2,3,3,,https://kcroos.com/sports/womens-soccer/schedule/2023,"Official 2023 schedule/results page, read 2026-10-09",official_university,yes,2026-10-09,
SUM_KANSAS_CITY_WSOC,Kansas City,2024,7,8,3,1,7,0,,https://kcroos.com/sports/womens-soccer/schedule/2024,"Official 2024 schedule/results page, read 2026-10-09",official_university,yes,2026-10-09,
SUM_KANSAS_CITY_WSOC,Kansas City,2025,9,8,3,3,3,2,,https://kcroos.com/sports/womens-soccer/schedule/2025,"Official 2025 schedule/results page, read 2026-10-09",official_university,yes,2026-10-09,
SUM_NORTH_DAKOTA_WSOC,North Dakota,2023,5,7,6,1,3,4,,https://fightinghawks.com/sports/womens-soccer/schedule/2023,"Official 2023 schedule/results page, read 2026-10-09",official_university,yes,2026-10-09,
SUM_NORTH_DAKOTA_WSOC,North Dakota,2024,4,8,6,0,4,4,,https://fightinghawks.com/sports/womens-soccer/schedule/2024,"Official 2024 schedule/results page, read 2026-10-09",official_university,yes,2026-10-09,
SUM_NORTH_DAKOTA_WSOC,North Dakota,2025,8,7,3,2,4,2,,https://fightinghawks.com/sports/womens-soccer/schedule/2025,"Official 2025 schedule/results page, read 2026-10-09",official_university,yes,2026-10-09,
SUM_NORTH_DAKOTA_STATE_WSOC,North Dakota State,2023,5,6,6,1,3,4,,https://gobison.com/sports/womens-soccer/schedule/2023,"Official 2023 schedule/results page, read 2026-10-09",official_university,yes,2026-10-09,
SUM_NORTH_DAKOTA_STATE_WSOC,North Dakota State,2024,10,5,4,6,1,1,,https://gobison.com/sports/womens-soccer/schedule/2024,"Official 2024 schedule/results page, read 2026-10-09",official_university,yes,2026-10-09,
SUM_NORTH_DAKOTA_STATE_WSOC,North Dakota State,2025,5,12,1,1,6,1,,https://gobison.com/sports/womens-soccer/schedule/2025,"Official 2025 schedule/results page, read 2026-10-09",official_university,yes,2026-10-09,
SUM_OMAHA_WSOC,Omaha,2023,7,5,7,3,1,4,,https://omahamavs.com/sports/womens-soccer/schedule/2023,"Official 2023 schedule/results page, read 2026-10-09",official_university,yes,2026-10-09,
SUM_OMAHA_WSOC,Omaha,2024,10,3,5,4,1,3,,https://omahamavs.com/sports/womens-soccer/schedule/2024,"Official 2024 schedule/results page, read 2026-10-09",official_university,yes,2026-10-09,
SUM_OMAHA_WSOC,Omaha,2025,6,9,4,3,4,1,,https://omahamavs.com/sports/womens-soccer/schedule/2025,"Official 2025 schedule/results page, read 2026-10-09",official_university,yes,2026-10-09,
SUM_ORAL_ROBERTS_WSOC,Oral Roberts,2023,8,7,4,4,3,1,,https://oruathletics.com/sports/womens-soccer/schedule/2023,"Official 2023 schedule/results page, read 2026-10-09",official_university,yes,2026-10-09,
SUM_ORAL_ROBERTS_WSOC,Oral Roberts,2024,9,8,5,3,2,3,,https://oruathletics.com/sports/womens-soccer/schedule/2024,"Official 2024 schedule/results page, read 2026-10-09",official_university,yes,2026-10-09,
SUM_ORAL_ROBERTS_WSOC,Oral Roberts,2025,13,5,2,6,1,1,,https://oruathletics.com/sports/womens-soccer/schedule/2025,"Official 2025 schedule/results page, read 2026-10-09",official_university,yes,2026-10-09,
SUM_SOUTH_DAKOTA_WSOC,South Dakota,2023,7,7,4,3,4,1,,https://goyotes.com/sports/womens-soccer/schedule/2023,"Official 2023 schedule/results page, read 2026-10-09",official_university,yes,2026-10-09,
SUM_SOUTH_DAKOTA_WSOC,South Dakota,2024,3,9,6,1,3,4,,https://goyotes.com/sports/womens-soccer/schedule/2024,"Official 2024 schedule/results page, read 2026-10-09",official_university,yes,2026-10-09,
SUM_SOUTH_DAKOTA_WSOC,South Dakota,2025,7,6,6,3,3,2,,https://goyotes.com/sports/womens-soccer/schedule/2025,"Official 2025 schedule/results page, read 2026-10-09",official_university,yes,2026-10-09,
SUM_SOUTH_DAKOTA_STATE_WSOC,South Dakota State,2023,13,4,3,4,1,3,,https://gojacks.com/sports/womens-soccer/schedule/2023,"Official 2023 schedule/results page, read 2026-10-09",official_university,yes,2026-10-09,
SUM_SOUTH_DAKOTA_STATE_WSOC,South Dakota State,2024,15,5,2,5,2,1,,https://gojacks.com/sports/womens-soccer/schedule/2024,"Official 2024 schedule/results page, read 2026-10-09",official_university,yes,2026-10-09,
SUM_SOUTH_DAKOTA_STATE_WSOC,South Dakota State,2025,13,3,6,4,1,3,,https://gojacks.com/sports/womens-soccer/schedule/2025,"Official 2025 schedule/results page, read 2026-10-09",official_university,yes,2026-10-09,
SB_APPALACHIAN_STATE_WSOC,Appalachian State,2023,9,6,3,6,2,2,,https://appstatesports.com/sports/womens-soccer/schedule/2023,"Official 2023 schedule/results page, read 2026-10-09",official_university,yes,2026-10-09,
SB_APPALACHIAN_STATE_WSOC,Appalachian State,2024,7,7,5,4,3,3,,https://appstatesports.com/sports/womens-soccer/schedule/2024,"Official 2024 schedule/results page, read 2026-10-09",official_university,yes,2026-10-09,
SB_APPALACHIAN_STATE_WSOC,Appalachian State,2025,7,7,3,3,4,3,,https://appstatesports.com/sports/womens-soccer/schedule/2025,"Official 2025 schedule/results page, read 2026-10-09",official_university,yes,2026-10-09,
SB_ARKANSAS_STATE_WSOC,Arkansas State,2023,4,8,4,2,5,3,,https://astateredwolves.com/sports/womens-soccer/schedule/2023,"Official 2023 schedule/results page, read 2026-10-09",official_university,yes,2026-10-09,
SB_ARKANSAS_STATE_WSOC,Arkansas State,2024,4,6,6,1,5,4,,https://astateredwolves.com/sports/womens-soccer/schedule/2024,"Official 2024 schedule/results page, read 2026-10-09",official_university,yes,2026-10-09,
SB_ARKANSAS_STATE_WSOC,Arkansas State,2025,4,7,4,2,6,2,,https://astateredwolves.com/sports/womens-soccer/schedule/2025,"Official 2025 schedule/results page, read 2026-10-09",official_university,yes,2026-10-09,
SB_COASTAL_CAROLINA_WSOC,Coastal Carolina,2023,3,12,2,0,8,2,,https://goccusports.com/sports/womens-soccer/schedule/2023,"Official 2023 schedule/results page, read 2026-10-09",official_university,yes,2026-10-09,
SB_COASTAL_CAROLINA_WSOC,Coastal Carolina,2024,8,7,6,3,3,4,,https://goccusports.com/sports/womens-soccer/schedule/2024,"Official 2024 schedule/results page, read 2026-10-09",official_university,yes,2026-10-09,
SB_COASTAL_CAROLINA_WSOC,Coastal Carolina,2025,3,5,8,0,2,8,,https://goccusports.com/sports/womens-soccer/schedule/2025,"Official 2025 schedule/results page, read 2026-10-09",official_university,yes,2026-10-09,
SB_GEORGIA_SOUTHERN_WSOC,Georgia Southern,2023,12,6,1,7,3,0,,https://gseagles.com/sports/womens-soccer/schedule/2023,"Official 2023 schedule/results page, read 2026-10-09",official_university,yes,2026-10-09,
SB_GEORGIA_SOUTHERN_WSOC,Georgia Southern,2024,6,11,2,3,6,1,,https://gseagles.com/sports/womens-soccer/schedule/2024,"Official 2024 schedule/results page, read 2026-10-09",official_university,yes,2026-10-09,
SB_GEORGIA_SOUTHERN_WSOC,Georgia Southern,2025,2,10,6,0,5,5,,https://gseagles.com/sports/womens-soccer/schedule/2025,"Official 2025 schedule/results page, read 2026-10-09",official_university,yes,2026-10-09,
SB_GEORGIA_STATE_WSOC,Georgia State,2023,9,5,6,4,3,3,,https://georgiastatesports.com/sports/womens-soccer/schedule/2023,"Official 2023 schedule/results page, read 2026-10-09",official_university,yes,2026-10-09,
SB_GEORGIA_STATE_WSOC,Georgia State,2024,5,7,7,4,2,4,,https://georgiastatesports.com/sports/womens-soccer/schedule/2024,"Official 2024 schedule/results page, read 2026-10-09",official_university,yes,2026-10-09,
SB_GEORGIA_STATE_WSOC,Georgia State,2025,9,8,2,5,4,1,,https://georgiastatesports.com/sports/womens-soccer/schedule/2025,"Official 2025 schedule/results page, read 2026-10-09",official_university,yes,2026-10-09,
SB_JAMES_MADISON_WSOC,James Madison,2023,9,5,8,4,1,5,,https://jmusports.com/sports/womens-soccer/schedule/2023,"Official 2023 schedule/results page, read 2026-10-09",official_university,yes,2026-10-09,
SB_JAMES_MADISON_WSOC,James Madison,2024,12,4,5,8,0,2,,https://jmusports.com/sports/womens-soccer/schedule/2024,"Official 2024 schedule/results page, read 2026-10-09",official_university,yes,2026-10-09,
SB_JAMES_MADISON_WSOC,James Madison,2025,9,4,6,5,2,3,,https://jmusports.com/sports/womens-soccer/schedule/2025,"Official 2025 schedule/results page, read 2026-10-09",official_university,yes,2026-10-09,
SB_LOUISIANA_WSOC,Louisiana,2023,7,9,2,4,6,0,,https://ragincajuns.com/sports/womens-soccer/schedule/2023,"Official 2023 schedule/results page, read 2026-10-09",official_university,yes,2026-10-09,
SB_LOUISIANA_WSOC,Louisiana,2024,7,5,8,2,4,4,,https://ragincajuns.com/sports/womens-soccer/schedule/2024,"Official 2024 schedule/results page, read 2026-10-09",official_university,yes,2026-10-09,
SB_LOUISIANA_WSOC,Louisiana,2025,7,6,5,4,3,3,,https://ragincajuns.com/sports/womens-soccer/schedule/2025,"Official 2025 schedule/results page, read 2026-10-09",official_university,yes,2026-10-09,
SB_LOUISIANA_TECH_WSOC,Louisiana Tech,2023,6,11,3,2,4,2,,https://latechsports.com/sports/womens-soccer/schedule/2023,"Official 2023 schedule/results page, read 2026-10-09",official_university,yes,2026-10-09,
SB_LOUISIANA_TECH_WSOC,Louisiana Tech,2024,2,10,5,0,7,2,,https://latechsports.com/sports/womens-soccer/schedule/2024,"Official 2024 schedule/results page, read 2026-10-09",official_university,yes,2026-10-09,
SB_LOUISIANA_TECH_WSOC,Louisiana Tech,2025,4,13,2,3,4,1,,https://latechsports.com/sports/womens-soccer/schedule/2025,"Official 2025 schedule/results page, read 2026-10-09",official_university,yes,2026-10-09,
SB_LOUISIANA_MONROE_WSOC,Louisiana–Monroe,2023,9,2,8,4,1,5,,https://ulmwarhawks.com/sports/womens-soccer/schedule/2023,"Official 2023 schedule/results page, read 2026-10-09",official_university,yes,2026-10-09,
SB_LOUISIANA_MONROE_WSOC,Louisiana–Monroe,2024,9,8,3,3,5,2,,https://ulmwarhawks.com/sports/womens-soccer/schedule/2024,"Official 2024 schedule/results page, read 2026-10-09",official_university,yes,2026-10-09,
SB_LOUISIANA_MONROE_WSOC,Louisiana–Monroe,2025,13,3,4,6,0,4,,https://ulmwarhawks.com/sports/womens-soccer/schedule/2025,"Official 2025 schedule/results page, read 2026-10-09",official_university,yes,2026-10-09,
SB_MARSHALL_WSOC,Marshall,2023,7,9,1,2,8,0,,https://herdzone.com/sports/womens-soccer/schedule/2023,"Official 2023 schedule/results page, read 2026-10-09",official_university,yes,2026-10-09,
SB_MARSHALL_WSOC,Marshall,2024,3,8,5,1,5,4,,https://herdzone.com/sports/womens-soccer/schedule/2024,"Official 2024 schedule/results page, read 2026-10-09",official_university,yes,2026-10-09,
SB_MARSHALL_WSOC,Marshall,2025,8,5,4,4,2,4,,https://herdzone.com/sports/womens-soccer/schedule/2025,"Official 2025 schedule/results page, read 2026-10-09",official_university,yes,2026-10-09,
SB_OLD_DOMINION_WSOC,Old Dominion,2023,13,3,5,5,2,3,,https://odusports.com/sports/womens-soccer/schedule/season/2023,"Official 2023 schedule/results page, read 2026-10-09",official_university,yes,2026-10-09,
SB_OLD_DOMINION_WSOC,Old Dominion,2024,10,6,4,5,2,3,,https://odusports.com/sports/womens-soccer/schedule/season/2024,"Official 2024 schedule/results page, read 2026-10-09",official_university,yes,2026-10-09,
SB_OLD_DOMINION_WSOC,Old Dominion,2025,11,3,4,6,1,3,,https://odusports.com/sports/womens-soccer/schedule/season/2025,"Official 2025 schedule/results page, read 2026-10-09",official_university,yes,2026-10-09,
SB_SOUTH_ALABAMA_WSOC,South Alabama,2023,16,1,3,8,0,2,,https://usajaguars.com/sports/womens-soccer/schedule/2023,"Official 2023 schedule/results page, read 2026-10-09",official_university,yes,2026-10-09,
SB_SOUTH_ALABAMA_WSOC,South Alabama,2024,10,6,3,5,2,3,,https://usajaguars.com/sports/womens-soccer/schedule/2024,"Official 2024 schedule/results page, read 2026-10-09",official_university,yes,2026-10-09,
SB_SOUTH_ALABAMA_WSOC,South Alabama,2025,10,4,4,6,1,3,,https://usajaguars.com/sports/womens-soccer/schedule/2025,"Official 2025 schedule/results page, read 2026-10-09",official_university,yes,2026-10-09,
SB_SOUTHERN_MISS_WSOC,Southern Miss,2023,6,9,3,3,4,3,,https://southernmiss.com/sports/womens-soccer/schedule/2023,"Official 2023 schedule/results page, read 2026-10-09",official_university,yes,2026-10-09,
SB_SOUTHERN_MISS_WSOC,Southern Miss,2024,3,7,5,2,3,5,,https://southernmiss.com/sports/womens-soccer/schedule/2024,"Official 2024 schedule/results page, read 2026-10-09",official_university,yes,2026-10-09,
SB_SOUTHERN_MISS_WSOC,Southern Miss,2025,2,14,1,1,9,0,,https://southernmiss.com/sports/womens-soccer/schedule/2025,"Official 2025 schedule/results page, read 2026-10-09",official_university,yes,2026-10-09,
SB_TROY_WSOC,Troy,2023,6,10,2,1,7,2,,https://troytrojans.com/sports/womens-soccer/schedule/2023,"Official 2023 schedule/results page, read 2026-10-09",official_university,yes,2026-10-09,
SB_TROY_WSOC,Troy,2024,5,9,3,1,7,2,,https://troytrojans.com/sports/womens-soccer/schedule/2024,"Official 2024 schedule/results page, read 2026-10-09",official_university,yes,2026-10-09,
SB_TROY_WSOC,Troy,2025,5,9,3,0,7,3,,https://troytrojans.com/sports/womens-soccer/schedule/2025,"Official 2025 schedule/results page, read 2026-10-09",official_university,yes,2026-10-09,
UAC_ABILENE_CHRISTIAN_WSOC,Abilene Christian,2023,7,9,2,2,6,1,,https://acusports.com/sports/womens-soccer/schedule/2023,"Official 2023 schedule/results page, read 2026-10-09",official_university,yes,2026-10-09,
UAC_ABILENE_CHRISTIAN_WSOC,Abilene Christian,2024,2,7,8,0,5,2,,https://acusports.com/sports/womens-soccer/schedule/2024,"Official 2024 schedule/results page, read 2026-10-09",official_university,yes,2026-10-09,
UAC_ABILENE_CHRISTIAN_WSOC,Abilene Christian,2025,6,11,3,2,5,3,,https://acusports.com/sports/womens-soccer/schedule/2025,"Official 2025 schedule/results page, read 2026-10-09",official_university,yes,2026-10-09,
UAC_AUSTIN_PEAY_WSOC,Austin Peay,2023,5,11,5,3,5,3,,https://letsgopeay.com/sports/womens-soccer/schedule/2023,"Official 2023 schedule/results page, read 2026-10-09",official_university,yes,2026-10-09,
UAC_AUSTIN_PEAY_WSOC,Austin Peay,2024,7,6,6,5,3,3,,https://letsgopeay.com/sports/womens-soccer/schedule/2024,"Official 2024 schedule/results page, read 2026-10-09",official_university,yes,2026-10-09,
UAC_AUSTIN_PEAY_WSOC,Austin Peay,2025,0,11,7,0,6,4,,https://letsgopeay.com/sports/womens-soccer/schedule/2025,"Official 2025 schedule/results page, read 2026-10-09",official_university,yes,2026-10-09,
UAC_CENTRAL_ARKANSAS_WSOC,Central Arkansas,2023,8,7,5,7,1,3,,https://ucasports.com/sports/womens-soccer/schedule/2023,"Official 2023 schedule/results page, read 2026-10-09",official_university,yes,2026-10-09,
UAC_CENTRAL_ARKANSAS_WSOC,Central Arkansas,2024,9,7,2,8,1,2,,https://ucasports.com/sports/womens-soccer/schedule/2024,"Official 2024 schedule/results page, read 2026-10-09",official_university,yes,2026-10-09,
UAC_CENTRAL_ARKANSAS_WSOC,Central Arkansas,2025,6,9,2,3,5,2,,https://ucasports.com/sports/womens-soccer/schedule/2025,"Official 2025 schedule/results page, read 2026-10-09",official_university,yes,2026-10-09,
UAC_EASTERN_KENTUCKY_WSOC,Eastern Kentucky,2023,5,8,6,4,3,4,,https://ekusports.com/sports/womens-soccer/schedule/2023,"Official 2023 schedule/results page, read 2026-10-09",official_university,yes,2026-10-09,
UAC_EASTERN_KENTUCKY_WSOC,Eastern Kentucky,2024,12,8,3,7,3,1,,https://ekusports.com/sports/womens-soccer/schedule/2024,"Official 2024 schedule/results page, read 2026-10-09",official_university,yes,2026-10-09,
UAC_EASTERN_KENTUCKY_WSOC,Eastern Kentucky,2025,10,4,5,5,2,3,,https://ekusports.com/sports/womens-soccer/schedule/2025,"Official 2025 schedule/results page, read 2026-10-09",official_university,yes,2026-10-09,
UAC_LITTLE_ROCK_WSOC,Little Rock,2023,7,5,8,2,3,4,,https://lrtrojans.com/sports/womens-soccer/schedule/season/2023,"Official 2023 schedule/results page, read 2026-10-09",official_university,yes,2026-10-09,
UAC_LITTLE_ROCK_WSOC,Little Rock,2024,7,7,5,4,1,4,,https://lrtrojans.com/sports/womens-soccer/schedule/season/2024,"Official 2024 schedule/results page, read 2026-10-09",official_university,yes,2026-10-09,
UAC_LITTLE_ROCK_WSOC,Little Rock,2025,7,4,6,5,0,4,,https://lrtrojans.com/sports/womens-soccer/schedule/season/2025,"Official 2025 schedule/results page, read 2026-10-09",official_university,yes,2026-10-09,
UAC_NORTH_ALABAMA_WSOC,North Alabama,2023,11,5,6,5,3,3,,https://roarlions.com/sports/womens-soccer/schedule/2023,"Official 2023 schedule/results page, read 2026-10-09",official_university,yes,2026-10-09,
UAC_NORTH_ALABAMA_WSOC,North Alabama,2024,3,14,0,1,10,0,,https://roarlions.com/sports/womens-soccer/schedule/2024,"Official 2024 schedule/results page, read 2026-10-09",official_university,yes,2026-10-09,
UAC_NORTH_ALABAMA_WSOC,North Alabama,2025,8,5,6,4,3,3,,https://roarlions.com/sports/womens-soccer/schedule/2025,"Official 2025 schedule/results page, read 2026-10-09",official_university,yes,2026-10-09,
WCC_DENVER_WSOC,Denver,2023,9,2,7,5,1,2,,https://denverpioneers.com/sports/womens-soccer/schedule/2023,"Official 2023 schedule/results page, read 2026-10-09",official_university,yes,2026-10-09,
WCC_DENVER_WSOC,Denver,2024,11,6,2,5,1,2,,https://denverpioneers.com/sports/womens-soccer/schedule/2024,"Official 2024 schedule/results page, read 2026-10-09",official_university,yes,2026-10-09,
WCC_DENVER_WSOC,Denver,2025,9,5,4,6,1,1,,https://denverpioneers.com/sports/womens-soccer/schedule/2025,"Official 2025 schedule/results page, read 2026-10-09",official_university,yes,2026-10-09,
WCC_PACIFIC_WSOC,Pacific,2023,9,9,1,3,5,0,,https://pacifictigers.com/sports/womens-soccer/schedule/2023,"Official 2023 schedule/results page, read 2026-10-09",official_university,yes,2026-10-09,
WCC_PACIFIC_WSOC,Pacific,2024,2,17,1,0,10,0,,https://pacifictigers.com/sports/womens-soccer/schedule/2024,"Official 2024 schedule/results page, read 2026-10-09",official_university,yes,2026-10-09,
WCC_PACIFIC_WSOC,Pacific,2025,4,9,6,1,6,4,,https://pacifictigers.com/sports/womens-soccer/schedule/2025,"Official 2025 schedule/results page, read 2026-10-09",official_university,yes,2026-10-09,
WCC_PEPPERDINE_WSOC,Pepperdine,2023,9,5,5,6,2,0,,https://pepperdinewaves.com/sports/womens-soccer/schedule/2023,"Official 2023 schedule/results page, read 2026-10-09",official_university,yes,2026-10-09,
WCC_PEPPERDINE_WSOC,Pepperdine,2024,12,4,5,6,1,3,,https://pepperdinewaves.com/sports/womens-soccer/schedule/2024,"Official 2024 schedule/results page, read 2026-10-09",official_university,yes,2026-10-09,
WCC_PEPPERDINE_WSOC,Pepperdine,2025,11,7,2,8,2,1,,https://pepperdinewaves.com/sports/womens-soccer/schedule/2025,"Official 2025 schedule/results page, read 2026-10-09",official_university,yes,2026-10-09,
WCC_PORTLAND_WSOC,Portland,2023,10,4,3,4,3,1,,https://portlandpilots.com/sports/womens-soccer/schedule/2023,"Official 2023 schedule/results page, read 2026-10-09",official_university,yes,2026-10-09,
WCC_PORTLAND_WSOC,Portland,2024,9,5,6,4,3,3,,https://portlandpilots.com/sports/womens-soccer/schedule/2024,"Official 2024 schedule/results page, read 2026-10-09",official_university,yes,2026-10-09,
WCC_PORTLAND_WSOC,Portland,2025,10,3,6,7,1,3,,https://portlandpilots.com/sports/womens-soccer/schedule/2025,"Official 2025 schedule/results page, read 2026-10-09",official_university,yes,2026-10-09,
WCC_SAINT_MARY_S_WSOC,Saint Mary's,2023,10,5,3,4,3,1,,https://smcgaels.com/sports/womens-soccer/schedule/2023,"Official 2023 schedule/results page, read 2026-10-09",official_university,yes,2026-10-09,
WCC_SAINT_MARY_S_WSOC,Saint Mary's,2024,7,7,4,4,3,3,,https://smcgaels.com/sports/womens-soccer/schedule/2024,"Official 2024 schedule/results page, read 2026-10-09",official_university,yes,2026-10-09,
WCC_SAINT_MARY_S_WSOC,Saint Mary's,2025,12,2,4,7,1,3,,https://smcgaels.com/sports/womens-soccer/schedule/2025,"Official 2025 schedule/results page, read 2026-10-09",official_university,yes,2026-10-09,
WCC_SAN_DIEGO_WSOC,San Diego,2023,1,15,2,0,7,1,,https://usdtoreros.com/sports/womens-soccer/schedule/2023,"Official 2023 schedule/results page, read 2026-10-09",official_university,yes,2026-10-09,
WCC_SAN_DIEGO_WSOC,San Diego,2024,3,11,5,1,7,2,,https://usdtoreros.com/sports/womens-soccer/schedule/2024,"Official 2024 schedule/results page, read 2026-10-09",official_university,yes,2026-10-09,
WCC_SAN_DIEGO_WSOC,San Diego,2025,4,7,7,1,7,3,,https://usdtoreros.com/sports/womens-soccer/schedule/2025,"Official 2025 schedule/results page, read 2026-10-09",official_university,yes,2026-10-09,
WCC_SAN_FRANCISCO_WSOC,San Francisco,2023,6,9,3,3,4,1,,https://usfdons.com/sports/womens-soccer/schedule/2023,"Official 2023 schedule/results page, read 2026-10-09",official_university,yes,2026-10-09,
WCC_SAN_FRANCISCO_WSOC,San Francisco,2024,5,11,2,1,7,2,,https://usfdons.com/sports/womens-soccer/schedule/2024,"Official 2024 schedule/results page, read 2026-10-09",official_university,yes,2026-10-09,
WCC_SAN_FRANCISCO_WSOC,San Francisco,2025,3,11,4,2,7,2,,https://usfdons.com/sports/womens-soccer/schedule/2025,"Official 2025 schedule/results page, read 2026-10-09",official_university,yes,2026-10-09,
WCC_SANTA_CLARA_WSOC,Santa Clara,2023,14,5,2,6,2,0,,https://santaclarabroncos.com/sports/womens-soccer/schedule/2023,"Official 2023 schedule/results page, read 2026-10-09",official_university,yes,2026-10-09,
WCC_SANTA_CLARA_WSOC,Santa Clara,2024,13,4,4,6,1,3,,https://santaclarabroncos.com/sports/womens-soccer/schedule/2024,"Official 2024 schedule/results page, read 2026-10-09",official_university,yes,2026-10-09,
WCC_SANTA_CLARA_WSOC,Santa Clara,2025,8,6,5,4,2,5,,https://santaclarabroncos.com/sports/womens-soccer/schedule/2025,"Official 2025 schedule/results page, read 2026-10-09",official_university,yes,2026-10-09,
WCC_SEATTLE_WSOC,Seattle,2023,10,9,2,6,2,1,,https://goseattleu.com/sports/womens-soccer/schedule/season/2023,"Official 2023 schedule/results page, read 2026-10-09",official_university,yes,2026-10-09,
WCC_SEATTLE_WSOC,Seattle,2024,10,3,6,4,1,2,,https://goseattleu.com/sports/womens-soccer/schedule/season/2024,"Official 2024 schedule/results page, read 2026-10-09",official_university,yes,2026-10-09,
WCC_SEATTLE_WSOC,Seattle,2025,10,3,6,6,3,2,,https://goseattleu.com/sports/womens-soccer/schedule/season/2025,"Official 2025 schedule/results page, read 2026-10-09",official_university,yes,2026-10-09,
